anchor_key,citation,found_in_snapshot,expected_doi,openalex_id,doi,title,year,publication_date,type,venue,venue_type,cited_by_count,authors,n_authors,themes_loose,themes_strict,status,summary,abstract
paolo_2024_nature,"Paolo et al. 2024, Nature, Satellite mapping reveals extensive industrial activity at sea",True,10.1038/s41586-023-06825-8,W6977075579,10.6084/m9.figshare.24309475,Satellite mapping reveals extensive industrial activity at sea - analysis data,2024,2024-01-01,article,Figshare,repository,0,"Paolo, Fernando; Kroodsma, David; Davis, Pete; Hochberg, Tim",4,sar_ship_detection;sar_ais_fusion,sar_ship_detection;sar_ais_fusion,merged into W6902286902 (preprint/published pair),,"NOTE: For updated data to present time head over to https://globalfishingwatch.org/data-download/datasets/public-sar-vessel-detections:v20231026 (industrial vessels) and https://globalfishingwatch.org/data-download/datasets/public-fixed-infrastructure:v1.1 (offshore infrastructure). Data repository for the paper ""Satellite mapping reveals extensive industrial activity at sea (Paolo et al. 2024, Nature)"". See README.md for description of each file. Here we present a detailed global map of major industrial activities at sea. To detect and characterize vessels and offshore infrastructure in coastal waters around the globe, we analyzed 2 petabytes of satellite imagery spanning 2017–2021, with our analyses covering over 15% of the ocean (Extended Data Figure 1) where more than 75% of industrial activity is concentrated (see Methods). We designed and trained three deep convolutional neural networks to identify objects (>97% accuracy) and estimate their lengths (0.84 R2); to classify offshore infrastructure into oil, wind, and other objects (>98% accuracy); and to classify vessels as fishing or non-fishing (>90% accuracy). Combined, we classified over 67 million image tiles, including dual-polarization synthetic-aperture radar (SAR) imagery from Sentinel-1 and optical (red, green, blue, and near infrared) imagery from Sentinel-2. The resolution of SAR allows us to capture the majority of objects larger than 15 meters (detection rate of >70% for 25 m vessels, and >90% for 50 m and larger, Extended Data Figure 2). We also analyzed 53 billion vessel GPS positions from AIS and matched them to the satellite detections to determine whether a detected vessel was publicly tracked."
paolo_2024_nature,"Paolo et al. 2024, Nature, Satellite mapping reveals extensive industrial activity at sea",True,10.1038/s41586-023-06825-8,W6921004678,10.6084/m9.figshare.24309469,Satellite mapping reveals extensive industrial activity at sea - training data,2024,2024-01-01,article,Figshare,repository,0,"Paolo, Fernando; Kroodsma, David; Davis, Peter; Hochberg, Tim",4,sar_ship_detection;sar_ais_fusion,sar_ship_detection;sar_ais_fusion,merged into W6920716883 (preprint/published pair),,"Data repository for the paper ""Satellite mapping reveals extensive industrial activity at sea (Paolo et al. 2024, Nature)"". See README.md for description of each file. Here we present a detailed global map of major industrial activities at sea. To detect and characterize vessels and offshore infrastructure in coastal waters around the globe, we analyzed 2 petabytes of satellite imagery spanning 2017–2021, with our analyses covering over 15% of the ocean (Extended Data Figure 1) where more than 75% of industrial activity is concentrated (see Methods). We designed and trained three deep convolutional neural networks to identify objects (>97% accuracy) and estimate their lengths (0.84 R2); to classify offshore infrastructure into oil, wind, and other objects (>98% accuracy); and to classify vessels as fishing or non-fishing (>90% accuracy). Combined, we classified over 67 million image tiles, including dual-polarization synthetic-aperture radar (SAR) imagery from Sentinel-1 and optical (red, green, blue, and near infrared) imagery from Sentinel-2. The resolution of SAR allows us to capture the majority of objects larger than 15 meters (detection rate of >70% for 25 m vessels, and >90% for 50 m and larger, Extended Data Figure 2). We also analyzed 53 billion vessel GPS positions from AIS and matched them to the satellite detections to determine whether a detected vessel was publicly tracked."
paolo_2024_nature,"Paolo et al. 2024, Nature, Satellite mapping reveals extensive industrial activity at sea",True,10.1038/s41586-023-06825-8,W6977091678,10.6084/m9.figshare.24309469.v2,Satellite mapping reveals extensive industrial activity at sea - training data,2024,2024-01-01,article,Figshare,repository,0,"Paolo, Fernando; Kroodsma, David; Davis, Peter; Hochberg, Tim",4,sar_ship_detection;sar_ais_fusion,sar_ship_detection;sar_ais_fusion,merged into W6920716883 (preprint/published pair),,"Data repository for the paper ""Satellite mapping reveals extensive industrial activity at sea (Paolo et al. 2024, Nature)"". See README.md for description of each file. Here we present a detailed global map of major industrial activities at sea. To detect and characterize vessels and offshore infrastructure in coastal waters around the globe, we analyzed 2 petabytes of satellite imagery spanning 2017–2021, with our analyses covering over 15% of the ocean (Extended Data Figure 1) where more than 75% of industrial activity is concentrated (see Methods). We designed and trained three deep convolutional neural networks to identify objects (>97% accuracy) and estimate their lengths (0.84 R2); to classify offshore infrastructure into oil, wind, and other objects (>98% accuracy); and to classify vessels as fishing or non-fishing (>90% accuracy). Combined, we classified over 67 million image tiles, including dual-polarization synthetic-aperture radar (SAR) imagery from Sentinel-1 and optical (red, green, blue, and near infrared) imagery from Sentinel-2. The resolution of SAR allows us to capture the majority of objects larger than 15 meters (detection rate of >70% for 25 m vessels, and >90% for 50 m and larger, Extended Data Figure 2). We also analyzed 53 billion vessel GPS positions from AIS and matched them to the satellite detections to determine whether a detected vessel was publicly tracked."
paolo_2024_nature,"Paolo et al. 2024, Nature, Satellite mapping reveals extensive industrial activity at sea",True,10.1038/s41586-023-06825-8,W6920716883,10.6084/m9.figshare.24309469.v1,Satellite mapping reveals extensive industrial activity at sea - training data,2024,2024-01-01,article,Figshare,repository,0,"Paolo, Fernando; Kroodsma, David; Davis, Peter; Hochberg, Tim",4,sar_ship_detection;sar_ais_fusion,sar_ship_detection;sar_ais_fusion,in corpus,,"Data repository for the paper ""Satellite mapping reveals extensive industrial activity at sea (Paolo et al. 2024, Nature)"". See README.md for description of each file. Here we present a detailed global map of major industrial activities at sea. To detect and characterize vessels and offshore infrastructure in coastal waters around the globe, we analyzed 2 petabytes of satellite imagery spanning 2017–2021, with our analyses covering over 15% of the ocean (Extended Data Figure 1) where more than 75% of industrial activity is concentrated (see Methods). We designed and trained three deep convolutional neural networks to identify objects (>97% accuracy) and estimate their lengths (0.84 R2); to classify offshore infrastructure into oil, wind, and other objects (>98% accuracy); and to classify vessels as fishing or non-fishing (>90% accuracy). Combined, we classified over 67 million image tiles, including dual-polarization synthetic-aperture radar (SAR) imagery from Sentinel-1 and optical (red, green, blue, and near infrared) imagery from Sentinel-2. The resolution of SAR allows us to capture the majority of objects larger than 15 meters (detection rate of >70% for 25 m vessels, and >90% for 50 m and larger, Extended Data Figure 2). We also analyzed 53 billion vessel GPS positions from AIS and matched them to the satellite detections to determine whether a detected vessel was publicly tracked."
paolo_2024_nature,"Paolo et al. 2024, Nature, Satellite mapping reveals extensive industrial activity at sea",True,10.1038/s41586-023-06825-8,W6902286902,10.6084/m9.figshare.24309475.v4,Satellite mapping reveals extensive industrial activity at sea - analysis data,2024,2024-01-01,article,Figshare,repository,0,"Paolo, Fernando; Kroodsma, David; Davis, Pete; Hochberg, Tim",4,sar_ship_detection;sar_ais_fusion,sar_ship_detection;sar_ais_fusion,in corpus,,"NOTE: For updated data to present time head over to https://globalfishingwatch.org/data-download/datasets/public-sar-vessel-detections:v20231026 (industrial vessels) and https://globalfishingwatch.org/data-download/datasets/public-fixed-infrastructure:v1.1 (offshore infrastructure). Data repository for the paper ""Satellite mapping reveals extensive industrial activity at sea (Paolo et al. 2024, Nature)"". See README.md for description of each file. Here we present a detailed global map of major industrial activities at sea. To detect and characterize vessels and offshore infrastructure in coastal waters around the globe, we analyzed 2 petabytes of satellite imagery spanning 2017–2021, with our analyses covering over 15% of the ocean (Extended Data Figure 1) where more than 75% of industrial activity is concentrated (see Methods). We designed and trained three deep convolutional neural networks to identify objects (>97% accuracy) and estimate their lengths (0.84 R2); to classify offshore infrastructure into oil, wind, and other objects (>98% accuracy); and to classify vessels as fishing or non-fishing (>90% accuracy). Combined, we classified over 67 million image tiles, including dual-polarization synthetic-aperture radar (SAR) imagery from Sentinel-1 and optical (red, green, blue, and near infrared) imagery from Sentinel-2. The resolution of SAR allows us to capture the majority of objects larger than 15 meters (detection rate of >70% for 25 m vessels, and >90% for 50 m and larger, Extended Data Figure 2). We also analyzed 53 billion vessel GPS positions from AIS and matched them to the satellite detections to determine whether a detected vessel was publicly tracked."
paolo_2024_nature,"Paolo et al. 2024, Nature, Satellite mapping reveals extensive industrial activity at sea",True,10.1038/s41586-023-06825-8,W6977488044,10.6084/m9.figshare.24309469.v3,Satellite mapping reveals extensive industrial activity at sea - training data,2024,2024-01-01,article,Figshare,repository,0,"Paolo, Fernando; Kroodsma, David; Davis, Peter; Hochberg, Tim",4,sar_ship_detection;sar_ais_fusion,sar_ship_detection;sar_ais_fusion,merged into W6920716883 (preprint/published pair),,"Data repository for the paper ""Satellite mapping reveals extensive industrial activity at sea (Paolo et al. 2024, Nature)"". See README.md for description of each file. Here we present a detailed global map of major industrial activities at sea. To detect and characterize vessels and offshore infrastructure in coastal waters around the globe, we analyzed 2 petabytes of satellite imagery spanning 2017–2021, with our analyses covering over 15% of the ocean (Extended Data Figure 1) where more than 75% of industrial activity is concentrated (see Methods). We designed and trained three deep convolutional neural networks to identify objects (>97% accuracy) and estimate their lengths (0.84 R2); to classify offshore infrastructure into oil, wind, and other objects (>98% accuracy); and to classify vessels as fishing or non-fishing (>90% accuracy). Combined, we classified over 67 million image tiles, including dual-polarization synthetic-aperture radar (SAR) imagery from Sentinel-1 and optical (red, green, blue, and near infrared) imagery from Sentinel-2. The resolution of SAR allows us to capture the majority of objects larger than 15 meters (detection rate of >70% for 25 m vessels, and >90% for 50 m and larger, Extended Data Figure 2). We also analyzed 53 billion vessel GPS positions from AIS and matched them to the satellite detections to determine whether a detected vessel was publicly tracked."
paolo_2024_nature,"Paolo et al. 2024, Nature, Satellite mapping reveals extensive industrial activity at sea",True,10.1038/s41586-023-06825-8,W4390535614,10.1038/s41586-023-06825-8,Satellite mapping reveals extensive industrial activity at sea,2024,2024-01-03,article,Nature,journal,253,Fernando S. Paolo; David A. Kroodsma; Jennifer L. Raynor; Timothy Hochberg; Pete J. Davis; Jesse Cleary et al.,10,iuu_remote_sensing,iuu_remote_sensing,in corpus,,". We combine satellite imagery, vessel GPS data and deep-learning models to map industrial vessel activities and offshore energy infrastructure across the world's coastal waters from 2017 to 2021. We find that 72-76% of the world's industrial fishing vessels are not publicly tracked, with much of that fishing taking place around South Asia, Southeast Asia and Africa. We also find that 21-30% of transport and energy vessel activity is missing from public tracking systems. Globally, fishing decreased by 12 ± 1% at the onset of the COVID-19 pandemic in 2020 and had not recovered to pre-pandemic levels by 2021. By contrast, transport and energy vessel activities were relatively unaffected during the same period. Offshore wind is growing rapidly, with most wind turbines confined to small areas of the ocean but surpassing the number of oil structures in 2021. Our map of ocean industrialization reveals changes in some of the most extensive and economically important human activities at sea."
paolo_2024_nature,"Paolo et al. 2024, Nature, Satellite mapping reveals extensive industrial activity at sea",True,10.1038/s41586-023-06825-8,W4391474389,10.1038/s41586-024-07123-7,Author Correction: Satellite mapping reveals extensive industrial activity at sea,2024,2024-02-02,erratum,Nature,journal,1,Fernando S. Paolo; David A. Kroodsma; Jennifer L. Raynor; Timothy Hochberg; Pete J. Davis; Jesse Cleary et al.,10,sar_ais_fusion,sar_ais_fusion,not in corpus: type:erratum,,"In the version of this article initially published, Fernando S. Paolo was presented in the author list without a middle initial. Also, in the “SAR and AIS integration” section of Methods, in the sentence “To determine the optimal score, we estimated the total number of vessels with AIS devices that should have appeared in the scenes globally by summing R (length, spacing) L match for all scenes”, “ L match ” should have been “ L inside ”. The errors have been corrected in the HTML and PDF versions of the article."
park_2020_sciadv,"Park et al. 2020, Science Advances, Illuminating dark fishing fleets in North Korea",True,10.1126/sciadv.abb1197,W4239783885,10.3410/f.738375089.793579871,Faculty Opinions recommendation of Illuminating dark fishing fleets in North Korea.,2020,2020-11-03,peer-review,Faculty Opinions – Post-Publication Peer Review of the Biomedical Literature,repository,0,Juha Merilä,1,dark_vessels;iuu_remote_sensing,dark_vessels;iuu_remote_sensing,not in corpus: type:peer-review,,"Illegal, unreported, and unregulated fishing threatens resource sustainability and equity.A major challenge with such activity is that most fishing vessels do not broadcast their positions and are ""dark"" in public monitoring systems.Combining four satellite technologies, we identify widespread illegal fishing by dark fleets in the waters between the Koreas, Japan, and Russia.We find >900 vessels of Chinese origin in 2017 and >700 in 2018 fished illegally in North Korean waters, catching an estimated amount of Todarodes pacificus approximating that of Japan and South Korea combined (>164,000 metric tons worth >$440 million).We further find ~3000 small-scale North Korean vessels fished, mostly illegally, in Russian waters.These results can inform independent oversight of transboundary fisheries and foreshadow a new era in satellite monitoring of fisheries."
park_2020_sciadv,"Park et al. 2020, Science Advances, Illuminating dark fishing fleets in North Korea",True,10.1126/sciadv.abb1197,W3045253480,10.1126/sciadv.abb1197,Illuminating dark fishing fleets in North Korea,2020,2020-07-22,article,Science Advances,journal,138,Jaeyoon Park; Jung-Sam Lee; Katherine L. Seto; Timothy Hochberg; Brian A. Wong; Nathan A. Miller et al.,15,dark_vessels;iuu_remote_sensing,dark_vessels;iuu_remote_sensing,in corpus,,"approximating that of Japan and South Korea combined (>164,000 metric tons worth >$440 million). We further find ~3000 small-scale North Korean vessels fished, mostly illegally, in Russian waters. These results can inform independent oversight of transboundary fisheries and foreshadow a new era in satellite monitoring of fisheries."
xview3_sar_2022,"Paolo et al. 2022, NeurIPS Datasets and Benchmarks, xView3-SAR (arXiv 2206.00897)",True,10.48550/arxiv.2206.00897,W7133194003,10.52202/068431-2726,xView3-SAR: Detecting Dark Fishing Activity Using Synthetic Aperture Radar Imagery,2022,2022-01-01,conference-paper,Advances in Neural Information Processing Systems 35,journal,3,Fernando Paolo; Tsu-ting Tim Lin; Ritwik Gupta; Bryce Goodman; Nirav Patel; Daniel Kuster et al.,8,dark_vessels;xview3;iuu_remote_sensing,dark_vessels;xview3,in corpus,,
xview3_sar_2022,"Paolo et al. 2022, NeurIPS Datasets and Benchmarks, xView3-SAR (arXiv 2206.00897)",True,10.48550/arxiv.2206.00897,W4320009597,10.48550/arxiv.2206.00897,xView3-SAR: Detecting Dark Fishing Activity Using Synthetic Aperture Radar Imagery,2022,2022-06-02,preprint,arXiv (Cornell University),repository,17,Fernando S. Paolo; Tsu-ting Tim Lin; Ritwik Gupta; Bryce Goodman; Nirav Patel; Daniel Kuster et al.,8,sar_ship_detection;dark_vessels;xview3;iuu_remote_sensing,sar_ship_detection;dark_vessels;xview3;iuu_remote_sensing,merged into W7133194003 (preprint/published pair),,"Unsustainable fishing practices worldwide pose a major threat to marine resources and ecosystems. Identifying vessels that do not show up in conventional monitoring systems -- known as ``dark vessels'' -- is key to managing and securing the health of marine environments. With the rise of satellite-based synthetic aperture radar (SAR) imaging and modern machine learning (ML), it is now possible to automate detection of dark vessels day or night, under all-weather conditions. SAR images, however, require a domain-specific treatment and are not widely accessible to the ML community. Maritime objects (vessels and offshore infrastructure) are relatively small and sparse, challenging traditional computer vision approaches. We present the largest labeled dataset for training ML models to detect and characterize vessels and ocean structures in SAR imagery. xView3-SAR consists of nearly 1,000 analysis-ready SAR images from the Sentinel-1 mission that are, on average, 29,400-by-24,400 pixels each. The images are annotated using a combination of automated and manual analysis. Co-located bathymetry and wind state rasters accompany every SAR image. We also provide an overview of the xView3 Computer Vision Challenge, an international competition using xView3-SAR for ship detection and characterization at large scale. We release the data (\href{https://iuu.xview.us/}{https://iuu.xview.us/}) and code (\href{https://github.com/DIUx-xView}{https://github.com/DIUx-xView}) to support ongoing development and evaluation of ML approaches for this important application."
elvidge_2015_remsens,"Elvidge et al. 2015, Remote Sensing 7(3), Automatic Boat Identification System for VIIRS Low Light Imaging Data",True,10.3390/rs70303020,W7097694407,,Article Automatic Boat Identification System for VIIRS Low Light Imaging Data,2016,2016-09-17,article,http://www.mdpi.com/2072-4292/7/3/3020/pdf/,journal,0,Christopher D. Elvidge; Mikhail Zhizhin; Kimberly Baugh; Feng-chi Hsu,4,viirs_boats,viirs_boats,in corpus,,
elvidge_2015_remsens,"Elvidge et al. 2015, Remote Sensing 7(3), Automatic Boat Identification System for VIIRS Low Light Imaging Data",True,10.3390/rs70303020,W2113827159,10.3390/rs70303020,Automatic Boat Identification System for VIIRS Low Light Imaging Data,2015,2015-03-16,article,Remote Sensing,journal,216,Christopher D. Elvidge; Mikhail N. Zhizhin; Kimberly Baugh; Feng-Chi Hsu,4,iuu_remote_sensing;viirs_boats,iuu_remote_sensing;viirs_boats,in corpus,,"The ability for satellite sensors to detect lit fishing boats has been known since the 1970s. However, the use of the observations has been limited by the lack of an automatic algorithm for reporting the location and brightness of offshore lighting features arising from boats. An examination of lit fishing boat features in Visible Infrared Imaging Radiometer Suite (VIIRS) day/night band (DNB) data indicates that the features are essentially spikes. We have developed a set of algorithms for automatic detection of spikes and characterization of the sharpness of spike features. A spike detection algorithm generates a list of candidate boat detections. A second algorithm measures the height of the spikes for the discard of ionospheric energetic particle detections and to rate boat detections as either strong or weak. A sharpness index is used to label boat detections that appear blurry due to the scattering of light by clouds. The candidate spikes are then filtered to remove features on land and gas flares. A validation study conducted using analyst selected boat detections found the automatic algorithm detected 99.3% of the reference pixel set. VIIRS boat detection data can provide fishery agencies with up-to-date information of fishing boat activity and changes in this activity in response to new regulations and enforcement regimes. The data can provide indications of illegal fishing activity in restricted areas and incursions across Exclusive Economic Zone (EEZ) boundaries. VIIRS boat detections occur widely offshore from East and Southeast Asia, South America and several other regions."
