dropped,kept,reason
W2349740915,W3145700396,same_title_year
W7079715765,W7079485551,same_title_year
W6976997882,W6957776784,same_title_year
W2883034219,W2803022275,same_title_year
W6995820912,W2286396009,same_title_year
W6968764111,W6950080292,same_title_year
W6958445721,W6901819555,same_title_year
W7105855936,W7105824527,same_title_year
W7154493282,W7155650629,same_title_year
W7154449487,W7155650629,same_title_year
W7163676123,W7163649745,same_title_year
W6968291309,W6893366491,same_title_year
W7155817564,W7155798942,same_title_year
W6931758411,W4385797012,same_title_year
W6930899913,W4385797012,same_title_year
W7103656240,W7103653583,same_title_year
W7089553746,W7089210479,same_title_year
W7108335442,W7108316195,same_title_year
W7163069838,W7163007967,same_title_year
W7122747619,W7122678284,same_title_year
W7124197983,W7123308778,same_title_year
W7108698065,W7108651807,same_title_year
W6968217278,W6930723034,same_title_year
W7140145673,W7140101553,same_title_year
W7169675376,W7169663371,same_title_year
W7125351569,W7125147727,same_title_year
W7093120702,W7093101066,same_title_year
W7155245912,W7155046741,same_title_year
W7152330318,W7151465180,same_title_year
W7124274466,W2621074063,same_title_year
W6979341529,W6929712994,same_title_year
W7165219888,W7165112331,same_title_year
W7163596327,W7163220868,same_title_year
W7165816884,W7165667142,same_title_year
W7091186706,W7090785737,same_title_year
W7115608181,W7115571484,same_title_year
W7083336907,W7083333649,same_title_year
W7132693692,W4390332083,same_title_year
W7048761266,W4387801871,same_title_year
W6967970657,W6930747483,same_title_year
W6968404716,W6930747483,same_title_year
W3111773573,W3163424358,preprint_published_pair
W7164819736,W7163533778,same_title_year
W7164973482,W7163533778,same_title_year
W4290379996,W4225819166,same_title_year
W4394781862,W4402261091,same_title_year
W2951012052,W2904912591,same_title_year
W3041891358,W3020066221,same_title_year
W4400445090,W4402259084,same_title_year
W4384468497,W4387801756,same_title_year
W4384469228,W4387801756,same_title_year
W6912784231,W4213182572,same_title_year
W4220955612,W4213182572,repository_or_weak_pair
W7172557542,W7172445466,same_title_year
W7201977513,W7201956090,same_title_year
W7202230955,W7202144120,same_title_year
W4407174872,W7124272320,same_title_year
W4256340696,W2988660918,same_title_year
W7011498089,W6943844112,same_title_year
W4245889285,W6943844112,same_title_year
W6944439778,W6944253523,same_title_year
W4250317889,W6962549153,same_title_year
W6987886010,W6962549153,same_title_year
W7202373431,W7202350891,same_title_year
W7084412831,W4414723205,same_title_year
W7084387424,W4414723205,same_title_year
W7130954980,W7130938537,same_title_year
W7161064912,W7160991943,same_title_year
W7161538536,W7160991943,same_title_year
W7161581032,W7160991943,same_title_year
W7132430806,W3208729953,same_title_year
W4401066060,W4407450328,same_title_year
W4391395482,W4407450328,preprint_published_pair
W6949585957,W4287666141,same_title_year
W7066560596,W7010558253,same_title_year
W7162434821,W7165136479,same_title_year
W7125266152,W7124435252,same_title_year
W7125137461,W7124435252,same_title_year
W6944324428,W6925366593,same_title_year
W6921004678,W6920716883,same_title_year
W6977091678,W6920716883,same_title_year
W6977488044,W6920716883,same_title_year
W4303684312,W4224944602,same_title_year
W7155383571,W7165006880,same_title_year
W7155573742,W7165006880,same_title_year
W6968787911,W6912253560,same_title_year
W4307261185,W4307187413,same_title_year
W7162800137,W7106004505,same_title_year
W4408087557,W4409766509,same_title_year
W6939170592,W4200045410,same_title_year
W6901453438,W4200045410,same_title_year
W6950744559,W6932064139,same_title_year
W6968147102,W6968130302,same_title_year
W4389115770,W4392903457,preprint_published_pair
W4415348389,W4416955967,same_title_year
W4412873790,W4411055798,same_title_year
W4417134701,W4411055798,same_title_year
W6929978347,W4289977913,same_title_year
W6910649531,W2979733490,same_title_year
W7074626525,W2908317939,same_title_year
W7038359008,W7000930000,same_title_year
W7073687171,W1527543624,same_title_year
W6967691537,W6929974732,same_title_year
W6969027653,W6893997927,same_title_year
W6910466023,W3006093507,same_title_year
W7070995599,W2461048438,same_title_year
W6958411249,W6957948710,same_title_year
W6977406857,W6957948710,same_title_year
W7055130289,W3126212272,repository_or_weak_pair
W4399893489,W4402664623,same_title_year
W7204463960,W7204458809,same_title_year
W4365515979,W4390494419,preprint_published_pair
W4385728532,W4386833108,same_title_year
W7038578747,W3121087138,same_title_year
W6912802745,W4313206626,same_title_year
W6999735403,W3174439813,same_title_year
W6912817135,W2994790926,same_title_year
W4287991287,W2994790926,same_title_year
W6977075579,W6902286902,same_title_year
W7084072213,W7084036022,same_title_year
W7155245759,W7154956307,same_title_year
W4396820398,W4407362978,same_title_year
W6977060579,W6939116456,same_title_year
W4320009597,W7133194003,same_title_year
W4389115722,W4392909352,preprint_published_pair
W4297784374,W4221161331,same_title_year
W6884527419,W4391377810,same_title_year
W4378835150,W4382402759,same_title_year
W2290382054,W2007366649,weak_record_title_variant
W4385839830,W4387986596,same_title_year
W4385835263,W4387986596,same_title_year
W6957841905,W4388145553,same_title_year
W6957674826,W4388145553,repository_or_weak_pair
W6921858844,W3182924980,same_title_year
W4375841131,W4380088603,same_title_year
W6959454356,W2974097168,same_title_year
W6912218823,W3211392466,same_title_year
W6948378024,W4386025722,preprint_published_pair
W4289530005,W4293065229,same_title_year
W4288453317,W4377943160,preprint_published_pair
W4316143465,W4377943160,same_title_year
W7128392310,W7127967114,same_title_year
W7160266431,W7164170204,same_title_year
W4235990861,W2552319216,same_title_year
W6925904279,W6906610312,same_title_year
W6925490949,W6906754373,same_title_year
W6944349478,W6906803295,same_title_year
W4287553827,W3112434121,same_title_year
W6996637161,W2531042419,same_title_year
W6910374715,W2987692455,same_title_year
W4285708056,W3127855864,same_title_year
W6958227635,W4389678108,same_title_year
W6977017798,W4389678108,same_title_year
W4387809196,W4389678108,same_title_year
W4310430698,W4390874514,preprint_published_pair
W7167641785,W7167587580,same_title_year
W6939361437,W4323065993,same_title_year
W6976610853,W4323065993,same_title_year
W6920718571,W4405534514,same_title_year
W3198270596,W3197704289,same_title_year
W4410279595,W4411152800,same_title_year
W4399893015,W4401077784,same_title_year
W7204208856,W7204174627,same_title_year
W7204181532,W7204171160,same_title_year
W6948215507,W4285029564,same_title_year
W7131660648,W7155182129,same_title_year
W6950085791,W4286895081,same_title_year
W7047824178,W4395668111,same_title_year
W7133267832,W7133244403,same_title_year
W2377049802,W3148804671,same_title_year
W7163596154,W7165203950,same_title_year
W7163014513,W7165203950,same_title_year
W6901733372,W4367626240,same_title_year
W6976934060,W4367626240,same_title_year
W4415195382,W4416727337,same_title_year
W4402386971,W4407127255,preprint_published_pair
W4233608222,W2986192915,same_title_year
W4391244571,W4401210327,same_title_year
W4415742358,W7126212719,preprint_published_pair
W6940879695,W2766160562,same_title_year
W2597289862,W2554940458,same_title_year
W4297899992,W4312661343,same_title_year
W3044331369,W3101476123,same_title_year
W4414788722,W7125977772,preprint_published_pair
W7054893024,W2791357935,same_title_year
W6948192838,W4387717543,same_title_year
W7129095774,W7129010322,same_title_year
W7170111721,W7169829936,same_title_year
W7154421046,W7162322370,same_title_year
W4240502843,W2464911270,same_title_year
W6976354399,W4226351006,same_title_year
W6958146182,W4226351006,same_title_year
W4313888283,W4313887926,same_title_year
W4245738855,W2471352227,same_title_year
W3042618047,W2903966801,same_title_year
W4402007103,W4407270599,preprint_published_pair
W4411939474,W4412956544,same_title_year
W4417012254,W4411086638,same_title_year
W7167748371,W7167599259,same_title_year
W6939013058,W2783680221,same_title_year
W6939056793,W2783680221,same_title_year
W6948993190,W4403637196,same_title_year
W4391631986,W4402261285,same_title_year
W7111690689,W4416946718,same_title_year
W6939098418,W2801975478,same_title_year
W6901593706,W2801975478,same_title_year
W3212872370,W4226212057,same_title_year
W3122279293,W2944029760,same_title_year
W6929554691,W3108524391,preprint_published_pair
W4281711188,W4283795270,same_title_year
W4281621452,W4283795270,same_title_year
W7044133531,W2764276433,same_title_year
W4417167890,W4416178053,same_title_year
W7075592893,W2562541885,same_title_year
W7062747259,W3081167204,same_title_year
W7125982893,W7125973996,same_title_year
W3137582154,W3198862447,same_title_year
W7017540910,W2054409712,same_title_year
W6958111321,W4224224810,same_title_year
W6976118184,W4224224810,same_title_year
W6901927492,W3174730036,same_title_year
W6939162755,W3174730036,same_title_year
W6902302471,W4405268054,same_title_year
W4285428169,W4291825014,same_title_year
W4417464619,W7116699565,same_title_year
W4415590932,W7116699565,same_title_year
W7115688751,W4417346059,same_title_year
W7115692909,W4417346059,same_title_year
W6968876858,W6931072416,same_title_year
W7212051943,W7212055522,same_title_year
W7212058616,W7212055522,same_title_year
W6901616868,W4316041497,same_title_year
W6920280999,W4316041497,same_title_year
W7027199485,W2470744786,same_title_year
W7162817364,W7162625763,same_title_year
W4415112478,W4414271675,same_title_year
W7158585692,W7159609088,same_title_year
W6930609649,W6930533944,same_title_year
W4387891746,W4391263430,preprint_published_pair
W3026107496,W4247865621,same_title_year
W4409900254,W4409754317,same_title_year
W7107876413,W4416758485,same_title_year
W7107873884,W4416758485,same_title_year
W6969369379,W4400239006,same_title_year
W7161092083,W7160961263,same_title_year
W4396987389,W4406921704,preprint_published_pair
W4414951767,W4416129862,same_title_year
W4235246150,W2563185542,same_title_year
W6912786483,W4286894588,same_title_year
W6910769087,W7162024990,preprint_published_pair
W4225716270,W4310959365,same_title_year
W7208749747,W7208740801,same_title_year
W4408497462,W4403639261,same_title_year
