openalex_id,doi,year,title,venue,cited_by_count,authors,themes
W2113827159,10.3390/rs70303020,2015,Automatic Boat Identification System for VIIRS Low Light Imaging Data,Remote Sensing,216,Christopher D. Elvidge; Mikhail N. Zhizhin; Kimberly Baugh; Feng-Chi Hsu,iuu_remote_sensing;viirs_boats
W7097694407,,2016,Article Automatic Boat Identification System for VIIRS Low Light Imaging Data,,0,Christopher D. Elvidge; Mikhail Zhizhin; Kimberly Baugh; Feng-chi Hsu,viirs_boats
W7098260452,,2016,VIIRS MONITORING OF LIT FISHING BOAT ACTIVITY IN EAST AND SOUTHEAST ASIA,,0,Christopher D. Elvidge; Kimberly Baugh; Mikhail Zhizhin; Feng-chi Hsu,iuu_remote_sensing;viirs_boats
W2771713092,10.1109/igarss.2017.8127580,2017,Supporting international efforts for detecting illegal fishing and GAS flaring using viirs,,17,Christopher D. Elvidge; Kimberly Baugh; Mikhail N. Zhizhin; Feng-Chi Hsu; Tilottama Ghosh,iuu_remote_sensing;viirs_boats
W3014014081,,2017,Findings from Matching VIIRS Boat Detection and VMS Data,AGUFM,0,Feng-Chi Hsu; Christopher D. Elvidge; Mikhail N. Zhizhin; Kimberly Baugh; Tilottama Ghosh,viirs_boats
W2897839944,10.3390/rs10101604,2018,Mapping Fishing Activities and Suitable Fishing Grounds Using Nighttime Satellite Images and Maximum Entropy Modelling,Remote Sensing,71,Rollan C. Geronimo; Erik C. Franklin; Russell E. Brainard; Christopher D. Elvidge; Mudjekeewis D. Santos; Roberto M. Venegas; Camilo Mora,iuu_remote_sensing;viirs_boats
W2793514918,10.21046/2070-7401-2018-15-1-101-119,2018,Monitoring of night fishing boat lights with VIIRS,Sovremennye problemy distantsionnogo zondirovaniya Zemli iz kosmosa,5,Mikhail N. Zhizhin; Alexey A. Poyda; Ekaterina Tyutlyaeva; RSC Technologies; V. V. Konoplev; Christopher D. Elvidge,iuu_remote_sensing;viirs_boats
W2801975478,10.3389/fmars.2018.00132,2018,Rating the Effectiveness of Fishery Closures With Visible Infrared Imaging Radiometer Suite Boat Detection Data,Frontiers in Marine Science,68,Christopher D. Elvidge; Tilottama Ghosh; Kimberly Baugh; Mikhail N. Zhizhin; Feng-Chi Hsu; Nilo Selim Katada; Wilmon Penalosa; Bui Quang Hung,iuu_remote_sensing;viirs_boats
W2940541941,10.3390/rs11090995,2019,Cross-Matching VIIRS Boat Detections with Vessel Monitoring System Tracks in Indonesia,Remote Sensing,75,Feng-Chi Hsu; Christopher D. Elvidge; Kimberly Baugh; Mikhail N. Zhizhin; Tilottama Ghosh; David A. Kroodsma; Adi Susanto; Wiryawan Budy et al.,iuu_remote_sensing;viirs_boats
W4200618839,10.3390/rs13245004,2021,Extending the DMSP Nighttime Lights Time Series beyond 2013,Remote Sensing,71,Tilottama Ghosh; Kimberly Baugh; Christopher D. Elvidge; Mikhail N. Zhizhin; Alexey A. Poyda; Feng-Chi Hsu,iuu_remote_sensing;viirs_boats
W4312633089,10.1109/igarss46834.2022.9883658,2022,VIIRS Monitoring and Reporting on Lit Fishing Vessel Detections in Southeast Asia,IGARSS 2022 - 2022 IEEE International Geoscience and Remote Sensing Symposium,6,Christopher D. Elvidge; Tilottama Ghosh; Feng-Chi Hsu; Mikhail N. Zhizhin,iuu_remote_sensing;viirs_boats
W4388188561,10.19080/ofoaj.2023.16.555944,2023,Discovering Hidden Offshore Lighting Structures with Multiyear Low-Light Imaging Satellite Data,Oceanography & Fisheries Open access Journal,2,Christopher D. Elvidge,iuu_remote_sensing;viirs_boats
W4416260556,10.1007/978-981-95-3075-5_1,2025,"Review of Long-Term Patterns of Nighttime VIIRS Detections of Lights, Boats and Offshore Lights, Fires, and Flares in S.E. Asia: 2012–2023",Springer proceedings in earth and environmental sciences,0,Christopher D. Elvidge; Tilottama Ghosh; Mikhail N. Zhizhin; Morgan Bazilian,viirs_boats
W4407270599,10.5194/essd-17-579-2025,2025,A comprehensive global mapping of offshore lighting,Earth system science data,6,Christopher D. Elvidge; Tilottama Ghosh; Namrata Chatterjee; Mikhail N. Zhizhin; Paul C. Sutton; Morgan Bazilian,viirs_boats
