paper,subquestion,role,source_type,openalex_id,doi,first_author,year,title,venue,verification,url_or_file,note
Paper 1 (letter: S1A to S1C/1D transfer),(a) 1C/1D data quality,context,corpus,W3010735264,10.1109/igarss.2018.8517899,Ramón Torres,2018,Sentinel-1 Satellite Evolution,IGARSS 2018 - 2018 IEEE International Geoscience and Remote Sensing Symposium,VERIFIED (OpenAlex snapshot title and abstract read),https://openalex.org/W3010735264,"Describes the 1C/1D design, AIS instrument and robustness improvements before launch; not an evaluation of flight data."
Paper 1 (letter: S1A to S1C/1D transfer),(a) 1C/1D data quality,closest prior,web search snippet,,,,2026,"Update of Sentinel-1C radiometric calibration (CDSE news, deployed 3 Feb 2026)",,UNVERIFIED (search snippet),https://dataspace.copernicus.eu/news/2026-2-5-update-sentinel-1c-radiometric-calibration,New 1C calibration to reduce beam-to-beam offsets in TOPS modes and absolute radiometric bias; no peer-reviewed comparison with 1A/1B found.
Paper 1 (letter: S1A to S1C/1D transfer),(a) 1C/1D data quality,context,web search snippet,,,,2026,Sentinel-1D user data opening and future plans (CDSE news),,UNVERIFIED (search snippet),https://dataspace.copernicus.eu/news/2026-4-2-sentinel-1d-user-data-opening-and-future-plans,1D data access from April 2026.
Paper 1 (letter: S1A to S1C/1D transfer),(b) ship detection on 1C/1D,closest prior,web search snippet,,,,2025,Preliminary AIS-fused satellite ship detection capabilities by Sentinel-1C (ESA LPS25 presentation 1943),,UNVERIFIED (search snippet),https://lps25.esa.int/lps25-presentations/presentations/1943/_1943.pdf,"9,532 targets in 1C images over six AOIs (English Channel, Gibraltar, Hurd Bank, Doldrums Pacific, Cape Town, East China Sea), 10 images each, IW/EW/SM; 1C AIS vs Spire AIS correlation 40% vs 85% for class A. Not peer reviewed; nothing on 1D."
Paper 1 (letter: S1A to S1C/1D transfer),(b) ship detection on 1C/1D,context,web search snippet,,,,2025,Introduction to the Sentinel-1 AIS Payload (ESA LPS25 presentation 1940),,UNVERIFIED (search snippet),https://lps25.esa.int/lps25-presentations/presentations/1940/_1940.pdf,AIS payload description.
Paper 1 (letter: S1A to S1C/1D transfer),(c) cross-sensor domain adaptation,done (method line),corpus,W4293057086,10.1109/tgrs.2022.3201628,Siyuan Zhao,2022,A Feature Decomposition-Based Method for Automatic Ship Detection Crossing Different Satellite SAR Images,IEEE Transactions on Geoscience and Remote Sensing,VERIFIED (OpenAlex snapshot title and abstract read),https://openalex.org/W4293057086,Feature decomposition DA across different satellite SAR images.
Paper 1 (letter: S1A to S1C/1D transfer),(c) cross-sensor domain adaptation,done (method line),corpus,W4290043226,10.1109/tgrs.2022.3160727,Siyuan Zhao,2022,An Automatic Ship Detection Method Adapting to Different Satellites SAR Images With Feature Alignment and Compensation Loss,IEEE Transactions on Geoscience and Remote Sensing,VERIFIED (OpenAlex snapshot title and abstract read),https://openalex.org/W4290043226,Feature alignment and compensation across satellites.
Paper 1 (letter: S1A to S1C/1D transfer),(c) cross-sensor domain adaptation,done (method line),corpus,W4322730577,10.1016/j.isprsjprs.2023.02.011,Siyuan Zhao,2023,A domain specific knowledge extraction transformer method for multisource satellite-borne SAR images ship detection,ISPRS Journal of Photogrammetry and Remote Sensing,VERIFIED (OpenAlex snapshot title and abstract read),https://openalex.org/W4322730577,"DA transformer; GF-3, TerraSAR-X, Sentinel-1, RADARSAT-2 datasets."
Paper 1 (letter: S1A to S1C/1D transfer),(c) cross-sensor domain adaptation,done (method line),corpus,W4399939523,10.1109/tgrs.2024.3419025,Shuang Liu,2024,Source-Assisted Hierarchical Semantic Calibration Method for Ship Detection Across Different Satellite SAR Images,IEEE Transactions on Geoscience and Remote Sensing,VERIFIED (OpenAlex snapshot title and abstract read),https://openalex.org/W4399939523,Source-assisted hierarchical semantic calibration across satellites.
Paper 1 (letter: S1A to S1C/1D transfer),(c) cross-sensor domain adaptation,done (method line),corpus,W4412563656,10.1016/j.isprsjprs.2025.07.017,Shuang Liu,2025,SAR ship detection across different spaceborne platforms with confusion-corrected self-training and region-aware alignment framework,ISPRS Journal of Photogrammetry and Remote Sensing,VERIFIED (OpenAlex snapshot title and abstract read),https://openalex.org/W4412563656,Cross-platform self-training; no abstract in snapshot; snippet reports AP drop up to 23.75% GF-3 to Sentinel-1 (UNVERIFIED).
Paper 1 (letter: S1A to S1C/1D transfer),(c) cross-sensor domain adaptation,done (method line),corpus,W4412984878,10.1109/lgrs.2025.3595843,Hong Tu,2025,Mamba-UDA: Mamba Unsupervised Domain Adaptation for SAR Ship Detection,IEEE Geoscience and Remote Sensing Letters,VERIFIED (OpenAlex snapshot title and abstract read),https://openalex.org/W4412984878,Mamba unsupervised DA for SAR ship detection.
Paper 1 (letter: S1A to S1C/1D transfer),(c) cross-sensor domain adaptation,done (method line),corpus,W4403936747,10.1109/taes.2024.3489572,Yuxuan Yuan,2024,Filling and Disentanglement: Toward Low- and High-Order Parallel Single-Domain Generalization for SAR Ship Detection,IEEE Transactions on Aerospace and Electronic Systems,VERIFIED (OpenAlex snapshot title and abstract read),https://openalex.org/W4403936747,Single-domain generalisation without target data.
Paper 1 (letter: S1A to S1C/1D transfer),(c) cross-sensor domain adaptation,done (method line),corpus,W4416728038,10.1109/igarss55030.2025.11243504,Shuang Liu,2025,Towards Generalized SAR Ship Detection Via Randomized Feature Statistic Modeling and Contrastive Invariance Learning,IGARSS 2025 - 2025 IEEE International Geoscience and Remote Sensing Symposium,VERIFIED (OpenAlex snapshot title and abstract read),https://openalex.org/W4416728038,Universal detector across platforms (IGARSS 2025).
Paper 1 (letter: S1A to S1C/1D transfer),(c) cross-sensor domain adaptation,done (method line),corpus,W4382599685,10.3390/rs15133326,Xinyang Pu,2023,Ship Detection in Low-Quality SAR Images via an Unsupervised Domain Adaption Method,Remote Sensing,VERIFIED (OpenAlex snapshot title and abstract read),https://openalex.org/W4382599685,UDA for low-quality SAR images.
Paper 1 (letter: S1A to S1C/1D transfer),(c) cross-sensor domain adaptation,done (method line),corpus,W4391104028,10.3390/rs16020420,Yanrui Yang,2024,Unsupervised Domain-Adaptive SAR Ship Detection Based on Cross-Domain Feature Interaction and Data Contribution Balance,Remote Sensing,VERIFIED (OpenAlex snapshot title and abstract read),https://openalex.org/W4391104028,UDA with cross-domain feature interaction.
Paper 1 (letter: S1A to S1C/1D transfer),(c) cross-sensor domain adaptation,done (method line),corpus,W4312249358,10.1109/tgrs.2022.3227626,Jun Zhang,2022,Hierarchical Similarity Alignment for Domain Adaptive Ship Detection in SAR Images,IEEE Transactions on Geoscience and Remote Sensing,VERIFIED (OpenAlex snapshot title and abstract read),https://openalex.org/W4312249358,Hierarchical similarity alignment DA.
Paper 1 (letter: S1A to S1C/1D transfer),(c) cross-sensor domain adaptation,done (method line),corpus,W4285265737,10.1109/lgrs.2022.3171789,Shiqi Chen,2022,Domain Adaptation for Semi-Supervised Ship Detection in SAR Images,IEEE Geoscience and Remote Sensing Letters,VERIFIED (OpenAlex snapshot title and abstract read),https://openalex.org/W4285265737,Semi-supervised DA for SAR ship detection.
Paper 1 (letter: S1A to S1C/1D transfer),(c) cross-sensor domain adaptation,done (method line),corpus,W4385695918,10.1109/tgrs.2023.3303507,Bin Pan,2023,An Imbalanced Discriminant Alignment Approach for Domain Adaptive SAR Ship Detection,IEEE Transactions on Geoscience and Remote Sensing,VERIFIED (OpenAlex snapshot title and abstract read),https://openalex.org/W4385695918,Imbalanced discriminant alignment DA.
Paper 1 (letter: S1A to S1C/1D transfer),(c) cross-sensor domain adaptation,done (physical comparison),corpus,W2052192463,10.1109/igarss.2015.7326519,Domenico Velotto,2015,Comparison of Sentinel-1 and TerraSAR-X for ship detection,2015 IEEE International Geoscience and Remote Sensing Symposium (IGARSS),VERIFIED (OpenAlex snapshot title and abstract read),https://openalex.org/W2052192463,"Sentinel-1A IW vs TerraSAR-X StripMap, English Channel, AIS truth."
Paper 1 (letter: S1A to S1C/1D transfer),(c) cross-sensor domain adaptation,done (physical comparison),corpus,W2333312646,10.1109/joe.2016.2520216,Domenico Velotto,2016,First Comparison of Sentinel-1 and TerraSAR-X Data in the Framework of Maritime Targets Detection: South Italy Case,IEEE Journal of Oceanic Engineering,VERIFIED (OpenAlex snapshot title and abstract read),https://openalex.org/W2333312646,"First comparison S1 vs TerraSAR-X, south Italy."
Paper 1 (letter: S1A to S1C/1D transfer),(c) cross-sensor domain adaptation,done (physical comparison),corpus,W1930308579,10.1109/eurocon.2015.7313775,Jaime Martín-de-Nicolás,2015,Robustness of a Generalized Gamma CFAR ship detector applied to TerraSAR-X and Sentinel-1 images,IEEE EUROCON 2015 - International Conference on Computer as a Tool (EUROCON),VERIFIED (OpenAlex snapshot title and abstract read),https://openalex.org/W1930308579,Generalized Gamma CFAR robustness across TerraSAR-X and Sentinel-1.
Paper 1 (letter: S1A to S1C/1D transfer),(c) cross-sensor domain adaptation,done (physical comparison),corpus,W4414200813,10.3390/electronics14183648,Ioannis Nasios,2025,"AI at Sea, Year Six: Performance Evaluation, Failures, and Insights from the Operational Meta-Analysis of SatShipAI, a Sensor-Fused Maritime Surveillance Platform",Electronics,VERIFIED (OpenAlex snapshot title and abstract read),https://openalex.org/W4414200813,Operational S1-trained system applied to X-band without retraining (Denmark).
Paper 1 (letter: S1A to S1C/1D transfer),(c) cross-sensor domain adaptation,done (physical comparison),corpus,W2613063417,10.1109/jstars.2017.2692820,Pasquale Iervolino,2017,A Novel Ship Detector Based on the Generalized-Likelihood Ratio Test for SAR Imagery,IEEE Journal of Selected Topics in Applied Earth Observations and Remote Sensing,VERIFIED (OpenAlex snapshot title and abstract read),https://openalex.org/W2613063417,"GLRT detector tested on TerraSAR-X, Sentinel-1 and airborne data."
Paper 1 (letter: S1A to S1C/1D transfer),(c) cross-sensor domain adaptation,context,web search snippet,,,,2025,"SAR ship detection across different spaceborne platforms ... (ISPRS JPRS 228, 2025, Liu, Li, Song, Fan, Li, Wan, Liu)",,UNVERIFIED (search snippet),https://www.sciencedirect.com/science/article/abs/pii/S0924271625002795,Snippet: GF-3-trained detector loses up to 23.75% AP on Sentinel-1. Corpus record W4412563656 has no abstract.
Paper 1 (letter: S1A to S1C/1D transfer),(d) 1C/1D onboard AIS,context (other missions),corpus,W2269655503,10.1080/07038992.2015.1104633,Alan Thompson,2015,Overview of the RADARSAT Constellation Mission,Canadian Journal of Remote Sensing,VERIFIED (OpenAlex snapshot title and abstract read),https://openalex.org/W2269655503,RCM onboard AIS instrument with SAR.
Paper 1 (letter: S1A to S1C/1D transfer),(d) 1C/1D onboard AIS,context (other missions),corpus,W2971751619,10.1109/igarss.2019.8898207,Maximilian Rodger,2019,Data Association Techniques for Near-Contemporaneous SAR and AIS Datasets from NovaSAR-1,IGARSS 2019 - 2019 IEEE International Geoscience and Remote Sensing Symposium,VERIFIED (OpenAlex snapshot title and abstract read),https://openalex.org/W2971751619,NovaSAR-1 SAR and AIS association (simulated).
Paper 1 (letter: S1A to S1C/1D transfer),(d) 1C/1D onboard AIS,context (other missions),corpus,W4313162307,10.1109/igarss46834.2022.9883377,Satoko Horiyama Miura,2022,ALOS-4 Current Status,IGARSS 2022 - 2022 IEEE International Geoscience and Remote Sensing Symposium,VERIFIED (OpenAlex snapshot title and abstract read),https://openalex.org/W4313162307,ALOS-4 PALSAR-3 with SPAISE3 AIS receiver.
Paper 1 (letter: S1A to S1C/1D transfer),(d) 1C/1D onboard AIS,context (other missions),corpus,W3010735264,10.1109/igarss.2018.8517899,Ramón Torres,2018,Sentinel-1 Satellite Evolution,IGARSS 2018 - 2018 IEEE International Geoscience and Remote Sensing Symposium,VERIFIED (OpenAlex snapshot title and abstract read),https://openalex.org/W3010735264,Describes the 1C/1D AIS instrument.
Paper 1 (letter: S1A to S1C/1D transfer),(d) 1C/1D onboard AIS,closest prior,web search snippet,,,,2026,Availability of Sentinel-1 AIS data (CDSE forum thread 4798),,UNVERIFIED (search snippet),https://forum.dataspace.copernicus.eu/t/availability-of-sentinel-1-ais-data/4798,AIS data restricted to entities named by Copernicus participating states; AIS mask covers European waters and North Sea.
Paper 1 (letter: S1A to S1C/1D transfer),(d) 1C/1D onboard AIS,context,web search snippet,,,,2025,Will the AIS signal data on Sentinel-1C be available for public download? (CDSE forum thread 3179),,UNVERIFIED (search snippet),https://forum.dataspace.copernicus.eu/t/will-the-ais-signal-data-on-the-sentinel-1c-be-available-for-public-download-in-the-future/3179,Public availability not planned.
Paper 1 (letter: S1A to S1C/1D transfer),(e) public labelled 1C/1D datasets,done (1A/1B only),corpus,W2762294195,10.1109/jstars.2017.2755672,Lanqing Huang,2017,OpenSARShip: A Dataset Dedicated to Sentinel-1 Ship Interpretation,IEEE Journal of Selected Topics in Applied Earth Observations and Remote Sensing,VERIFIED (OpenAlex snapshot title and abstract read),https://openalex.org/W2762294195,"OpenSARShip, Sentinel-1A/1B."
Paper 1 (letter: S1A to S1C/1D transfer),(e) public labelled 1C/1D datasets,done (1A/1B only),corpus,W3089780760,10.3390/rs12182997,Tianwen Zhang,2020,LS-SSDD-v1.0: A Deep Learning Dataset Dedicated to Small Ship Detection from Large-Scale Sentinel-1 SAR Images,Remote Sensing,VERIFIED (OpenAlex snapshot title and abstract read),https://openalex.org/W3089780760,"LS-SSDD-v1.0, Sentinel-1."
Paper 1 (letter: S1A to S1C/1D transfer),(e) public labelled 1C/1D datasets,done (1A/1B only),corpus,W2928007866,10.3390/rs11070765,Yuanyuan Wang,2019,A SAR Dataset of Ship Detection for Deep Learning under Complex Backgrounds,Remote Sensing,VERIFIED (OpenAlex snapshot title and abstract read),https://openalex.org/W2928007866,"SAR-Ship-Dataset, Gaofen-3 and Sentinel-1."
Paper 1 (letter: S1A to S1C/1D transfer),(e) public labelled 1C/1D datasets,done (1A/1B only),corpus,W7133194003,10.52202/068431-2726,Fernando Paolo,2022,xView3-SAR: Detecting Dark Fishing Activity Using Synthetic Aperture Radar Imagery,Advances in Neural Information Processing Systems 35,VERIFIED (OpenAlex snapshot title and abstract read),https://openalex.org/W7133194003,"xView3-SAR, Sentinel-1."
Paper 1 (letter: S1A to S1C/1D transfer),(e) public labelled 1C/1D datasets,done (1A/1B only),corpus,W4200291287,10.3390/s21248478,Yuxin Hu,2021,A Dual-Polarimetric SAR Ship Detection Dataset and a Memory-Augmented Autoencoder-Based Detection Method,Sensors,VERIFIED (OpenAlex snapshot title and abstract read),https://openalex.org/W4200291287,Dual-polarimetric Sentinel-1 ship detection dataset.
Paper 1 (letter: S1A to S1C/1D transfer),(e) public labelled 1C/1D datasets,closest prior,web search snippet,,,,2026,OSSDD - a New Open Dataset for Sentinel-1 Ship Detection (arXiv 2608.01963),,UNVERIFIED (search snippet),https://arxiv.org/abs/2608.01963,"15,197 Sentinel-1 VV/VH patches, 55,759 ships, derived from OpenSARShip 1.0 (so 1A/1B)."
Paper 1 (letter: S1A to S1C/1D transfer),(e) public labelled 1C/1D datasets,project fact,project,,,,2026,"Skylight labels are 98% S1A, none S1C/S1D; 54 attribute labels under 15 m",,this project,docs/data_landscape.md,"61,655 point labels, 17,582 attribute labels, median length 115 m."
Paper 1 (letter: S1A to S1C/1D transfer),(b) ship detection on 1C/1D,project fact,project,,,,2026,First 1A/1B-trained CNN applied to a Sentinel-1D scene without 1D ground truth; CNN did not yet beat CFAR,,this project,docs/ml_verifier.md,Interim; recall_by_length table empty (0 labels per bin in data/ml/metrics.json).
Paper 1 (letter: S1A to S1C/1D transfer),(b) ship detection on 1C/1D,project fact,project,,,,2026,"90-day Ca Mau search: 50 Sentinel-1D scenes, 0 Sentinel-1C; 1C made 90 passes elsewhere in the SCS AOI",,this project,docs/gis_baseline.md; docs/scs_regional.md; data/s1_scenes_ca_mau.csv,1C test imagery must come from the wider AOI.
"Paper 2 (flagship: SAR misses by length, SE Asia)",(a) recall vs length,done,corpus,W1974447969,10.1109/igarss.2015.7326217,Ramona Pelich,2015,Performance evaluation of Sentinel-1 data in SAR ship detection,2015 IEEE International Geoscience and Remote Sensing Symposium (IGARSS),VERIFIED (OpenAlex snapshot title and abstract read),https://openalex.org/W1974447969,"Sentinel-1 detection performance with coastal AIS; compared with RADARSAT-2 and COSMO-SkyMed; polarisation, incidence, weather."
"Paper 2 (flagship: SAR misses by length, SE Asia)",(a) recall vs length,done,corpus,W2944261991,10.3390/rs11091078,Ramona Pelich,2019,Large-Scale Automatic Vessel Monitoring Based on Dual-Polarization Sentinel-1 and AIS Data,Remote Sensing,VERIFIED (OpenAlex snapshot title and abstract read),https://openalex.org/W2944261991,"Dual-pol coherence detector; AIS cross-comparison; >80% detection above 60 m, down to 40% for smaller vessels."
"Paper 2 (flagship: SAR misses by length, SE Asia)",(a) recall vs length,done,corpus,W2986485597,10.1109/igarss.2019.8900512,Ramona Pelich,2019,Advancements for Sentinel-1 Based Vessel Monitoring: Dual-Polarization Detection and SAR-Based Coastline Detection,IGARSS 2019 - 2019 IEEE International Geoscience and Remote Sensing Symposium,VERIFIED (OpenAlex snapshot title and abstract read),https://openalex.org/W2986485597,Same method; areas include Gulf of California and English Channel.
"Paper 2 (flagship: SAR misses by length, SE Asia)",(a) recall vs length,done,corpus,W2726746478,10.3390/rs9070678,Carlos A. Santamaria,2017,Mass Processing of Sentinel-1 Images for Maritime Surveillance,Remote Sensing,VERIFIED (OpenAlex snapshot title and abstract read),https://openalex.org/W2726746478,"11,500 Sentinel-1A images of the Mediterranean vs AIS (JRC SUMO)."
"Paper 2 (flagship: SAR misses by length, SE Asia)",(a) recall vs length,done,corpus,W2333312646,10.1109/joe.2016.2520216,Domenico Velotto,2016,First Comparison of Sentinel-1 and TerraSAR-X Data in the Framework of Maritime Targets Detection: South Italy Case,IEEE Journal of Oceanic Engineering,VERIFIED (OpenAlex snapshot title and abstract read),https://openalex.org/W2333312646,"S1 vs TerraSAR-X, south Italy."
"Paper 2 (flagship: SAR misses by length, SE Asia)",(a) recall vs length,done,corpus,W2774746857,10.1109/igarss.2017.8127336,Lanqing Huang,2017,Preliminary evaluation of vessel detectability for Sentinel-1 SAR data,2017 IEEE International Geoscience and Remote Sensing Symposium (IGARSS),VERIFIED (OpenAlex snapshot title and abstract read),https://openalex.org/W2774746857,Minimum detectable vessel length model from Sentinel-1A chip database.
"Paper 2 (flagship: SAR misses by length, SE Asia)",(a) recall vs length,done,corpus,W4229363716,10.3390/rs14092236,Peder Heiselberg,2022,SAR Ship–Iceberg Discrimination in Arctic Conditions Using Deep Learning,Remote Sensing,VERIFIED (OpenAlex snapshot title and abstract read),https://openalex.org/W4229363716,Arctic; 72% of AIS vessels matched to SAR ships; 32% of SAR ships matched to AIS.
"Paper 2 (flagship: SAR misses by length, SE Asia)",(a) recall vs length,done,corpus,W4393950641,10.3390/rs16071198,Dae-Woon Shin,2024,Enhancement of Small Ship Detection Using Polarimetric Combination from Sentinel−1 Imagery,Remote Sensing,VERIFIED (OpenAlex snapshot title and abstract read),https://openalex.org/W4393950641,"Small ship detection, polarimetric combination, Sentinel-1; AIS and V-Pass truth (Korea)."
"Paper 2 (flagship: SAR misses by length, SE Asia)",(a) recall vs length,done,corpus,W4415444090,10.1109/jstars.2025.3624445,Dae-Woon Shin,2025,Small Fishing Vessel Detection Using Polarimetric Observables Fusion With Dual-Polarization Sentinel-1 SAR Data,IEEE Journal of Selected Topics in Applied Earth Observations and Remote Sensing,VERIFIED (OpenAlex snapshot title and abstract read),https://openalex.org/W4415444090,"Small fishing vessel detection, dual-pol Sentinel-1 SLC, 14 scenes 2021-2023 (Korea)."
"Paper 2 (flagship: SAR misses by length, SE Asia)",(a) recall vs length,done,corpus,W4399303994,10.1007/s12601-024-00153-2,Yoon-Kyung Lee,2024,Assessment of Maritime Vessel Detection and Tracking Using Integrated SAR Imagery and AIS/V-Pass Data,Ocean Science Journal,VERIFIED (OpenAlex snapshot title and abstract read),https://openalex.org/W4399303994,SAR with AIS/V-Pass assessment (Korea); no abstract in snapshot.
"Paper 2 (flagship: SAR misses by length, SE Asia)",(a) recall vs length,done,corpus,W4390535614,10.1038/s41586-023-06825-8,Fernando S. Paolo,2024,Satellite mapping reveals extensive industrial activity at sea,Nature,VERIFIED (OpenAlex snapshot title and abstract read),https://openalex.org/W4390535614,Nature 2024: 72-76% of industrial fishing vessels not publicly tracked.
"Paper 2 (flagship: SAR misses by length, SE Asia)",(a) recall vs length,done,corpus,W6902286902,10.6084/m9.figshare.24309475.v4,"Paolo, Fernando",2024,Satellite mapping reveals extensive industrial activity at sea - analysis data,Figshare,VERIFIED (OpenAlex snapshot title and abstract read),https://openalex.org/W6902286902,"Figshare deposit abstract: detection rate >70% at 25 m, >90% at 50 m and longer (Extended Data Fig. 2)."
"Paper 2 (flagship: SAR misses by length, SE Asia)",(a) recall vs length,done,corpus,W3027811057,10.30536/j.ijreses.2019.v16.a3235,Sarah Putri Fitriani,2020,FISHING-VESSEL DETECTION USING SYNTHETIC APERTURE RADAR (SAR) SENTINEL-1 (CASE STUDY: JAVA SEA),International Journal of Remote Sensing and Earth Sciences (IJReSES),VERIFIED (OpenAlex snapshot title and abstract read),https://openalex.org/W3027811057,"Java Sea; two Sentinel-1A scenes, 85 detections, 7.06% matched to VMS; no length analysis."
"Paper 2 (flagship: SAR misses by length, SE Asia)",(a) recall vs length,done,corpus,W4200244151,10.1088/1755-1315/925/1/012058,Marza Ihsan Marzuki,2021,Fishing boat detection using Sentinel-1 validated with VIIRS Data,IOP Conference Series Earth and Environmental Science,VERIFIED (OpenAlex snapshot title and abstract read),https://openalex.org/W4200244151,Indonesia; 21 SAR boats vs 4 VIIRS boats.
"Paper 2 (flagship: SAR misses by length, SE Asia)",(a) recall vs length,done,corpus,W3153986963,10.3390/rs13081487,Peter Lanz,2021,The InflateSAR Campaign: Testing SAR Vessel Detection Systems for Refugee Rubber Inflatables,Remote Sensing,VERIFIED (OpenAlex snapshot title and abstract read),https://openalex.org/W3153986963,InflateSAR: TerraSAR-X and Sentinel-1 over an inflatable on a lake.
"Paper 2 (flagship: SAR misses by length, SE Asia)",(a) recall vs length,done,corpus,W4364368505,10.3390/rs15082008,Peter Lanz,2023,The InflateSAR Campaign: Developing Refugee Vessel Detection Capabilities with Polarimetric SAR,Remote Sensing,VERIFIED (OpenAlex snapshot title and abstract read),https://openalex.org/W4364368505,"InflateSAR: 12 m inflatable, dual- and quad-pol."
"Paper 2 (flagship: SAR misses by length, SE Asia)",(a) recall vs length,done,corpus,W2912855045,10.3390/rs11030293,Andrey A. Kurekin,2019,Operational Monitoring of Illegal Fishing in Ghana through Exploitation of Satellite Earth Observation and AIS Data,Remote Sensing,VERIFIED (OpenAlex snapshot title and abstract read),https://openalex.org/W2912855045,Ghana; Sentinel-1 and Sentinel-2 CFAR detections verified by AIS.
"Paper 2 (flagship: SAR misses by length, SE Asia)",(a) recall vs length,closest prior,web search snippet,,,,2024,"Paolo et al. 2024 Nature methods (nature.com page, snippets only)",,UNVERIFIED (search snippet),https://www.nature.com/articles/s41586-023-06825-8,"Thresholds calibrated to 60% detection of 15-20 m vessels; 97% of undetected AIS vessels under 60 m; 60 m vessels detected >90%, 20 m about 20%."
"Paper 2 (flagship: SAR misses by length, SE Asia)",(a) recall vs length,project fact,project,,,,2026,Project recall-by-length table is empty,,this project,data/ml/metrics.json; data/ml/recall_by_length_test.csv; docs/ml_verifier.md,n_labels = 0 in every bin at 2026-10-02 06:35; doc placeholders [[LENGTH_RESULTS]] unfilled.
"Paper 2 (flagship: SAR misses by length, SE Asia)","(b) incidence, wind, polarisation",done,corpus,W2762015358,10.1109/rtsi.2017.8065913,Domenico Velotto,2017,Comparison of ship detectability between TerraSAR-X and Sentinel-1,2017 IEEE 3rd International Forum on Research and Technologies for Society and Industry (RTSI),VERIFIED (OpenAlex snapshot title and abstract read),https://openalex.org/W2762015358,Detectability S1 vs TerraSAR-X with wind (CMOD5) and sea state (CWAVE).
"Paper 2 (flagship: SAR misses by length, SE Asia)","(b) incidence, wind, polarisation",done,corpus,W2898457859,10.1007/s12567-018-0222-8,Björn Tings,2018,Modelling ship detectability depending on TerraSAR-X-derived metocean parameters,CEAS Space Journal,VERIFIED (OpenAlex snapshot title and abstract read),https://openalex.org/W2898457859,X-band detectability vs TerraSAR-X-derived metocean parameters.
"Paper 2 (flagship: SAR misses by length, SE Asia)","(b) incidence, wind, polarisation",done,corpus,W4383818607,10.3390/rs15133441,Diego Xavier Bezerra,2023,Marine Environmental Impact on CFAR Ship Detection as Measured by Wave Age in SAR Images,Remote Sensing,VERIFIED (OpenAlex snapshot title and abstract read),https://openalex.org/W4383818607,Wave age vs CFAR false alarms in Sentinel-1.
"Paper 2 (flagship: SAR misses by length, SE Asia)","(b) incidence, wind, polarisation",done,corpus,W2516172563,10.3390/s16091345,Xiangguang Leng,2016,An Adaptive Ship Detection Scheme for Spaceborne SAR Imagery,Sensors,VERIFIED (OpenAlex snapshot title and abstract read),https://openalex.org/W2516172563,"Adaptive detection by imaging mode, incidence angle, polarisation."
"Paper 2 (flagship: SAR misses by length, SE Asia)","(b) incidence, wind, polarisation",done,corpus,W1970764305,10.3390/rs70505416,Armando Marino,2015,Ship Detection with Spectral Analysis of Synthetic Aperture Radar: A Comparison of New and Well-Known Algorithms,Remote Sensing,VERIFIED (OpenAlex snapshot title and abstract read),https://openalex.org/W1970764305,Spectral detectors compared with AIS and wind speed.
"Paper 2 (flagship: SAR misses by length, SE Asia)","(b) incidence, wind, polarisation",done,corpus,W4293811847,10.1109/jstars.2022.3203230,Sheng Dong Gao,2022,Performance Comparison of Statistical Models for Characterizing Sea Clutter and Ship CFAR Detection in SAR Images,IEEE Journal of Selected Topics in Applied Earth Observations and Remote Sensing,VERIFIED (OpenAlex snapshot title and abstract read),https://openalex.org/W4293811847,Sea clutter models vs wind speed for CFAR.
"Paper 2 (flagship: SAR misses by length, SE Asia)","(b) incidence, wind, polarisation",done,corpus,W4316035275,10.1016/j.isprsjprs.2022.12.008,Björn Tings,2023,Comparison of detectability of ship wake components between C-Band and X-Band synthetic aperture radar sensors operating under different slant ranges,ISPRS Journal of Photogrammetry and Remote Sensing,VERIFIED (OpenAlex snapshot title and abstract read),https://openalex.org/W4316035275,Wake detectability C-band vs X-band.
"Paper 2 (flagship: SAR misses by length, SE Asia)",(c) total vessel estimates / corrections,done (untracked share among detected),corpus,W2738892649,,Van Wimersma Greidanus Herman,2016,Non-Reporting Ship Traffic in the Western Indian Ocean,Joint Research Centre (European Commission),VERIFIED (OpenAlex snapshot title and abstract read),https://openalex.org/W2738892649,"Western Indian Ocean: one third of SAR ships not on AIS; 1,361 images."
"Paper 2 (flagship: SAR misses by length, SE Asia)",(c) total vessel estimates / corrections,done (untracked share among detected),corpus,W2269737322,10.2788/090400,Santamaria Serna Carlos,2015,Sentinel-1 Maritime Surveillance: Testing and Experiences with Long-term Monitoring,Joint Research Centre (European Commission),VERIFIED (OpenAlex snapshot title and abstract read),https://openalex.org/W2269737322,JRC long-term Sentinel-1 monitoring; non-reporting traffic quantified.
"Paper 2 (flagship: SAR misses by length, SE Asia)",(c) total vessel estimates / corrections,done (untracked share among detected),corpus,W4310959365,10.1038/s41598-022-23688-7,David A. Kroodsma,2022,Revealing the global longline fleet with satellite radar,Scientific Reports,VERIFIED (OpenAlex snapshot title and abstract read),https://openalex.org/W4310959365,"Longline fleet: non-broadcasting 35% north of Madagascar, 10% Polynesia; ~70 SAR images/week for half the fleet (sensor RADARSAT-2 per snippet, UNVERIFIED)."
"Paper 2 (flagship: SAR misses by length, SE Asia)",(c) total vessel estimates / corrections,done (untracked share among detected),corpus,W4404356487,10.1093/icesjms/fsae153,Luca Marsaglia,2024,Shedding light on trawl fishing activity in the Mediterranean Sea with remote sensing data,ICES Journal of Marine Science,VERIFIED (OpenAlex snapshot title and abstract read),https://openalex.org/W4404356487,Mediterranean trawl effort from SAR detections and AIS (GAM).
"Paper 2 (flagship: SAR misses by length, SE Asia)",(c) total vessel estimates / corrections,done (untracked share among detected),corpus,W4412623143,10.1126/science.ado9468,Raphaël Seguin,2025,Global patterns and drivers of untracked industrial fishing in coastal marine protected areas,Science,VERIFIED (OpenAlex snapshot title and abstract read),https://openalex.org/W4412623143,67% of vessel detections in coastal MPAs untracked.
"Paper 2 (flagship: SAR misses by length, SE Asia)",(c) total vessel estimates / corrections,done (untracked share among detected),corpus,W4307930356,10.1126/sciadv.abq2109,Heather Welch,2022,Hot spots of unseen fishing vessels,Science Advances,VERIFIED (OpenAlex snapshot title and abstract read),https://openalex.org/W4307930356,AIS disabling hides up to 6% of activity.
"Paper 2 (flagship: SAR misses by length, SE Asia)",(c) total vessel estimates / corrections,done (untracked share among detected),corpus,W3045253480,10.1126/sciadv.abb1197,Jaeyoon Park,2020,Illuminating dark fishing fleets in North Korea,Science Advances,VERIFIED (OpenAlex snapshot title and abstract read),https://openalex.org/W3045253480,"North Korea; ~3,000 small-scale vessels (abstract truncated in snapshot)."
"Paper 2 (flagship: SAR misses by length, SE Asia)",(c) total vessel estimates / corrections,done (untracked share among detected),corpus,W2940541941,10.3390/rs11090995,Feng-Chi Hsu,2019,Cross-Matching VIIRS Boat Detections with Vessel Monitoring System Tracks in Indonesia,Remote Sensing,VERIFIED (OpenAlex snapshot title and abstract read),https://openalex.org/W2940541941,Indonesia: VIIRS boat numbers exceed VMS numbers; VMS above 30 GT.
"Paper 2 (flagship: SAR misses by length, SE Asia)",(c) total vessel estimates / corrections,done (untracked share among detected),corpus,W4387802125,10.1109/igarss52108.2023.10282208,Maximilian Rodger,2023,Revealing Dark Vessels in the Mauritius Exclusive Economic Zone (EEZ) Using Multi-Temporal SAR and AIS Data,IGARSS 2023 - 2023 IEEE International Geoscience and Remote Sensing Symposium,VERIFIED (OpenAlex snapshot title and abstract read),https://openalex.org/W4387802125,Mauritius EEZ dark vessels from multi-temporal SAR and AIS.
"Paper 2 (flagship: SAR misses by length, SE Asia)",(c) total vessel estimates / corrections,done (untracked share among detected),corpus,W2909928624,10.1016/j.marpol.2018.11.006,Gwilym P. Rowlands,2019,Satellite surveillance of fishing vessel activity in the Ascension Island Exclusive Economic Zone and Marine Protected Area,Marine Policy,VERIFIED (OpenAlex snapshot title and abstract read),https://openalex.org/W2909928624,Ascension Island; SAR used to assess dark (non-AIS) vessels.
"Paper 2 (flagship: SAR misses by length, SE Asia)",(c) total vessel estimates / corrections,closest prior,web search snippet,,,,2019,"Illuminating the South China Sea's Dark Fishing Fleets (CSIS AMTI with Skylight, Jan 2019)",,UNVERIFIED (search snippet),https://amti.csis.org/illuminating-south-china-seas-dark-fishing-fleets/,"AIS, SAR and VIIRS over the Spratly Islands, Aug and Oct 2018; overcapacity and many vessels invisible to AIS."
"Paper 2 (flagship: SAR misses by length, SE Asia)",(d) VIIRS / optical complements,done,corpus,W2113827159,10.3390/rs70303020,Christopher D. Elvidge,2015,Automatic Boat Identification System for VIIRS Low Light Imaging Data,Remote Sensing,VERIFIED (OpenAlex snapshot title and abstract read),https://openalex.org/W2113827159,VIIRS boat detection algorithm.
"Paper 2 (flagship: SAR misses by length, SE Asia)",(d) VIIRS / optical complements,done,corpus,W3159780453,10.3390/ijgi10050277,Xiaoen Li,2021,AIS and VBD Data Fusion for Marine Fishing Intensity Mapping and Analysis in the Northern Part of the South China Sea,ISPRS International Journal of Geo-Information,VERIFIED (OpenAlex snapshot title and abstract read),https://openalex.org/W3159780453,"AIS and VIIRS boat detection fusion, northern South China Sea."
"Paper 2 (flagship: SAR misses by length, SE Asia)",(d) VIIRS / optical complements,done,corpus,W4206029051,10.1093/icesjms/fsab260,Jiajun Li,2021,Trend in fishing activity in the open South China Sea estimated from remote sensing of the lights used at night by fishing vessels,ICES Journal of Marine Science,VERIFIED (OpenAlex snapshot title and abstract read),https://openalex.org/W4206029051,"Lit boats in the open South China Sea ~400 to ~2,000, 2012-2020."
"Paper 2 (flagship: SAR misses by length, SE Asia)",(d) VIIRS / optical complements,done,corpus,W4413757851,10.3390/rs17172967,Dongliang Wang,2025,Nighttime Remote Sensing Analysis of Lit Fishing Boats: Fisheries Management Challenges in the South China Sea (2013–2022),Remote Sensing,VERIFIED (OpenAlex snapshot title and abstract read),https://openalex.org/W4413757851,SCS 2013-2022; small/medium lit boats outnumber large 4.4:1.
"Paper 2 (flagship: SAR misses by length, SE Asia)",(d) VIIRS / optical complements,done,corpus,W4367664131,10.1109/hnicem57413.2022.10109599,Ryan Manuel D. Guido,2022,Exploring Spratly Islands in using VIIRS Boat Detection Satellite Image Analytics,"2022 IEEE 14th International Conference on Humanoid, Nanotechnology, Information Technology, Communication and Control, Environment, and Management (HNICEM)",VERIFIED (OpenAlex snapshot title and abstract read),https://openalex.org/W4367664131,Spratly VIIRS boat detection 2012-2020.
"Paper 2 (flagship: SAR misses by length, SE Asia)",(d) VIIRS / optical complements,done,corpus,W2596131037,10.5281/zenodo.1129046,I. Asanuma,2017,Detection Of Temporal Change Of Fishery And Island Activities By Dnb And Sar On The South China Sea,Zenodo (CERN European Organization for Nuclear Research),VERIFIED (OpenAlex snapshot title and abstract read),https://openalex.org/W2596131037,"VIIRS DNB and SAR, South China Sea."
"Paper 2 (flagship: SAR misses by length, SE Asia)",(d) VIIRS / optical complements,done,corpus,W2994790926,10.3390/rs12010032,Javier Arístegui Ruiz,2019,Sensing the Same Fishing Fleet with AIS and VIIRS: A Seven-Year Assessment of Squid Jiggers in FAO Major Fishing Area 41,Remote Sensing,VERIFIED (OpenAlex snapshot title and abstract read),https://openalex.org/W2994790926,"AIS vs VIIRS, squid jiggers FAO 41."
"Paper 2 (flagship: SAR misses by length, SE Asia)",(d) VIIRS / optical complements,done,corpus,W4407925788,10.1016/j.patrec.2025.02.022,Alessandro Galdelli,2025,Multimodal AI-enhanced ship detection for mapping fishing vessels and informing on suspicious activities,Pattern Recognition Letters,VERIFIED (OpenAlex snapshot title and abstract read),https://openalex.org/W4407925788,"Sentinel-1 with Sentinel-2 and optical, AIS matchmaking."
"Paper 2 (flagship: SAR misses by length, SE Asia)",(d) VIIRS / optical complements,done,corpus,W2786644902,10.1016/j.rse.2017.12.033,Urša Kanjir,2018,Vessel detection and classification from spaceborne optical images: A literature survey,Remote Sensing of Environment,VERIFIED (OpenAlex snapshot title and abstract read),https://openalex.org/W2786644902,Optical vessel detection survey.
"Paper 2 (flagship: SAR misses by length, SE Asia)",(d) VIIRS / optical complements,done,corpus,W4312633089,10.1109/igarss46834.2022.9883658,Christopher D. Elvidge,2022,VIIRS Monitoring and Reporting on Lit Fishing Vessel Detections in Southeast Asia,IGARSS 2022 - 2022 IEEE International Geoscience and Remote Sensing Symposium,VERIFIED (OpenAlex snapshot title and abstract read),https://openalex.org/W4312633089,"VIIRS lit fishing vessel reporting, Southeast Asia."
"Paper 2 (flagship: SAR misses by length, SE Asia)",(e) fleet composition,fragment,corpus,W4321462360,10.11594/ijer.v3i1.36,Faris Nofandi,2022,Vessel Safety Monitoring System (VSMS) Based on LoRA for the Safety of Indonesian Traditional Fishers,Indonesian Journal of Engineering Research,VERIFIED (OpenAlex snapshot title and abstract read),https://openalex.org/W4321462360,90% of the Indonesian fleet under 30 GT (fisheries statistics cited).
"Paper 2 (flagship: SAR misses by length, SE Asia)",(e) fleet composition,fragment,corpus,W3118814988,10.3389/fmars.2020.625766,Owen M. Exeter,2021,Shining Light on Data-Poor Coastal Fisheries,Frontiers in Marine Science,VERIFIED (OpenAlex snapshot title and abstract read),https://openalex.org/W3118814988,"Data-poor coastal fisheries, Southeast Asia."
"Paper 2 (flagship: SAR misses by length, SE Asia)",(e) fleet composition,fragment,corpus,W2786368535,10.1353/asp.2018.0010,Derek Grossman,2018,Can Vietnam’s Military Stand Up to China in the South China Sea?,Asia policy,VERIFIED (OpenAlex snapshot title and abstract read),https://openalex.org/W2786368535,"About 120,000 Vietnamese fishing boats (policy article)."
"Paper 2 (flagship: SAR misses by length, SE Asia)",(e) fleet composition,fragment,corpus,W2940541941,10.3390/rs11090995,Feng-Chi Hsu,2019,Cross-Matching VIIRS Boat Detections with Vessel Monitoring System Tracks in Indonesia,Remote Sensing,VERIFIED (OpenAlex snapshot title and abstract read),https://openalex.org/W2940541941,VMS applies above 30 GT in Indonesia.
"Paper 2 (flagship: SAR misses by length, SE Asia)",(e) fleet composition,closest prior,web search snippet,,,,2025,Viet Nam races to shed EU yellow card (Vietnam News),,UNVERIFIED (search snippet),https://vietnamnews.vn/economy/1730056/viet-nam-races-to-shed-eu-yellow-card-as-crackdown-on-illegal-fishing-intensifies.html,"79,360 vessels in VNFishbase (Nov 2025, 100%); VMS on >99.1% of vessels 15 m and longer."
"Paper 2 (flagship: SAR misses by length, SE Asia)",(e) fleet composition,context,web search snippet,,,,2025,Ca Mau fleet (VietnamPlus / Vietnam News provincial reports),,UNVERIFIED (search snippet),https://en.vietnamplus.vn/,"Ca Mau >5,200 vessels, nearly 1,900 over 15 m; HCMC 2,227 of 4,427 at 15 m+; Phu Yen 681 of ~3,000."
"Paper 2 (flagship: SAR misses by length, SE Asia)",(e) fleet composition,context,web search snippet,,,,2024,"FAO SOFIA 2024, Fishing fleet",,UNVERIFIED (search snippet),https://www.fao.org/3/cd0683en/online/sofia/2024/fishing-fleet.html,"89% of vessels with known LOA under 12 m; Asia 71% of global fleet; size unknown for China, Indonesia, Philippines."
"Paper 2 (flagship: SAR misses by length, SE Asia)",(e) fleet composition,project fact,project,,,,2026,Vietnam: VMS compulsory for fishing vessels 15 m and longer; VMS not open; AIS not required for most fishing boats,,this project,docs/data_landscape.md,"Fisheries Law 2017, Decree 41/2026/ND-CP (text not read)."
"Paper 2 (flagship: SAR misses by length, SE Asia)",(f) acquisition coverage gaps,context,corpus,W4281871930,10.5194/isprs-archives-xliii-b3-2022-301-2022,Lizwe Wandile Mdakane,2022,SENTINEL-1 SAR FOR OPERATIONAL MONITORING OF SOUTHERN AFRICA OCEANS,"The international archives of the photogrammetry, remote sensing and spatial information sciences/International archives of the photogrammetry, remote sensing and spatial information sciences",VERIFIED (OpenAlex snapshot title and abstract read),https://openalex.org/W4281871930,Open Sentinel-1 severely limited for operational EEZ monitoring (South Africa).
"Paper 2 (flagship: SAR misses by length, SE Asia)",(f) acquisition coverage gaps,context,corpus,W3133879474,10.1109/jstars.2021.3062858,Jan Krecke,2021,Detecting Ships in the New Zealand Exclusive Economic Zone: Requirements for a Dedicated SmallSat SAR Mission,IEEE Journal of Selected Topics in Applied Earth Observations and Remote Sensing,VERIFIED (OpenAlex snapshot title and abstract read),https://openalex.org/W3133879474,New Zealand dedicated smallsat SAR requirements for small fishing vessels.
"Paper 2 (flagship: SAR misses by length, SE Asia)",(f) acquisition coverage gaps,context,corpus,W3206936797,10.1109/igarss47720.2021.9554226,Dirk Geudtner,2021,Copernicus Sentinel-1 Next Generation Mission,2021 IEEE International Geoscience and Remote Sensing Symposium IGARSS,VERIFIED (OpenAlex snapshot title and abstract read),https://openalex.org/W3206936797,Sentinel-1 Next Generation coverage and revisit analysis.
"Paper 2 (flagship: SAR misses by length, SE Asia)",(f) acquisition coverage gaps,context,corpus,W1966016748,10.1109/igarss.2015.7326312,Carlos A. Santamaria,2015,Ambiguity discrimination for ship detection using Sentinel-1 repeat acquisition operations,2015 IEEE International Geoscience and Remote Sensing Symposium (IGARSS),VERIFIED (OpenAlex snapshot title and abstract read),https://openalex.org/W1966016748,Uses the pre-established Sentinel-1 observation plan for repeat acquisitions.
"Paper 2 (flagship: SAR misses by length, SE Asia)",(f) acquisition coverage gaps,context,web search snippet,,,,2026,SentiWiki S1 Mission (observation scenario),,UNVERIFIED (search snippet),https://sentiwiki.copernicus.eu/web/s1-mission,Wave mode is the default over open ocean; IW/EW over coastal and selected ocean areas.
"Paper 2 (flagship: SAR misses by length, SE Asia)",(f) acquisition coverage gaps,project fact,project,,,,2026,45% of the South China Sea AOI (1.61 million km2) never imaged in IW in 90 days; 1C made 90 passes in the AOI,,this project,docs/scs_regional.md; data/s1_coverage.json,Not cross-checked against CDSE (blocked).
