openalex_id,doi,year,themes,title,abstract,judgment,note
W2440124605,10.3390/rs8060498,2016,sar_ship_detection,Wake Component Detection in X-Band SAR Images for Ship Heading and Velocity Estimation,"A new algorithm for ship wake detection is developed with the aim of ship heading and velocity estimation. It exploits the Radon transform and utilizes merit indexes in the intensity domain to validate the detected linear features as real components of the ship wake. Finally, ship velocity is estimated by state-of-the-art techniques of azimuth shift and Kelvin arm wavelength. The algorithm is applied to 13 X-band SAR images from the TerraSAR-X and COSMO/SkyMed missions with different polarization and incidence angles. Results show that the vast majority of wake features are correctly detected and validated also in critical situations, i.e., when multiple wake appearances or dark areas not related to wake features are imaged. The ship route estimations are validated with truth-at-sea in seven cases. Finally, it is also verified that the algorithm does not detect wakes in the surroundings of 10 ships without wake appearances.",,
W2470744786,10.1109/jstars.2016.2551730,2016,sar_ship_detection,A Comparative Study of Operational Vessel Detectors for Maritime Surveillance Using Satellite-Borne Synthetic Aperture Radar,"This paper presents a comparative study among four operational detectors that work by automatically post-processing synthetic aperture radar (SAR) images acquired from the satellite platforms RADARSAT-2 and COSMO-SkyMed. Challenging maritime scenarios have been chosen to assess the detectors' performance against features such as ambiguities, significant sea clutter, or irregular shorelines. The SAR images which form the test data are complemented with ground truth to define the reference detection configuration, which permits quantifying the probability of detection, the false alarm rate, and the accuracy of estimating ship dimensions. Although the results show that all the detectors perform well, there is no perfect detector, and a better detection system could be developed that combines the best elements from each of the single detectors. In addition to the comparison exercise, the study has facilitated the improvement of the detectors by highlighting weaknesses and providing means for fixing them.",,
W2587228463,10.1134/s0001433816090206,2016,viirs_boats,Determination of the chlorophyll a concentration by MODIS-Aqua and VIIRS satellite radiometers in Eastern Arctic and Bering Sea,"The waters of the Bering and Chukchi seas, as well as the De Long Strait, are investigated based on the data obtained in August 2013 during the scientific expedition of the Far Eastern Floating University on the research vessel Professor Khlyustin. Chlorophyll a concentrations calculated from MODIS-Aqua and VIIRS satellite data by ocean color and obtained by means of shipboard flow-through fluorometric measurements are comparatively analyzed. Vessel data are corrected for standard spectrophotometric measurements and the vertical depth distribution of phytoplankton. It has been found that, in the waters of the Eastern Arctic, satellite radiometers showed overestimated chlorophyll a concentrations in the upper seawater layer visible from the satellite. This is associated with the additional contribution of colored dissolved organic matter in the sea surface color. In the De Long Strait, satellite measurements incorrectly estimate the depth integrated chlorophyll a concentration, since the bulk of phytoplankton cells at a chlorophyll a concentration of 10–20 g/L is at depths of 25–30 m with luminosity of 5%.",,
W2626591931,10.1109/jstars.2017.2703862,2017,sar_ship_detection,An Automatic Ship Detection Method for PolSAR Data Based on K-Wishart Distribution,"For polarimetric synthetic aperture radar (PolSAR) data, abundant structure and textural information significantly enhance the ability of ship detection. This paper presents an automatic ship detection algorithm for PolSAR data, termedK-Wishart detector, which utilizes non-Gaussian K-Wishart classifier and incorporates the polarimetric SPAN parameter to identify the ships. The fundamental assumption is that the PolSAR data could be well characterized by the non-Gaussian K-Wishart distribution. The automatic ship detection scheme mainly consists of two steps. First, the PolSAR data are divided into different unlabeled clusters by the automatic non-Gaussian K-Wishart classifier. Then, the SPAN information is used to extract ships among multiple unlabeled clusters considering the energy difference with ambient environment. Finally, the proposed method is validated using real measured NASA/JPL AIRSAR and UAVSAR datasets by comparing the performance with modified CFAR detector, SPAN Wishart (SPWH) detector, and Wishart detector. The comparison results show that the proposed algorithm could improve the ability of target detection while reduces the rate of false alarm and miss detections.",,
W2763122409,10.1117/12.2277941,2017,sar_ais_fusion;sar_ship_detection,A combined use of multispectral and SAR images for ship detection and characterization through object based image analysis,"Marine routes represent a huge portion of commercial and human trades, therefore surveillance, security and environmental protection themes are gaining increasing importance. Being able to overcome the limits imposed by terrestrial means of monitoring, ship detection from satellite has recently prompted a renewed interest for a continuous monitoring of illegal activities. This paper describes an automatic Object Based Image Analysis (OBIA) approach to detect vessels made of different materials in various sea environments. The combined use of multispectral and SAR images allows for a regular observation unrestricted by lighting and atmospheric conditions and complementarity in terms of geographic coverage and geometric detail. The method developed adopts a region growing algorithm to segment the image in homogeneous objects, which are then classified through a decision tree algorithm based on spectral and geometrical properties. Then, a spatial analysis retrieves the vessels’ position, length and heading parameters and a speed range is associated. Optimization of the image processing chain is performed by selecting image tiles through a statistical index. Vessel candidates are detected over amplitude SAR images using an adaptive threshold Constant False Alarm Rate (CFAR) algorithm prior the object based analysis. Validation is carried out by comparing the retrieved parameters with the information provided by the Automatic Identification System (AIS), when available, or with ma",,
W2899691262,10.1109/icnidc.2018.8525532,2018,sar_ship_detection,Ship detection in foggy remote sensing image via scene classification R-CNN,"The object detection networks via Faster R-CNN for ship detection have demonstrated impressive performance. However, the complexity of weather conditions in high resolution satellite images exposes the limited capacity of these networks. Images interfered by fog are common in optical remote sensing images. In this paper, we embrace this observation and introduce our research. Unlike SAR images, optical sensor images are very susceptible to the effects of the weather, especially clouds and fog. So, accurate target information cannot be obtained from these image, which reduces the accuracy of ship detection. To solve this problem, we attempts to introduce the image defogging methods into object detection networks to suppress the interference of clouds. Secondly, the SC-R-CNN structure is proposed, which uses the scene classification network (SCN) to realize the classification of fog-containing images and cascaded with the object detection network to form a dual-stream object detection framework. In addition, the combination of defogging methods and the SC-R-CNN network also produces more optimized results. We use the remote sensing image data set containing various types of weather conditions to confirm the validity and accuracy of the proposed method.",,
W2900670279,10.5194/isprs-annals-iv-5-311-2018,2018,sar_ship_detection,DETECTION OF MARINE VESSELS BASED ON VARIATION OF DEGREE OF POLARIZATION,"Abstract. For improving security of any country, satellite images are playing vital role. Vessels detection using SAR imagery is one of the primary requirements for maritime surveillance. In this paper, the algorithm used for vessels detection has four parts. The first part includes pre-processing to reduce speckle noise, second part helps in the reduction of cross polarization by real and complex rotation of the coherency matrix, third part derives a new parameter called variation of degree of polarization (VD) and fourth one is a post processing part to connect region and fill gaps using morphological operation. The proposed algorithm is tested on ALOS PALSAR1 (space borne L band) and UAVSAR (Airborne L band) datasets and yielded promising results with a relatively few false alarms.",,
W2906755412,10.1080/01431161.2018.1563839,2019,sar_ship_detection,"A detection method for near-ship wakes based on interferometric magnitude, phase and physical shape in ATI-SAR systems","Near-ship wakes approximately form a triangle region on the sea surface, and they differ from the background sea in a wave pattern, wave propagation direction and velocity, and fluid particle orbital motion. The differences are observed by along-track interferometric synthetic aperture radar (ATI-SAR) systems, and can be properly measured by the ATI techniques. In this paper, a detection method for near-ship wakes based on interferometric magnitude, phase and physical shape in ATI-SAR systems is proposed. The complex multi-look interferometric information for near-ship wakes is first utilized to detect potential pixels. Then, a cluster algorithm is designed based on the interferometric phase and spatial position characteristics of near-ship wakes. After clustering the detected pixels and performing image close operation, the near-ship wakes, which is the triangular region with a much larger physical area than those of common ships or other false alarms, can be identified. Finally, simulation results validate the effectiveness of the proposed method.",,
W2975079793,10.1109/tgrs.2019.2931353,2019,sar_ship_detection,CFAR Ship Detection in Polarimetric Synthetic Aperture Radar Images Based on Whitening Filter,"Polarimetric whitening filter (PWF) can be used to filter polarimetric synthetic aperture radar (PolSAR) images to improve the contrast between ships and sea clutter background. For this reason, the output of the filter can be used to detect ships. This paper deals with the setting of the threshold over PolSAR images filtered by the PWF. Two parameter-constant false alarm rate (2P-CFAR) is a common detection method used on whitened polarimetric images. It assumes that the probability density function (PDF) of the filtered image intensity is characterized by a log-normal distribution. However, this assumption does not always hold. In this paper, we propose a systemic analytical framework for CFAR algorithms based on PWF or multi-look PWF (MPWF). The framework covers the entire log-cumulants space in terms of the textural distributions in the product model, including the constant, gamma, inverse gamma, Fisher, beta, inverse beta, and generalized gamma distributions ($\text{G}\Gamma $Ds). We derive the analytical forms of the PDF for each of the textural distributions and the probability of false alarm (PFA). Finally, the threshold is derived by fixing the false alarm rate (FAR). Experimental results using both the simulated and real data demonstrate that the derived expressions and CFAR algorithms are valid and robust.",,
W3025122331,10.25923/bzff-h428,2020,viirs_boats,"Mapping Data Acquisition and Processing Summary Report: EX-18-04, Dedicated Joint Polar Satellite System (JPSS) Visible Infrared Imaging Radiometer Suite (VIIRS) Ocean Color Calibration/Validation Cruise May 2018 (Mapping)","The purpose of this report is to briefly describe the acoustic seafloor and water-column mapping data collection and processing methods used during the EX-18-04 dedicated JPSS VIIRS Ocean Color Calibration/Validation Cruise May 2018. EX-18-04 was unique since it was not planned and executed by NOAA OER. EX-18-04 was planned and lead by NOAA National Environmental, Satellite, Data and Information Service (NESDIS) All OER objectives were secondary to that of the NESDIS team, however opportunistic mapping operations occurred as much as possible in pursuit of the OER always exploring concept of operations. This report will present an overall summary of mapping results and mapping related cruise activities. A detailed description of the Okeanos Explorer’s mapping capabilities is available in the 2018 NOAA Ship Okeanos Explorer Survey Readiness Report, which is available in the NOAA Central Library.",,
W3129922914,10.1109/igarss39084.2020.9324107,2020,sar_ship_detection,Ship Detection Based on Superpixelwise Local Contrast Measurement for PolSAR Images,"To reduce the influence of speckle noise on the pixel-level target detection method, a novel ship detection method is proposed for polarimetric synthetic aperture radar (PoISAR) images based on superpixelwise local contrast measurement. In the proposed method, superpixels are firstly generated based on the improved simple linear iterative clustering (SLIC) method for polarimetric SAR image. Then the local contrast measurement is calculated between a certain superpixel and its neighborhood superpixels to enhance the discriminability between ship targets and clutter background. Thus, better target detection performance can be obtained. The effectiveness of the proposed method can be demonstrated by experiments on both quad-polarized and dual-polarized real SAR images.",,
W3146738929,10.26565/2410-7360-2019-51-16,2019,iuu_remote_sensing,Current state of atmospheric air pollution in Ukraine based on Sentinel-5P satellite data,"Introduction. Industrial development and increasing traffic emissions cause air quality problems. The most accurate for air pollution analysis are ground-based data; however, it is very limited in space. Modelling could solve this problem, but huge amount of input information and limits of computational power make it difficult to analyze big territories with high resolution. Sentinel-5P satellite with TROPOMI instrument nowadays gives opportunities to monitor the air pollution with good spatial resolution. The purpose of the study is to analyse nitrogen dioxide, sulfur dioxide, carbon monoxide and formaldehyde spatial and temporal distribution over Ukraine and Black Sea and Azov Sea. Methods and raw data. There were selected Sentinel-5P data of NO2, SO2, CO and HCHO for the period from first data release in 2018 to June, 2019. Data processing implemented in Google Earth Engine using JavaScript programming in The Earth Engine Code Editor. Results and discussion. Joint analysis of NO2 tropospheric, stratospheric and total columns showed the prevailing of tropospheric NO2 content and therefore crucial role of anthropogenic emission sources. While background NO2 total column varies from 4·10-5 mol/m2 to 7·10-5 mol/m2, in the most polluted cities content exceeds 1·10-4 mol/m2. The highest values are observed in Kyiv and industrial cities in Donbas region. Some of them are situated in the area of Joint Forces Operation outside the demarcation line. Sentinel-5P data catch the large ",,
W3149266075,,2018,sar_ship_detection,Moving Ship Detection Based on Wakes Features in ATI-SAR Systems,"Detecting moving ships of low signal-to-noise ratio (SNR) is a challenging task in synthetic aperture radar (SAR) images. In this paper, a ship detection method based on wakes features in along-track interferogram (ATI)-SAR systems is proposed. The ship radial velocity and spatial position, acquired by using the Kelvin wave spectrum characteristics and the geometrical relationship between the moving ship and its wake, are utilized to detect the moving ship on the basis of the multilook interferomatric magnitude and phase detections. Experimental results validate the effectiveness of the proposed method for the low-SNR moving ships.",,
W3178716138,10.14445/23488549/ijece-v8i5p101,2021,sar_ship_detection,Ship Detection in Medium-Resolution SAR Images using Deep learning,,,
W3207168577,10.1109/igarss47720.2021.9553192,2021,sar_ship_detection,A HOG Feature Fusion Method to Improve CNN-Based SAR Ship Classification Accuracy,"Ship classification in Synthetic Aperture Radar (SAR) images is a fundamental and important step in ocean surveillance. Recently, with the rise of Deep Learning (DL), Convolutional Neural Network (CNN)-based SAR ship classifiers have made a huge accuracy progress compared with traditional hand-crafted feature methods. However, existing most CNN-based classification models uncritically abandon traditional mature hand-crafted features, but excessively rely on abstract features extracted by deep networks, which possibly brings great challenges in further improving classification performance. Therefore, to address this problem, this paper proposes a Histogram of Oriented Gradient (HOG) feature fusion method to improve CNN-based SAR ship classification accuracy. Experimental results on the open SAR ship classification dataset OpenSARShip reveal that when combining HOG feature fusion, the classification accuracy can achieve a 7.64% improvement.",,
W4212861843,10.3390/electronics11040634,2022,small_vessel,Feature Enhancement-Based Ship Target Detection Method in Optical Remote Sensing Images,"Ship targets in ORSIs (Optical Remote Sensing Images) have the characteristics of various scales, and most of them are medium and small-scale targets. When the existing target detection algorithms are applied to ship target detection in ORSIs, the detection accuracy is low. There are two main reasons for the above problems, one is the mismatch of the receptive fields, and the other is the lack of feature information. For resolving the problem that multi-scale ship targets are difficult to detect, this paper proposes a ship target detection algorithm based on feature enhancement. Firstly, EIRM (Elastic Inception Residual Module) is proposed for feature enhancement, which can capture feature information of different dimensions and provide receptive fields of different scales for mid- and low-level feature maps. Secondly, the SandGlass-L block is proposed by replacing the ReLu6 activation function of the SandGlass block with the Leaky ReLu activation function. Leaky ReLu solves the problem of 0 output when ReLu6 has negative input, so the SandGlass-L block can retain more feature information. Finally, based on SandGlass-L, SGLPANet (SandGlass-L Path Aggregation Network) is proposed to alleviate the problem of information loss caused by dimension transformation and retain more feature information. The backbone network of the algorithm in this paper is CSPDarknet53, and the SPP module and EIRM act after the backbone network. The neck network is SGLPANet. Experiments on the NWPU VH",,
W4281762445,10.3390/rs14112712,2022,sar_ship_detection,"Deep Learning for SAR Ship Detection: Past, Present and Future","After the revival of deep learning in computer vision in 2012, SAR ship detection comes into the deep learning era too. The deep learning-based computer vision algorithms can work in an end-to-end pipeline, without the need of designing features manually, and they have amazing performance. As a result, it is also used to detect ships in SAR images. The beginning of this direction is the paper we published in 2017BIGSARDATA, in which the first dataset SSDD was used and shared with peers. Since then, lots of researchers focus their attention on this field. In this paper, we analyze the past, present, and future of the deep learning-based ship detection algorithms in SAR images. In the past section, we analyze the difference between traditional CFAR (constant false alarm rate) based and deep learning-based detectors through theory and experiment. The traditional method is unsupervised while the deep learning is strongly supervised, and their performance varies several times. In the present part, we analyze the 177 published papers about SAR ship detection. We highlight the dataset, algorithm, performance, deep learning framework, country, timeline, etc. After that, we introduce the use of single-stage, two-stage, anchor-free, train from scratch, oriented bounding box, multi-scale, and real-time detectors in detail in the 177 papers. The advantages and disadvantages of speed and accuracy are also analyzed. In the future part, we list the problem and direction of this field. We ca",,
W4312401178,10.1109/igarss46834.2022.9884747,2022,sar_ship_detection,Feature-Transferable Pyramid Network for Dense Multi-Scale Object Detection in SAR Images,"In synthetic aperture radar (SAR) images, there are a large number of dense multi-scale objects, especially dense multi-scale ships docked along the coast. Existing object detection methods are difficult to simultaneously detect dense multi-scale objects in complex background. A novel method for dense multi-scale object detection in SAR images based on Feature-Transferable Pyramid Network (FTPN) is proposed in this paper. In the stage of feature extraction, the feature maps of each layer are connected effectively and the feature maps of various scales are extracted. This method can extract the features of dense multi-scale objects more effectively, so as to realize simultaneous detection of dense multi-scale objects in SAR images. Experiments on SSDD dataset, AIR-SARShip-2.0 dataset and Gaofen-3 dataset show that the proposed method can achieve dense multi-scale object detection, and the overall performance is better than the state-of-the-art methods.",,
W4316363366,10.3389/fenvs.2023.1082619,2023,iuu_remote_sensing,Free and underfit-scavenger river dynamics dominate the large Amazonian Pacaya-Samiria wetland structure,"The Peruvian Amazon is known for harboring the greatest biodiversity on the planet, with a world record for biodiversity per unit area. Previous studies suggested that the high ecological value depends on correlations between ecosystem functionality and seasonal inundation control vegetation patches. However, the knowledge on how river morphodynamics and its complex erosion-depositional processes influence the aquatic mosaic and fishing activity in the region is still incipient. This study examines the hydrogeomorphology of the Peruvian tropical wetland of Pacaya Samiria, located in Western Amazonia, and its role in the distribution of aquatic habitats. By using remote sensing techniques, the hydrogeomorphological connectivity that bounds the Pacaya Samiria National Reserve is characterized by ancient to modern river processes. Additionally, river signatures developed by the Ucayali, Marañon, Huallaga, Pacaya, and Samiria Rivers overlap with fish extraction and dominant vegetation to describe how geomorphology is associated with the spatial distribution of fishing zones. Results indicated that paleochannels regulate wetland drainage within the Ucamara Depression, supporting stational water stagnation, vegetation cover, and formation of carbon rich detritus, relevant aspects to understand fish traits. Moreover, the Ucayali River dominates river dynamics in the Pacaya Samiria wetland, thus playing a pivotal role in shaping the complexity of streams and lakes. Furthermore, under",,
W4323022547,10.1109/tgrs.2023.3251694,2023,sar_ship_detection;small_vessel,HRLE-SARDet: A Lightweight SAR Target Detection Algorithm Based on Hybrid Representation Learning Enhancement,"In recent years, deep learning has been widely used in remote sensing, especially in the field of synthetic aperture radar (SAR) image target detection. However, all of these deep learning models continue increasing the network’s depth and width without maintaining a good balance between accuracy and speed. Therefore, in this article, we propose a hybrid representation learning-enhanced SAR target detection algorithm based on the unique features of SAR images from a lightweight perspective called HRLE-SARDet. First, we design a lightweight and scattering feature extraction backbone that is more suitable for SAR image data. Second, for the multiscale feature discrepancy, we design a new multiscale feature fusion neck. Next, to better extract the scattering information from small targets of SAR images and improve the detection accuracy, we design a lightweight hybrid representation learning enhancement module. Finally, to better fit target detection for SAR image datasets, we redesign a more flexible loss function, which allows for an easy adjustment of the importance of polynomial bases according to the target task and dataset. Extensive experimental results on three SAR image ship target datasets (SSDD, AIR-SARShip-2.0, and HRSID) and a newly released large multiclass target SAR dataset (MSAR-1.0) show that our HRLE-SARDet achieves 98.4%, 79.2%, 92.5%, and 88.4% mean average precision (mAP) with only 1.09 M parameters and 2.5 G floating-point operations (FLOPs) on the SSDD, A",,
W4360604925,10.1109/icaiic57133.2023.10067131,2023,sar_ship_detection,A Deep Learning-Based SAR Ship Detection,"In recent years, with the in-depth development of remote sensing technology, ship detection based on remote sensing images has become an important task for coastal countries. Synthetic aperture radar (SAR) is one of the most important active imaging sensors in remote sensing since it is not affected by the clouds, day and night. However, ship targets in SAR images have problems such as unclear contour information, complex background, and strong scattering. Ship detection algorithms based on the convolutional neural networks achieved good results, albeit with many missed and false detections. You only look once (YOLO) is a single-stage target detection algorithm, which has the characteristics of fast speed and high accuracy. In this paper, a YOLOv7-based ship scheme for SAR images is proposed. Numerical experiments on the high-resolution SAR images dataset (HRSID) and SAR ship detection dataset (SSDD) prove the effectiveness of the method, showing that the method can increase the speed without reducing the detection accuracy and recall. In addition, the experimental results also demonstrate the robustness of the model and the ability to detect ship targets in complex marine environment.",,
W4386414467,10.1109/conecct57959.2023.10234764,2023,sar_ship_detection,YOLOv5 Model-based Ship Detection in High Resolution SAR Images,"Detection of ships in Synthetic Aperture Radar (SAR) images play a crucial role in maritime surveillance, most importantly under complex sea conditions. SAR permits observation in any weather conditions, at all hours of the day and night. At present, the ship detection from SAR images is a notable area of research since it is very difficult to detect the ships in the SAR images using traditional object or target detection algorithms. In this work, a You Only Look Once version 5 (YOLOv5) based ship detection model from SAR images with faster training speed and higher accuracy is implemented and tested. This model achieved a mean average precision (mAP) of 96.2% with a training time of 8.63 hours. This work also provides a comparative analysis with the existing methods for detection of ships in SAR images. The comparison shows that the YOLOv5 based model performs better in terms of both mean average precision and training time when compared to the existing models.",,
W4389615008,10.3390/rs15245701,2023,sar_ship_detection;small_vessel,Artisanal Mining River Dredge Detection Using SAR: A Method Comparison,"Challenges exist in monitoring artisanal and small-scale mining (ASM) activities, given their dynamic and often informal nature. ASM takes form through various techniques and scales, including riverine dredging, which often targets the abundant alluvial gold deposits in South America. Remote sensing offers a solution to improve data collection, regulation, and monitoring of the more mobile and elusive ASM activities and their impacts. Mapping ASM riverine dredges using Synthetic Aperture Radar (SAR) is one of the application areas least explored. Three semi-automated detection approaches using Sentinel-1 SAR are compared on their ability to identify dredges with minimal false positives. The methods are: (i) Search for Unidentified Maritime Objects (SUMO), an established method for large ocean ship detection; and two techniques specifically developed for riverine environments that are introduced in this paper: (ii) a local detection method; and (iii) a global threshold method. A visual interpretation of SAR data with the inclusion of optical high-resolution data are used to generate a validation dataset. Results show it is possible to semi-automatically detect riverine dredge using SAR and that a local detection method provides the best balance between sensitivity and precision and has the lowest risk of error. Future improvements may consider further automation, more discriminatory variables, and analyzing the methods in different environments and at higher spatial resolution",,
W4401510976,10.3390/jmse12081379,2024,sar_ship_detection,Ship Detection in Synthetic Aperture Radar Images Based on BiLevel Spatial Attention and Deep Poly Kernel Network,"Synthetic aperture radar (SAR) is a technique widely used in the field of ship detection. However, due to the high ship density, fore-ground-background imbalance, and varying target sizes, achieving lightweight and high-precision multiscale ship object detection remains a significant challenge. In response to these challenges, this research presents YOLO-MSD, a multiscale SAR ship detection method. Firstly, we propose a Deep Poly Kernel Backbone Network (DPK-Net) that utilizes the Optimized Convolution (OC) Module to reduce data redundancy and the Poly Kernel (PK) Module to improve the feature extraction capability and scale adaptability. Secondly, we design a BiLevel Spatial Attention Module (BSAM), which consists of the BiLevel Routing Attention (BRA) and the Spatial Attention Module. The BRA is first utilized to capture global information. Then, the Spatial Attention Module is used to improve the network’s ability to localize the target and capture high-quality detailed information. Finally, we adopt a Powerful-IoU (P-IoU) loss function, which can adjust to the ship size adaptively, effectively guiding the anchor box to achieve faster and more accurate detection. Using HRSID and SSDD as experimental datasets, mAP of 90.2% and 98.8% are achieved, respectively, outperforming the baseline by 5.9% and 6.2% with a model size of 12.3 M. Furthermore, the network exhibits excellent performance across various ship scales.",,
W4403023278,10.1109/ccssta62096.2024.10691702,2024,sar_ais_fusion;sar_ship_detection,Overview of SAR Image Fusion Processing Techniques with Other Sensor Data,"Synthetic Aperture Radar (SAR), with its all-weather and all-day operational capabilities and wide-area detection ability, has become an important means for global monitoring of terrain and oceans. The fusion processing of SAR images with other sensor data can fully utilize the complementary advantages of information from various sensors to obtain richer and more targeted fusion results. This paper first analyzes and summarizes the SAR and opticalimage fusion processing techniques, including the main methods of pixel-level, feature-level, and decision-level fusion; then introduces the SAR and Automatic Identification System (AIS) data fusion processing technology, including data association methods based on location feature information and basedon multi-feature fusion, as well as ship fusion detection and recognition methods; finally, it summarizes the aforementioned methods.",,
W4403182798,10.1109/tgrs.2024.3474702,2024,sar_ship_detection,PolSAR Ship Characterization and Robust Detection at Different Grazing Angles With Polarimetric Roll-Invariant Features,"Polarimetric synthetic aperture radar (PolSAR) plays an important role in remote sensing. As a valuable application, PolSAR ship detection receives great attention and obtains fruitful achievements recently. Since ship targets’ scattering responses are highly sensitive to the radar grazing angles, robust PolSAR ship detection still faces challenges especially the very low target to clutter ratio (TCR) phenomenon at large grazing angles. How to find stable polarimetric features for robust ship detection at different grazing angles becomes the key scientific problem. This work dedicates to this issue and the main idea is to explore the potentials of polarimetric roll-invariant features which are relatively independent to radar looking directions. The main contributions are threefold. First, quantitative investigations are conducted to disclose the variation law of ship targets and sea clutters’ polarimetric scattering mechanisms in terms of different grazing angles with electromagnetic computation data and PolSAR datasets. Second, the performances of polarimetric roll-invariant features are significantly examined with the TCR and the absolute difference (AD) indexes. Five optimal polarimetric roll-invariant features with stable TCRs over the wide grazing angle range are founded, which can clearly enhance the contrast between ship targets and sea clutters at large grazing angles. Finally, robust PolSAR ship detection approaches are established with the selected polarimetric roll",,
W4408047576,10.1109/access.2025.3546764,2025,sar_ship_detection,LN-SCNet: A Lightweight Convolutional Neural Network for SAR Ship Classification,"Ship classification is a critical challenge in the domain of synthetic aperture radar (SAR) automatic target recognition, primarily due to the large number of pixels occupied by ships in high-resolution SAR images. This results in substantial input sizes, which lead to increased computational demands and a large number of parameters in the classification network. In this paper, a new SAR ship classification method based on a lightweight convolutional neural network (CNN) is proposed. The method aims to achieve competitive accuracy and efficiency in classifying ships within SAR images. To evaluate the effectiveness of the proposed method, extensive experiments were conducted on the publicly available FUSAR-Ship dataset. The experimental results demonstrate that the proposed method achieves a classification accuracy of 76.12%and an F1 score of 56.67%. Furthermore, comparisons with other state-of-the-art lightweight CNN methods indicate that the proposed method outperforms existing methods in terms of classification performance.",,
W4412629236,10.3390/rs17152588,2025,sar_ship_detection,Towards Efficient SAR Ship Detection: Multi-Level Feature Fusion and Lightweight Network Design,"Synthetic Aperture Radar (SAR) provides all-weather, all-time imaging capabilities, enabling reliable maritime ship detection under challenging weather and lighting conditions. However, most high-precision detection models rely on complex architectures and large-scale parameters, limiting their applicability to resource-constrained platforms such as satellite-based systems, where model size, computational load, and power consumption are tightly restricted. Thus, guided by the principles of lightweight design, robustness, and energy efficiency optimization, this study proposes a three-stage collaborative multi-level feature fusion framework to reduce model complexity without compromising detection performance. Firstly, the backbone network integrates depthwise separable convolutions and a Convolutional Block Attention Module (CBAM) to suppress background clutter and extract effective features. Building upon this, a cross-layer feature interaction mechanism is introduced via the Multi-Scale Coordinated Fusion (MSCF) and Bi-EMA Enhanced Fusion (Bi-EF) modules to strengthen joint spatial-channel perception. To further enhance the detection capability, Efficient Feature Learning (EFL) modules are embedded in the neck to improve feature representation. Experiments on the Synthetic Aperture Radar (SAR) Ship Detection Dataset (SSDD) show that this method, with only 1.6 M parameters, achieves a mean average precision (mAP) of 98.35% in complex scenarios, including inshore and offshore",,
W4412747944,10.1109/tgrs.2025.3594085,2025,small_vessel,Transformer-Based Object Detection in Low-Altitude Maritime UAV Remote Sensing Images,"Object detection technology plays an essential role in Unmanned Aerial Vehicle (UAV) sea search and rescue missions, which aim to quickly locate crucial targets such as trapped people and ships at sea in the complex marine environment. However, due to the restricted view angle of the UAV and the specificity of the working environment, the remote sensing images captured in the marine environment are characterized by small targets and considerable interference on the sea surface, which brings significant challenges to the UAV sea rescue mission. To address this issue, we propose an object detection model based on the Transformer architecture in this paper. The model takes FCDS-DETR as the baseline and introduces a two-dimensional Gaussian probability density distribution as an additional attention mechanism to speed up the model’s location of suspicious targets in the image to improve the detection accuracy of the model for targets. At the same time, the denoising training method is introduced in the model’s training process to stabilize the bipartite graph matching and promote the convergence of the model. On the SDS ODv2 and AFO object detection datasets, our model achieves an average precision of 51% and 54.5%, respectively, which is an improvement of 5.7% and 4.4% compared to the baseline model’s performance on these datasets.",,
W4414054442,10.1109/acctcs66275.2025.00013,2025,small_vessel,GCM-YOLO: A Multi-Scale Multi-View Infrared Ship Target Detection Model Based on the Improved YOLOv8,"The detection of infrared ship target constitutes a cornerstone in areas including infrared guidance, satellite detection, and maritime warfare. Existing infrared ship target detection models can achieve good detection accuracy in simple, general scenes. However, under complex sea-sky scenarios, adverse weather conditions, and other challenging environments, their performance, including detection rate and false alarm rate, is significantly affected. This is particularly evident when facing problems such as drastic changes in target scale and substantial differences in target imaging from different viewpoints, where the performance of target detection models needs improvement. To address these issues, this study develops an enhanced ship detection model based on YOLOv8, named GCM-YOLO, for multi-scale, multi-view infrared ship target detection. The model introduces the GhostConv module to replace traditional convolution modules, improving inference speed. It also integrates the CBAM module and replaces SPPF with SPPFCSPC, enhancing the model's ability to detect complex features and improving multi-scale information fusion capability. Additionally, GCM-YOLO adds a small target detection head to improve the detection accuracy of small-scale ships. Our experiment demonstrate that GCM-YOLO outperforms traditional methods on a self-built infrared ship target dataset, especially demonstrating better accuracy and robustness in multi-scale, multi-view infrared ship target detection. T",,
W4414200813,10.3390/electronics14183648,2025,sar_ais_fusion;sar_ship_detection,"AI at Sea, Year Six: Performance Evaluation, Failures, and Insights from the Operational Meta-Analysis of SatShipAI, a Sensor-Fused Maritime Surveillance Platform","Six years after its deployment, SatShipAI, an operational platform combining AI models with Sentinel-1 SAR imagery and AIS data, has provided robust maritime surveillance around Denmark. A meta-analysis of archived outputs, logs, and manual reviews shows stable vessel detection and classification performance over time, including successful cross-sensor application to X-band SAR data without retraining. Key operational challenges included orbit file delays, nearshore detection limits, and emerging infrastructure such as wind farms. The platform proved particularly valuable for detecting offshore “dark” vessels beyond AIS coverage, informing maritime security, traffic management, and emergency response. These findings demonstrate the feasibility, resilience, and adaptability of long-term AI–geospatial systems, offering practical guidance for future autonomous monitoring infrastructure.",,
W4415704342,10.1016/j.sysarc.2025.103621,2025,sar_ship_detection,SAR-DetAttack: GAN-based adversarial attack with transfer learning for ship detection in satellite SAR images,,,
W4416922679,10.1109/iscipt67144.2025.11265206,2025,iuu_remote_sensing;small_vessel,Research and Application of Ship Detection Methods in Satellite Images Based on Improved YOLOv8,"This study addresses key challenges in ship detection from satellite imagery, such as complex marine background interference and low accuracy in small target detection, by proposing an improved detection model based on the YOLOv8 architecture. The method effectively enhances feature representation and target discrimination capabilities in complex scenarios through the integration of a Multi-Scale Feature Enhancement MFE module and an Anti-Interference Loss function AM-Loss. Experimental results on the BoatDataset demonstrate that the YOLOv8n+MFE+AM-Loss model achieves a precision of 0.875 and a recall of 0.92 on the test set, representing significant improvements of 8.8% and 7.0%, respectively, compared to the baseline YOLOv8n model. Further application analysis indicates that the proposed method holds substantial potential for practical engineering applications and broader adoption, particularly in illegal fishing monitoring and maritime traffic management.",,
W4417165410,10.1088/1755-1315/1559/1/012026,2025,sar_ais_fusion,Law Enforcement Against The Illegal Disposal of Waste by Foreign Vessels,"Abstract This study investigates the structural and normative deficiencies of Indonesia’s law enforcement system in addressing the illegal disposal of waste by foreign-flagged vessels within its maritime jurisdiction. Despite a comprehensive legal framework anchored in Law No. 32/2009 on Environmental Protection and Management, Law No. 17/2008 on Shipping, Law No. 45/2009 on Fisheries, and the 1982 United Nations Convention on the Law of the Sea (UNCLOS) enforcement remains sporadic, reactive, and institutionally fragmented. Employing a normative juridical approach complemented by interdisciplinary perspectives from environmental, international, and human rights law, the research analyzes statutory coherence, case precedents, and enforcement outcomes to assess both legal adequacy and institutional performance. Empirical findings reveal a persistent enforcement gap: of 52 documented marine pollution cases between 2018 and 2023, only 29% advanced to criminal proceedings, while Synthetic Aperture Radar (SAR) and Automatic Identification System (AIS) data correlation stood at merely 7%, indicating weak surveillance integration. Case studies such as SB Cramoil Equity and MT Arman 114 show that successful prosecutions depend heavily on forensic evidence and inter-agency coordination. These gaps perpetuate environmental injustice, disproportionately affecting coastal and indigenous communities and infringing upon the constitutional right to a clean and healthy environment. To close ",,
W6893366491,10.5281/zenodo.15630943,2025,sar_ship_detection,Technical Note on Quality Assessment for NovaSAR,"NovaSAR-1 is a small SAR mission from the cooperation of SSTL (Surrey Satellite Technology Ltd.) and Airbus DS UK, funded by the UK Government via the UKSA (UK Space Agency). The S-band (3.1-3.3 GHz, wavelength of ~ 10 cm) antenna is a micro-strip patch phased array of ~ 3 m x 1 m in size. The payload can transmit and receive on both horizontal and vertical polarizations. NovaSAR-1 was launched in 2018 and operates in a sun-synchronous orbit at 580km with an LTAN (Local Time of the Ascending Node) of 10:30. The repeat cycle is approximately 16 days. NovaSAR-1 can be operated in the following modes: Stripmap (6 m resolution, 20 km swath), ScanSAR (20 m resolution, up to 100 km swath), ScanSAR Wide (30-50 m resolution, up to 190 km swath) and experimental maritime ship detection mode (30m resolution, extended swath of >400km). L2 ARD products are also generated from L1 products. The EDAP+ assessment covers L1 Stripmap and ScanSAR modes and L2 ARD products.",,
W6903748497,10.13140/rg.2.1.3998.5689,2016,sar_ship_detection,Ship Detection from Sentinel-1 RADAR Imagery Using Modified Constant False Alarm Rate (MCFAR) Algorithm,,,
W7053361151,,2023,sar_ship_detection,Towards Sea Ice Classification using combined Sentinel-1 and Sentinel-3 data,"In this contribution, a new machine learning approach is presented that is intended for the classification of sea ice using a combination of synthetic aperture radar (SAR) data from the Sentinel-1 satellites and an existing sea ice classification method for optical–thermal data from the Sentinel-3 satellites. Compared to a SAR-only classification, initial results show that the new approach improves the classification reliability especially in areas of open water. Sea ice is constantly changing: wind and ocean currents can push together large ice masses and close leads; the pack ice formed by these processes is often not navigable even by icebreakers. Remote sensing data reveal different structures within the ice for remote polar areas, and provide the basis for automatic sea ice classification in terms of its stage of development. In spaceborne Sentinel-1 SAR data, different ice classes can mostly be distinguished by different radar backscatter, but some ice classes exhibit a similar backscatter, limiting the applicability of radar-based classification. In Sentinel-3 SLSTR optical/thermal data, information of water, ice and snow allows a refined ice class separation after classification, but the observations are in lower spatial resolution and clouds may obstruct the view. Combining radar satellite measurements of Sentinel-1 and results of a sea ice classification using the optical/thermal measurements of the SLSTR instrument onboard the Sentinel-3 satellite offers the possib",,
W7115571484,10.48550/arxiv.2512.11367,2025,iuu_remote_sensing;sar_ship_detection,Maritime object classification with SAR imagery using quantum kernel methods,"Illegal, unreported, and unregulated (IUU) fishing causes global economic losses of 10-25 billion USD annually and undermines marine sustainability and governance. Synthetic Aperture Radar (SAR) provides reliable maritime surveillance under all weather and lighting conditions, but classifying small maritime objects in SAR imagery remains challenging. We investigate quantum machine learning for this task, focusing on quantum kernel methods (QKMs) applied to real and complex SAR chips extracted from the SARFish dataset. We tackle two binary classification problems, the first for distinguishing vessels from non-vessels, and the second for distinguishing fishing vessels from other types of vessels. We compare QKMs applied to real and complex SAR chips against classical Laplacian, RBF, and linear kernels applied to real SAR chips. We restrict the comparison to be between just kernel based models so that the comparison is as fair and meaningful as possible. Using noiseless numerical simulations of the quantum kernels, we find that with the real SAR chips, QKMs are capable of obtaining equal or better performance than the classical kernels in the best case. However, the specific quantum kernel used to encode the complex SAR data overfits and performs poorly. This work presents the first application of QKMs to maritime classification in SAR imagery and offers insight into the potential and current limitations of quantum-enhanced learning for maritime surveillance.",,
W7117154683,10.3390/rs18010053,2025,sar_ship_detection,Metaformer-like Convolutional Neural Networks and Learnable Decision Fusion for SAR Ship Classification,"With the increasing number of the ocean ships, the demand for synthetic aperture radar (SAR) image ship classification has been much increased. With the development of deep learning, many neural network-based ship classification methods have been presented. However, these networks show unsatisfactory performance on low-quality SAR ship datasets. In this paper, we propose a SAR ship classification method based on dual Metaformer-like networks and learnable decision fusion, which we call LDF-D-MLCNNs. First, we design a Metaformer-like convolutional block to improve learning performance. Secondly, we implement two networks with different kernel sizes and propose the learnable decision fusion module to obtain the final prediction. Kernels of different sizes exhibit diverse extraction capabilities. Experimental results show that the accuracy of the proposed method outperforms many existing SAR ship classification networks.",,
W7134067253,10.5281/zenodo.18107532,2026,iuu_remote_sensing,MONICA 2025 survey report: Cost‑Effective Monitoring of Benthic Communities on the Cap de Creus Continental Shelf (NW Mediterranean),"A two‑week survey to collect underwater video imagery was conducted in September 2025 on the continental shelf of Cap de Creus (NW Mediterranean), an area included within the limits of the Site of Community Importance (SCI) of the Natura 2000 network “Sistema de cañones submarinos occidentales del Golfo de León” (ESZZ16001). The video images were collected to evaluate, for the first time, potential changes in the composition and structure of shelf‑dwelling benthic communities inside the SCI over the last 13-15 years. Seabed video footage was acquired using the cost‑effective imaging system Azor drift‑cam, deployed from a local fishing vessel and replicating ROV transects carried out between 2010 and 2012 during the LIFE+ INDEMARES project. Overall, 30 successful transects were performed at depths of 90-165 m, across different substrate types (mud, sand, gravels and outcropping rocks) and benthic communities (e.g., sea pens, soft corals, crinoids, gorgonians and cerianthids). The total length of seafloor that was surveyed reached 21 linear km, producing more than 24 hours of new seabed video footage. This survey also demonstrated the effectiveness of the low‑cost underwater video system Azor drift‑cam for surveying and monitoring circalittoral and bathyal habitats of the Mediterranean Sea from small local vessels.",,
W7135040379,10.1109/lgrs.2026.3673209,2026,sar_ship_detection,Mask-Supervised Dual-Branch Detection Network for Oriented SAR Ship Detection,"Oriented ship detection in synthetic aperture radar (SAR) images is widely used for maritime surveillance. However, existing methods suffer from two issues: 1) the feature enhancement process lacks explicit supervision, making it difficult to reliably enhance object features; and 2) only a prediction is generated for each proposal, which may cause missed detections. To address these two issues, we propose a mask-supervised dual-branch detection network (MSDD-Net), which integrates a mask-supervised feature enhancement (MSFE) module and a dual-branch detection head. In the MSFE module, multi-level features are first fused to generate a saliency map, and then this saliency map is explicitly guided to focus on the object regions by joint supervision of an object-aware mask and a center decay mask, with the aim of obtaining enhanced object features (i.e., addressing the first issue). Afterward, the enhanced object features are processed by a region proposal network to output multiple proposals. In addition, the dual-branch detection head generates two predictions for each proposal and matches each proposal with two ground-truth (GT) bounding boxes. Finally, a triplet loss is designed to improve the consistency between two predictions and their corresponding GT bounding boxes and the discrimination between two predictions, with the aim of reducing missed detections (i.e., addressing the second issue). Extensive experiments demonstrate the superiority of MSDD-Net over state-of-the-",,
W7153199418,10.1016/j.isprsjprs.2026.04.005,2026,sar_ship_detection,MaOutCNN: A physical mechanism coupled MambaOut-CNN detection network with maiden-released interference polarized ship detection dataset,"Unlike traditional ship detection, polarimetric synthetic aperture radar (PolSAR) intelligent ship detection faces the following critical challenges: inaccurate revelation of polarimetric responses, insufficient physical interpretable network and lack of consideration of complex electromagnetic environment. To address these issues, this paper proposes a physical mechanism coupled MambaOut-CNN network for PolSAR ship detection under complex interference scenarios. First , by arduously collecting six types of spaceborne and airborne real PolSAR data covering three mainstream frequency bands, this paper releases an interference polarized ship detection (IPSD) dataset for the first time, wherein four types of typical interferences are involved and a total of 934 samples are presented. Second , a regularized systematic polarimetric decomposition (RSPD) framework for ship targets is proposed. On the basis of introducing rotated dihedral and planar resonator scattering models unique to ships, by defining the hierarchical absolute dominant scattering principle and designing a simultaneous model inversion strategy, this decomposition framework achieves fine characterization of ship target scattering in terms of emphasis of its exclusive scattering. Finally , with physical prior of the RSPD, a physical mechanism coupled MaOutCNN ship detection network by designing CNN and MambaOut dual-branch inputs is proposed, which integrates multi-scale parallel, multi-branch convolution and dynami",,
W7165581572,10.1109/lsp.2026.3706066,2026,sar_ship_detection,Language-Guided Semantic Field Query Alignment for SAR Ship-Sea-Land Panoptic Segmentation,,,
W7165650247,10.1088/2515-7620/ae8152,2026,sar_ship_detection,Automated debris imaging system: calibrated global monitoring of floating marine litter using ship-based cameras and deep learning,"Abstract Continuous and global observation techniques are required for a comprehensive understanding of the mass balance and the temporal trends of plastic pollution in the aquatic environment. Efforts to achieve large-scale automated monitoring of floating marine debris have accelerated in recent years. For example, satellite-based mapping of floating marine debris in coastal regions has made substantial progress, aided by studies on the use of multispectral, hyperspectral, thermal infrared, polarimetry, synthetic aperture radar, and other methods. Satellite-based methods have proven challenging for the open ocean, where floating marine debris is too dispersed. Specifically, large floating macroplastics (>50 cm) constitute a significant part of the ocean plastic mass budget, but are poorly quantifiable even by classical methods, such as surface trawls and visual observations. Here, we demonstrate further refinements and a first-ever global campaign of the recently introduced Automated Debris Imaging System (ADIS). This technology employs optical imagery and deep learning to detect and classify floating macroplastics along vessel transects. For every detection, a geo-tagged snippet is created, allowing for human validation and filtering of false positives. Since the initial proof-of-concept, we have compiled a global dataset, comprising over 27 million images (165 TB), spanning 14 554 km 2 over the north and south Pacific, north and south Atlantic, and Indian Ocean. In total,",,
W7169871802,10.1016/j.asoc.2026.116025,2026,sar_ship_detection,High-order adaptive context association and domain-aware convolution for oriented ship detection in synthetic aperture radar images,,,
W7170243367,10.1111/faf.70103,2026,dark_vessels;iuu_remote_sensing,Satellite‐Based Fishing Fleet Tracking: A New Foundation for Fisheries Science and Management,"ABSTRACT Satellite‐based vessel‐tracking technologies have ushered in a new era for monitoring fishing activity at scale. By combining artificial intelligence (AI) methods with remotely‐sensed data, researchers can now detect, classify and analyse fishing behaviour across vast and previously unobservable ocean regions. Technological advancements in vessel tracking are rapidly reshaping fisheries science and management, enabling new insights into fleet behaviour and its effects on marine ecosystems. This review synthesizes the state of the science in AI‐enabled vessel tracking and highlights its transformative potential across four core domains: stock assessment and catch reconstruction, effort controls, spatial management, and monitoring, control, and surveillance. We explore how satellite‐based vessel‐tracking data complement legacy systems such as logbooks and observers, while also unlocking new capabilities to track ‘dark vessels’ that are not publicly observable by other means. We also identify key scientific and institutional challenges that are priorities for advancing the scientific frontier, including: filling data gaps for small‐scale fleets, resolving uncertainty in behavioural inference and vessel identities for dark fleets, integrating catch and effort reporting, expanding real‐time decision support, designing cutting‐edge policy instruments to manage fisheries and developing shared standards for algorithm transparency and validation. As the field matures, we prop",,
W7172425976,10.3390/rs18152569,2026,sar_ship_detection;small_vessel,A Two-Stage Framework for SAR Near-Shore Ship Detection via Segmentation Guidance and Enhanced Diffusion,"Detecting ships near the coast in Synthetic Aperture Radar (SAR) images is an important task. However, achieving accurate detection in these scenarios remains a significant challenge. The complex coastal topologies and multiple scattering effects frequently induce severe shore–sea feature aliasing, which conventional end-to-end detectors struggle to untangle due to their inherent architectural conflicts between background suppression and fine-grained localization. To address this issue, we propose a two-stage generative framework named Segmentation Guidance and Enhanced Diffusion (SGED). In the first stage, an Enhanced Attention U-Net (EAU-Net) is specifically tailored for robust shore–sea separation. By integrating adaptive Signal-to-Noise Ratio (SNR) masking, lightweight Transformer bottlenecks, and an Edge-Aware Composite Loss, EAU-Net isolates the maritime search space, achieving a Dice Similarity Coefficient (DSC) of 0.9047 and an 85.30% Near-Shore Coverage Accuracy (NSCA). Building upon this refined prior, the second stage introduces a SAR-Enhanced Diffusion Detector (SAR-DDet). It constructs a structural–statistical dual-verification mechanism by embedding Pixel Difference Convolution (PDC) and Constant False Alarm Rate (CFAR) soft attention into the multi-scale features. Coupled with a Normalized Wasserstein Distance (NWD) loss and a four-step DDIM iterative denoising process, SAR-DDet effectively mitigates small-target gradient vanishing and corrects bounding box coo",,
W7202070988,10.3390/rs18162687,2026,sar_ship_detection,Adaptive Spatial–Frequency Information Fusion for SAR Ship Detection,"Synthetic-aperture radar (SAR) ship detection is a fundamental task in maritime remote sensing, supporting wide-area surveillance, traffic monitoring, and emergency response under all-weather imaging conditions. Existing deep detectors mainly rely on spatial cues such as intensity, shape and context, but structured sea clutter and near-shore interference can still produce ship-like responses, while fine scattering details are weakened by deep downsampling. We address two practical representation limitations: incomplete preservation of shallow high-resolution details, and limited explicit modeling of local directional variation. To this end, we propose HMF-RTMDet, a shallow-neck spatial–frequency fusion detector. A P2 high-resolution path combines C2 features with upsampled P3 semantics. HybridMFBlock then processes the fused feature through a morphology branch and a trainable depthwise branch initialized by fractional Gabor templates, followed by channel-wise fusion. In the reported main HRSID run, HMF-RTMDet improves RTMDet-s from 67.9% to 72.6% in AP50:95, from 90.2% to 94.2% in AP50, and from 68.2% to 73.4% in APs. Across three runs, however, its AP50:95 is 72.17 ± 0.38%, comparable to the SFS-Conv and MCU-only controls. The evidence therefore identifies the P2 path as the main gain source but does not establish a stable advantage for HybridMFBlock over these controls. On SSDD, overall AP50:95 remains nearly unchanged and large-target performance decreases, defining an imp",,
W7203794224,10.3390/s26175427,2026,sar_ship_detection,"Context-Driven Ship, Vehicle, and Aircraft Detection in Colored Synthetic Aperture Radar (SAR) Images","In slow-time colorized subaperture image (CSI), anisotropic targets that reflect strongly when viewed from specific angles appear in vivid colors, which makes them stand out against isotropic background that reflects energy uniformly across all angles. It leads to more accurate annotation labels for ships, vehicles, and airplanes in SAR images and better SAR automatic target detection (ATD) performance. Unfortunately, although many port-related CSI products collected by satellite-borne SAR systems are released for free public access and could be leveraged for ship detection research, those that could support vehicle and airplane detection are rare. To investigate performance improvement in deep learning-based SAR ATD that could be brought by colored SAR images, three novel SAR-ATD frameworks are proposed for ship, vehicle, and aircraft detection, respectively. (1) Context-guided ensemble learning (CGEL) is proposed for ship detection, where state-of-the-art high-resolution colorized spotlight SAR images are exploited to enhance the visual features of ships and reduce false alarms, while the potential ship berthing/docking areas are delimited with adaptive intensity shading (AIS). (2) Context-driven SAR image recoloring and enhancement mechanism (CD-SAR-REM) is proposed to generate a context-driven color-enhanced version of the original SAR image based on AIS so that potential parking regions are highlighted. (3) Color feature-aided aircraft detection. In case that CSI product",,
W7204092434,10.1109/lgrs.2026.3726248,2026,sar_ship_detection,Azimuth Low-Resolution SAR Ship Detection via Directional Encoding and Boundary-Aware Loss,,,
