openalex_id,doi,title,year,type,venue,cited_by_count,themes,vn_flag,sea_text_places,vn_text_places,sea_affiliation_countries,vn_affiliation,countries,institutions,basis,judged_on_topic,judgment_note
W7128407600,10.1007/s00521-025-11735-z,SSD-YOLOv12: an improved YOLOv12n model for ship detection using SAR data,2026,article,Neural Computing and Applications,0,sar_ship_detection,True,,,VN,True,VN,Le Quy Don Technical University | Vietnam Military Medical University | Vietnam Academy of Science and Technology,affiliation only,True,No abstract; judged on title (SAR ship detection).
W7203831484,10.1109/access.2026.3725428,CHL-YOLO: A Lightweight Detector for Complex SAR Ship Detection,2026,article,IEEE Access,0,sar_ship_detection;small_vessel,True,,,VN,True,VN;CN,Electric Power University | Northeast Electric Power University,affiliation only,True,
W4410635202,10.1016/j.iswa.2025.200538,YOLO-SR: An optimized convolutional architecture for robust ship detection in SAR Imagery,2025,article,Intelligent Systems with Applications,14,sar_ship_detection;small_vessel,True,,,VN,True,VN,Industrial University of Ho Chi Minh City,affiliation only,True,
W4413757851,10.3390/rs17172967,Nighttime Remote Sensing Analysis of Lit Fishing Boats: Fisheries Management Challenges in the South China Sea (2013–2022),2025,article,Remote Sensing,5,iuu_remote_sensing;viirs_boats,True,Vietnam;South China Sea,Vietnam,,False,CN,South China Sea Institute Of Oceanology | University of Chinese Academy of Sciences | Shanghai Ocean University | Chinese Academy of Fishery Sciences,text only,True,VIIRS lit fishing boats in the South China Sea.
W4414122041,10.1016/j.geomorph.2025.110010,Applying deep learning for boat detection and numerical modeling to assess sand mining impacts on river morphology: A case study in the Vietnamese Mekong Delta,2025,article,Geomorphology,3,sar_ship_detection,True,Vietnam;Mekong,Vietnam;Mekong Delta,,False,DE;JP,Hochschule für Technik und Wirtschaft Dresden – University of Applied Sciences | Technische Universität Dresden | Kyoto University,text only,True,"borderline: Sentinel-1 boat detection on a river (sand mining barges), not marine."
W4408717739,10.1088/1755-1315/1461/1/012036,The role of satellite image technology in maritime surveillance and national sovereignty using the Synthetic Aperture Radar (SAR) data approach,2025,conference-paper,IOP Conference Series Earth and Environmental Science,0,sar_ship_detection,True,,,ID;VN,True,ID;US;VN,Universitas Hang Tuah | Robotic Research (United States) | Dalat University | Institut Teknologi Sepuluh Nopember,affiliation only,True,
W4417052393,10.1109/atc67618.2025.11268806,SSC-YOLO: Spectral-Spatial Fusion Convolution for Ship Detection in SAR Imagery,2025,conference-paper,2025 International Conference on Advanced Technologies for Communications (ATC),0,sar_ship_detection,True,,,VN,True,VN,Ho Chi Minh City University of Technology and Engineering,affiliation only,True,
W7124145476,10.5325/ninecentstud.37.0179,Intimacies of Art and Empire,2025,article,Nineteenth Century Studies,0,iuu_remote_sensing,True,Vietnam,Vietnam,,False,,,text only,False,Art exhibition review.
W4390691920,10.1109/tgrs.2024.3352150,ShipGeoNet: SAR Image-Based Geometric Feature Extraction of Ships Using Convolutional Neural Networks,2024,article,IEEE Transactions on Geoscience and Remote Sensing,71,sar_ship_detection,True,,,VN,True,CN;VN,"China University of Petroleum, East China | Shaoxing University | Vietnam National University, Hanoi | VNU University of Science",affiliation only,True,
W4396698889,10.1016/j.asoc.2024.111704,SwinYOLOv7: Robust ship detection in complex synthetic aperture radar images,2024,article,Applied Soft Computing,64,sar_ship_detection,True,,,VN,True,CN;PK;OM;VN,"China University of Petroleum, East China | University of Swabi | Dhofar University | Vietnam National University, Hanoi | VNU University of Science",affiliation only,True,No abstract; judged on title (SAR ship detection).
W4402491950,10.1016/j.jenvman.2024.122435,Recurrence interval of riverbed sand mining hotspots in the Mekong delta: Potential indications of unsustainable replenishment rates,2024,article,Journal of Environmental Management,8,sar_ship_detection,True,Vietnam;Mekong,Vietnam;Mekong Delta,SG;VN,True,SG;VN;JP;NL,Nanyang Technological University | Earth Observatory of Singapore | Vietnam National University Ho Chi Minh City | Kyoto University | Vietnamese-German University | Wageningen University & Research,text and affiliation,True,"borderline: Sentinel-1 detection of sand mining boats on a river, not marine."
W4316041497,10.3389/fmars.2022.1086140,Multi-scale ship target detection using SAR images based on improved Yolov5,2023,article,Frontiers in Marine Science,64,sar_ship_detection,True,,,VN,True,CN;BD;OM;VN,"China University of Petroleum, East China | Jahangirnagar University | Oman Medical College | International Maritime College Oman | Vietnam National University, Hanoi | VNU University of Science",affiliation only,True,
W4389678108,10.1080/15481603.2023.2285178,A deep learning framework to map riverbed sand mining budgets in large tropical deltas,2023,article,GIScience & Remote Sensing,28,sar_ship_detection,True,Vietnam;Mekong,Vietnam;Mekong Delta,SG;VN,True,SG;VN;NL;CN;JP;US;RO,Nanyang Technological University | Earth Observatory of Singapore | Vietnam National University Ho Chi Minh City | Wageningen University & Research | Southern University of Science and Technology | Kyoto University | Vietnamese-German University | Peking University | Prevention Institute | Institute of Disaster Prevention | Ministry of Education of the People's Republic of China | Ministry of Education,text and affiliation,True,"borderline: Sentinel-1 detection of sand mining boats on a river, not marine."
W4224224810,10.1007/s12517-022-10089-3,A bibliometric analysis on the visibility of the Sentinel-1 mission in the scientific literature,2022,article,Arabian Journal of Geosciences,17,sar_ship_detection,True,,,VN,True,VN;DE,Vietnam Academy of Science and Technology | Hanoi University of Science and Technology | University of Münster | Dong Thap University,affiliation only,False,Bibliometric study of the Sentinel-1 literature; ship detection is one of many topics.
W4283659296,10.32603/1993-8985-2022-25-3-39-50,Experimental Study of Trajectory Features for the Recognition of Low-Flying Low-Speed Radar Targets Using Passive Coherent Radar Systems,2022,article,Journal of the Russian Universities Radioelectronics,0,small_vessel,True,,,VN,True,VN,Le Quy Don Technical University,affiliation only,False,Passive radar recognition of small UAVs against birds.
W3159780453,10.3390/ijgi10050277,AIS and VBD Data Fusion for Marine Fishing Intensity Mapping and Analysis in the Northern Part of the South China Sea,2021,article,ISPRS International Journal of Geo-Information,19,iuu_remote_sensing;viirs_boats,True,Vietnam;South China Sea,Vietnam,,False,CN,Chinese Academy of Sciences | Lanzhou Jiaotong University | Institute of Geographic Sciences and Natural Resources Research | Jiangsu Center for Collaborative Innovation in Geographical Information Resource Development and Application | Nanjing University,text only,True,AIS and VBD fusion for fishing intensity.
W3130005010,10.1088/1757-899x/1052/1/012006,The potential study of fishing area and its relationship to marine security in Natuna island,2021,conference-paper,IOP Conference Series Materials Science and Engineering,7,iuu_remote_sensing,True,Vietnam;South China Sea;Indonesia;Malaysia;Thailand;Singapore,Vietnam,ID,False,ID,Universitas Maritim Raja Ali Haji,text and affiliation,False,Potential fishing areas from MODIS SST and chlorophyll for patrol planning; no vessel detection.
W2944781944,10.1080/01490419.2019.1606125,"Long-Term Evolution of Morphology at Loc An Estuary, Vung Tau, Vietnam",2019,article,Marine Geodesy,7,iuu_remote_sensing,True,Vietnam,Vietnam,VN,True,VN,Thuyloi University,text and affiliation,False,Estuary morphology.
W3083338186,,중국의 정보 수집능력과 정보조직 변화 연구,2019,article,군사논단,0,sar_ship_detection,True,Vietnam,Vietnam,,False,,,text only,False,Military intelligence collection (Korean).
W3122835659,10.22004/ag.econ.290963,Labor Market Impacts and Responses: The Economic Consequences of a Marine Environmental Disaster,2019,preprint,RePEc: Research Papers in Economics,0,iuu_remote_sensing,True,Vietnam,Vietnam,VN,True,VN;US,Duy Tan University | World Bank | University of Wisconsin–Madison,text and affiliation,True,borderline: economics paper that uses satellite fishing-boat detection data as the measure of fishing effort.
W2801975478,10.3389/fmars.2018.00132,Rating the Effectiveness of Fishery Closures With Visible Infrared Imaging Radiometer Suite Boat Detection Data,2018,article,Frontiers in Marine Science,68,iuu_remote_sensing;viirs_boats,True,Philippines,,PH;VN,True,US;RU;PH;VN,National Oceanic and Atmospheric Administration | NOAA National Centers for Environmental Information | Cooperative Institute for Research in Environmental Sciences | University of Colorado Boulder | Space Research Institute | University of Negros Occidental – Recoletos | Hanoi University of Civil Engineering | University of Colorado System,text and affiliation,True,VIIRS boat detection to rate fishery closures.
W2786368535,10.1353/asp.2018.0010,Can Vietnam’s Military Stand Up to China in the South China Sea?,2018,article,Asia policy,16,iuu_remote_sensing,True,Vietnam;South China Sea,Vietnam,,False,,,text only,False,Military capability analysis.
W4231070414,10.1890/1540-9295-13.2.68,Dispatches,2015,article,Frontiers in Ecology and the Environment,2,small_vessel,True,Vietnam;Indonesia;Philippines,Vietnam,,False,,,text only,False,News digest on a toxic pollution report.
W2180638940,,CONCEPTUAL MODEL OF THE SEASONAL INLET CLOSURE IN THE DA DIEN ESTUARY,2015,article,,1,iuu_remote_sensing,True,Vietnam,Vietnam,,False,,,text only,False,Estuary inlet model; fishing boats named as users.
W7127177206,10.3390/rs18030473,Detecting Ship-to-Ship Transfer by MOSA: Multi-Source Observation Framework with SAR and AIS,2026,article,Remote Sensing,2,sar_ais_fusion;sar_ship_detection,False,Singapore,,,False,CN,Dalian Maritime University,text only,True,
W7150978809,10.1109/jstars.2026.3681509,A Lightweight Framework With Pruning and Knowledge Distillation for Ship Detection in SAR Images,2026,article,IEEE Journal of Selected Topics in Applied Earth Observations and Remote Sensing,2,sar_ship_detection,False,,,MY,False,CN;IN;SA;MY,Northeastern University | Jiujiang University | Intel (India) | Manipal University Jaipur | Princess Nourah bint Abdulrahman University | University of Malaya,affiliation only,True,
W7125686255,10.24319/jtpk.17.1-13,SPATIAL-TEMPORAL ANALYSIS OF FISHING BOAT MOVEMENTS BASED ON AIS IN THE INDONESIAN FISHERIES MANAGEMENT AREA (WPPNRI) 573,2026,article,Jurnal Teknologi Perikanan dan Kelautan,1,iuu_remote_sensing,False,Indonesia,,ID,False,ID,University of Mataram,text and affiliation,True,AIS-based fishing boat analysis.
W7118013629,10.1007/978-981-96-9275-0_50,Enhanced SAR Ship Detection in Nearshore Environments Using Two-Stage Specialized Training,2026,conference-paper,Lecture notes in networks and systems,0,sar_ship_detection,False,,,TH,False,TH,Dhurakij Pundit University,affiliation only,True,
W7127967114,10.1051/bioconf/202621608002,Big Data-Based Literature Study on Automatic Identifition System Data and Synthetic Aparture Radar Image Integration for Illegal Fishing in Maritime Awareness,2026,conference-paper,BIO Web of Conferences,0,iuu_remote_sensing;sar_ais_fusion;sar_ship_detection,False,Indonesia,,ID,False,ID,Institut Teknologi Sepuluh Nopember,text and affiliation,True,
W7130829117,10.11591/ijai.v15.i1.pp269-288,Design of Antasena: an AI-powered maritime surveillance and anomaly detection system for security decision support,2026,article,IAES International Journal of Artificial Intelligence,0,iuu_remote_sensing,False,Indonesia,,ID,False,ID,Indonesia Defense University | Airlangga University,text and affiliation,True,AIS plus imagery anomaly detection.
W7153345150,10.20473/jipk.v18i2.85885,Mapping of Scad Fish (Decapterus sp.) Fishing Grounds Based on the Suitability Level of Oceanographic Parameters in FMA 573,2026,article,Jurnal Ilmiah Perikanan dan Kelautan,0,small_vessel,False,,,ID,False,ID,IPB University | Ministry of Marine Affairs and Fisheries | Khairun University,affiliation only,False,Fishing ground suitability from oceanographic data; no vessel detection.
W7160109805,10.25740/rw170pw3187,Iran’s Exports Under Sanctions: The Myth of Maximum Pressure,2026,article,Stanford Digital Repository,0,dark_vessels,False,Malaysia;Singapore,,,False,US,Stanford University,text only,False,Economics of sanctioned oil exports; no detection method.
W7162114145,10.61511/rstde.v3i1.2026.2035,Developing an AI-enhanced maritime threat detection model: Predictive security framework for illegal fishing and piracy,2026,article,Remote Sensing Technology in Defense and Environment.,0,iuu_remote_sensing;sar_ais_fusion;sar_ship_detection;viirs_boats,False,Indonesia,,,False,,,text only,True,borderline: qualitative study of an AI threat detection model for illegal fishing; no sensor data.
W7162496881,10.1088/1755-1315/1628/1/012026,Comparing YOLOv12n and YOLOv12s for SAR Vessel Detection in IUU Fishing Monitoring,2026,conference-paper,IOP Conference Series Earth and Environmental Science,0,iuu_remote_sensing;sar_ais_fusion;sar_ship_detection;small_vessel,False,,,ID,False,ID,Institut Teknologi Sepuluh Nopember,affiliation only,True,
W7163546299,10.30598/amanisal.v15i1.25437,"Karakteristik Daerah Penangkapan dan Pengaruh Parameter Oseanografi terhadap Produksi serta Status Pemanfaatan Ikan Lemuru (Sardinella lemuru) di PPI Kedonganan, Bali",2026,article,Amanisal Jurnal Teknologi dan Manajemen Perikanan Tangkap,0,iuu_remote_sensing,False,,,ID,False,ID,University of Brawijaya,affiliation only,False,Fishing ground analysis from SST and chlorophyll; no vessel detection.
W7166036782,10.1002/aqc.70409,High Coral Cover Offsets the Impacts of High Fishing Pressure on Fish Biomass in a Remote Coral Reef System,2026,article,Aquatic Conservation Marine and Freshwater Ecosystems,0,dark_vessels,False,South China Sea,,,False,TW;AU;HK;CN;FR;PF;SA,"Tunghai University | University of Wollongong | Hong Kong University of Science and Technology | OceanX Technology (China) | University of Hong Kong | Biodiversity Research Center, Academia Sinica | National Sun Yat-sen University | National Central University | École Pratique des Hautes Études | Centre de Recherches Insulaires et Observatoire de l'Environnement | King Abdullah University of Science and Technology",text only,False,Coral reef ecology.
W7166680637,10.15578/salamata.v8i1.19227,DINAMIKA PERUBAHAN EKOSISTEM PADANG LAMUN DAN STRATEGI PENGELOLAAN BERKELANJUTAN DI PULAU PANNIKIANG,2026,article,Jurnal Salamata,0,iuu_remote_sensing,False,Indonesia,,ID,False,ID,University of Bangka Belitung | Institut Teknologi dan Bisnis Kalbe,text and affiliation,False,Seagrass ecosystem study.
W7167506360,10.3390/ecologies7030065,"Identifying Shark and Ray Bycatch Hotspots in Sabah, Malaysia",2026,article,Ecologies,0,iuu_remote_sensing,False,Malaysia,,MY,False,MY,Universiti of Malaysia Sabah | Marine Research Foundation | Institut Marin Borneo,text and affiliation,False,Shark and ray bycatch from catch data.
W7167731618,10.1016/j.procs.2026.06.143,Multimodal Physics-Informed Graph Neural Diffusion for Edge Detection of AIS-Dark Illegal Fishing Vessels,2026,conference-paper,Procedia Computer Science,0,dark_vessels;iuu_remote_sensing;sar_ais_fusion;sar_ship_detection,False,Philippines,,,False,IN,Saveetha University | Rajalakshmi Engineering College,text only,True,
W7172392314,10.55942/jmdt.v1i1.1938,"Maritime defense technology: A systematic literature review of AI, autonomous systems, maritime domain awareness, and cyber resilience",2026,review,Journal of Maritime Defense Technology,0,sar_ais_fusion,False,,,ID,False,ID,Universitas Jember,affiliation only,True,borderline: review of maritime defense technology that includes satellite surveillance and AIS analytics.
W7172533317,10.25217/jm.v11i1.7861,Construction of Legal Accountability for the Use of Artificial Intelligence in Illegal Fishing Supervision in Indonesia's Exclusive Economic Zone,2026,article,Jurnal Mahkamah Kajian Ilmu Hukum Dan Hukum Islam,0,iuu_remote_sensing,False,Indonesia,,ID,False,ID,Universitas Riau Kepulauan,text and affiliation,False,borderline: legal accountability for AI in fisheries supervision; no detection method.
W7201956090,10.5281/zenodo.21846358,Real-time Fishing Vessel Tracking and Hazard Warning System: A Kalman Filtering and LoRa Application,2026,article,Zenodo (CERN European Organization for Nuclear Research),0,iuu_remote_sensing,False,Philippines,,PH,False,PH,Samar State University,text and affiliation,True,borderline: fishing vessel tracking hardware.
W7202177692,10.1109/jstars.2026.3722481,Self-Calibrated Compound-Gaussian Regularized Adaptive Beamforming for Robust Ocean Remote Sensing,2026,article,IEEE Journal of Selected Topics in Applied Earth Observations and Remote Sensing,0,sar_ship_detection,False,,,MY,False,MY;SA;KR,National University of Malaysia | UCSI University | Universiti Malaysia Sarawak | Prince Mohammad bin Fahd University | Princess Nourah bint Abdulrahman University | Soonchunhyang University,affiliation only,False,Beamforming for radar and sonar; ship detection named only as a use.
W7204620849,10.22266/ijies2026.0930.71,GA-SAR-Det: A Multi-scale YOLOv11 Architecture for Small and Densely Distributed SAR Ship Target Detection,2026,article,International journal of intelligent engineering and systems,0,sar_ship_detection;small_vessel,False,,,ID,False,ID,Diponegoro University,affiliation only,True,
W7204934088,10.31629/jmps.v3i2.8704,Multi-Sensor Integration for Maritime Situational Awareness: A Systematic Review of Traffic Surveillance Technologies,2026,review,Journal of Maritime Policy Science.,0,sar_ais_fusion;sar_ship_detection,False,,,ID,False,ID,Indonesia Defense University,affiliation only,True,
W7213862670,10.61511/rstde.v2i1.2025.2063,"Geospatial-Driven Maritime Border Security: Integrating AIS, Remote Sensing, and Naval Response Systems for Indonesia’s Strategic Archipelagic Sea Lanes (ALKI)",2026,article,Remote Sensing Technology in Defense and Environment.,0,dark_vessels;iuu_remote_sensing;sar_ais_fusion;sar_ship_detection,False,Indonesia,,ID,False,ID,Indonesia Defense University,text and affiliation,True,
W7213865140,10.61511/rstde.v2i2.2025.2075,Remote sensing and AIS integration for strategic maritime surveillance: A geoint-based approach to securing Indonesia's Archipelagic Sea Lanes,2026,article,Remote Sensing Technology in Defense and Environment.,0,dark_vessels;iuu_remote_sensing;sar_ais_fusion;sar_ship_detection,False,Indonesia,,,False,,,text only,True,
W7213903444,10.18686/cest813,Sea-state dependent lognormal modeling of radar sea clutter for significant wave height estimation,2026,article,Clean Energy Science and Technology,0,small_vessel,False,Java Sea,,,False,,,text only,False,Sea clutter statistics for wave height estimation.
W4409200587,10.1016/j.ecoinf.2025.103132,Recent developments of artificial intelligence methods for sea ice concentration monitoring using high-resolution imaging datasets,2025,article,Ecological Informatics,7,sar_ship_detection,False,,,MY,False,MY,National University of Malaysia | Universiti Teknologi MARA,affiliation only,False,Sea ice concentration monitoring.
W4406786647,10.1163/15718085-bja10219,Possible Actions by Coastal States to Protect Their Marine Environment from Oil Tankers in the Dark Fleet,2025,article,The International Journal of Marine and Coastal Law,4,dark_vessels,False,,,SG,False,SG,National University of Singapore | Centre for International Law,affiliation only,False,borderline: legal analysis of dark fleet tankers; no detection or monitoring.
W4406165795,10.1007/s12145-024-01503-3,Ship detection based on variety of YOLO using multi temporal and polarization SAR images,2025,article,Earth Science Informatics,2,sar_ship_detection,False,,,ID,False,ID,Institut Teknologi Sepuluh Nopember,affiliation only,True,
W4409475772,10.1371/journal.pone.0319525,Improving China’s maritime law enforcement operations against overfishing in the South China Sea - Based on a comparison with the Indonesian law enforcement system against IUU Fishing,2025,article,PLoS ONE,2,iuu_remote_sensing;viirs_boats,False,South China Sea;Indonesia,,,False,CN,Wuhan University,text only,True,borderline: fishery law enforcement study that uses VIIRS-DNB analysis.
W4416194656,10.1017/s0020589325101061,From ‘Flags of Convenience’ to ‘Flags of Deceit’: The Future of the Law Governing the Nationality of Ships,2025,article,International and Comparative Law Quarterly,2,dark_vessels,False,,,SG,False,SG;GB,National University of Singapore | University College London,affiliation only,False,borderline: legal study of flags of convenience; no detection or monitoring.
W4411109782,10.1016/j.ejar.2025.05.005,Characteristics of purse seine fisheries in the Egyptian Mediterranean waters: A case study of Abu Qir Bay,2025,article,The Egyptian Journal of Aquatic Research,1,viirs_boats,False,,,MY,False,EG;MY;SA,Suez University | WorldFish | National Institute of Oceanography and Fisheries | Qassim University,affiliation only,False,Purse seine fishery characterisation; no vessel detection.
W4411220789,10.1108/jppel-02-2025-0022,The unfree sea: a legal geography of the dark fleet,2025,article,Journal of Property Planning and Environmental Law,1,dark_vessels,False,,,SG,False,SG,National University of Singapore | Asia Research Institute,affiliation only,False,borderline: legal geography of the dark fleet; no detection or monitoring.
W4412880721,10.58344/locus.v4i7.4513,Pengembangan Model Deteksi Ancaman Maritim Berbasis AI: Kerangka Keamanan Prediktif untuk Penangkapan Ikan Ilegal dan Pembajakan di Laut Natuna,2025,article,Jurnal Locus Penelitian dan Pengabdian,1,iuu_remote_sensing,False,South China Sea;Indonesia,,ID,False,ID,Nasional University,text and affiliation,True,borderline: Indonesian version of an AI threat detection study (see index 8).
W4414550502,10.3390/su17198641,Exploring Nighttime Fishing and Its Impact Factors in the Northwestern South China Sea for Sustainable Fisheries,2025,article,Sustainability,1,iuu_remote_sensing,False,South China Sea,,,False,CN,National University of Defense Technology | University of Electronic Science and Technology of China,text only,True,
W4406128179,10.24294/jipd10173,"Preliminary approach of oil spill model: A hindcasting with in situ data and numerical model in Balikpapan Bay, Indonesia",2025,article,Journal of Infrastructure Policy and Development,0,sar_ship_detection,False,Indonesia,,ID,False,US;ID;GB,Marine Conservation Institute | National Research and Innovation Agency | IPB University | Universitas Muslim Nusantara Al Washliyah | GeoInformation (United Kingdom),text and affiliation,False,Oil spill model.
W4411192576,10.51179/jipsbp.v7i1.3195,Identification of fishing grounds and fishing gear distribution as basis for fisheries management in North Aceh Waters,2025,article,Arwana Jurnal Ilmiah Program Studi Perairan,0,iuu_remote_sensing,False,,,ID,False,ID,Malikussaleh University | Universitas Syiah Kuala,affiliation only,False,Fishing ground survey by direct observation.
W4411299872,10.9734/ajfar/2025/v27i6944,"Assessment of VIIRS Sensor Capabilities for Detecting Nocturnal Light Fishing and Oceanographic Parameters in the Northern Waters of Tegal, Indonesia",2025,article,Asian Journal of Fisheries and Aquatic Research,0,iuu_remote_sensing;viirs_boats,False,Indonesia,,ID,False,ID,Diponegoro University,text and affiliation,True,
W4411695175,10.59141/comserva.v5i2.3190,Pemanfaatan Data Sentinel-1 Dan Sentinel-2 Untuk Deteksi Kegiatn Ilegal Transhipment,2025,article,COMSERVA Jurnal Penelitian dan Pengabdian Masyarakat,0,sar_ais_fusion;sar_ship_detection,False,Indonesia,,ID,False,ID,Universitas Muhammadiyah Prof Dr Hamka | National Research and Innovation Agency,text and affiliation,True,
W4413208036,10.59581/deposisi.v3i3.5452,Peran Pemerintah dalam Melakukan Pengawasan di Sektor Perikanan Indonesia,2025,article,Deposisi Jurnal Publikasi Ilmu Hukum,0,iuu_remote_sensing,False,Indonesia,,ID,False,ID,Padjadjaran University,text and affiliation,False,Policy study of fisheries oversight.
W4413953909,10.14569/ijacsa.2025.0160824,Edge-Guided Multi-Scale YOLOv11n: An Advanced Framework for Accurate Ship Detection in Remote Sensing Imagery,2025,article,International Journal of Advanced Computer Science and Applications,0,small_vessel,False,,,MY,False,MY;CN,Asia Pacific University of Technology & Innovation | University of Kuala Lumpur | Anhui Business College,affiliation only,True,borderline: ship detection in optical remote sensing imagery.
W4415285655,10.1007/s44288-025-00284-6,The impact of tropical cyclones on fishing boats from a global perspective,2025,article,Discover Geoscience,0,iuu_remote_sensing,False,Indonesia;Philippines;Myanmar,,,False,NZ,Victoria University of Wellington,text only,True,borderline: tropical cyclone effects on fishing boats from vessel tracking data.
W4415727458,10.25181/marshela.v3i1.3940,Prediksi Zona Potensial Penangkapan Ikan Selar Menggunakan Citra Satelit Modis dan VIIRS Boat Detection (VBD) di Perairan Maluku Utara pada Musim Barat,2025,article,Jurnal Marshela (Marine and Fisheries Tropical Applied Journal),0,viirs_boats,False,Indonesia,,ID,False,ID,Indonesia University of Education,text and affiliation,True,borderline: potential fishing zones that use VIIRS boat detection (VBD).
W4416123938,10.51386/25815946/ijsms-v8i5p117,GPS-Based Fishing Vessel Monitoring System for Sustainable Fishing Management,2025,article,International Journal of Science and Management Studies (IJSMS),0,iuu_remote_sensing,False,,,PH,False,PH,Iloilo Science and Technology University | University of Iloilo,affiliation only,True,borderline: GPS-based fishing vessel monitoring.
W4416827876,10.35314/t62fpe35,Early Warning and Real-Time Ship Tracking using AIS Data and Smartphone GPS,2025,article,INOVTEK Polbeng - Seri Informatika,0,iuu_remote_sensing;sar_ais_fusion;sar_ship_detection;small_vessel,False,Malacca,,ID,False,ID,Politeknik Negeri Bengkalis,text and affiliation,True,borderline: AIS and smartphone GPS ship tracking.
W4417165410,10.1088/1755-1315/1559/1/012026,Law Enforcement Against The Illegal Disposal of Waste by Foreign Vessels,2025,conference-paper,IOP Conference Series Earth and Environmental Science,0,sar_ais_fusion,False,Indonesia,,ID,False,ID;HU,Universitas Maritim Raja Ali Haji | Universitas Riau Kepulauan | Riau University | University of Debrecen,text and affiliation,False,borderline: legal study of illegal waste disposal by foreign vessels.
W7108316195,10.5281/zenodo.17783030,Illuminating the Shadows: Assessing Compliance and Effectiveness in Marine Protected Areas Using Satellite and Vessel Tracking Data,2025,article,Zenodo (CERN European Organization for Nuclear Research),0,iuu_remote_sensing,False,Indonesia,,,False,,,text only,True,
W7108651807,10.5281/zenodo.17819363,Fishing Gear Recycling: Minimizing Waste and Promoting Sustainability,2025,article,Zenodo (CERN European Organization for Nuclear Research),0,small_vessel,False,Philippines,,,False,,,text only,False,Fishing gear recycling.
W7110058062,10.22034/gjesm.2025.04.07,Economic prosperity and ecological sustainability strategy for fishing violations hotspots,2025,article,DOAJ (DOAJ: Directory of Open Access Journals),0,iuu_remote_sensing,False,Indonesia,,ID,False,ID,Bandung Institute of Technology | Ministry of Marine Affairs and Fisheries,text and affiliation,True,VMS records used to find fishing violation hotspots.
W7110534747,,IUU Fishing Dashboard Quarterly Report #1 (April - June 2025),2025,article,Florida International University Digital Commons (Florida International University),0,dark_vessels,False,Indonesia,,,False,,,text only,True,"Dark activity and ship-to-ship meetings from vessel tracking data; the region is the Americas, not Southeast Asia."
W7116380133,10.26077/rzwh-pj59,"Combination of PALSAR-2 Observation and VDES Operation for Monitoring Illegal, Unreported and Unregulated Fishing Activities",2025,conference-paper,Digital Commons - USU (Utah State University),0,iuu_remote_sensing;sar_ais_fusion;sar_ship_detection,False,Indonesia,,,False,JP,Japan Space Systems,text only,True,
W7127339065,10.23919/isap63122.2025.11362210,Oriented Ship Detection in SAR Images with Angle-Aware Gaussian IoU Loss,2025,conference-paper,2025 International Symposium on Antennas and Propagation (ISAP),0,sar_ship_detection,False,,,SG,False,SG;CN,National University of Singapore | University of Electronic Science and Technology of China,affiliation only,True,
W7147466083,10.62383/desentralisasi.v2i2.1058,Pendekatan Strategis Bakamla untuk Pengawasan Penangkapan Ikan Secara Ilegal di Wilayah Natuna,2025,article,Desentralisasi.,0,iuu_remote_sensing,False,Indonesia,,ID,False,ID,Universitas Maritim Raja Ali Haji,text and affiliation,False,borderline: qualitative study of a patrol strategy; no detection method.
W4403277343,10.1109/taes.2024.3476459,LKPF-YOLO: A Small Target Ship Detection Method for Marine Wide-Area Remote Sensing Images,2024,article,IEEE Transactions on Aerospace and Electronic Systems,14,small_vessel,False,South China Sea,,,False,CN,Hainan University | China Geological Survey | Guangzhou Marine Geological Survey,text only,True,
W4398218548,10.3389/frish.2024.1391062,Identifying spatial movements and residency of pelagic thresher sharks (Alopias pelagicus) using satellite and passive acoustic telemetry to inform local conservation in central Indonesia,2024,article,Frontiers in Fish Science,7,small_vessel,False,Indonesia,,,False,US;NZ;AU,"Duke University | University of California, Santa Cruz | University of Auckland | Murdoch University | Oregon Department of Fish and Wildlife | Oregon State University",text only,False,Shark movement tagging.
W4404468348,10.1016/j.fishres.2024.107221,Impact of tropical cyclones on fishing activity in the Philippines,2024,article,Fisheries Research,7,iuu_remote_sensing,False,Philippines,,PH,False,NZ;IT;PH,Victoria University of Wellington | Gran Sasso Science Institute | Asian Institute of Management | Asian Development Bank,text and affiliation,True,borderline: tropical cyclone effects on fishing activity from vessel tracking data.
W4392847020,10.3390/rs16061038,Night-Time Vessel Detection Based on Enhanced Dense Nested Attention Network,2024,article,Remote Sensing,5,small_vessel;viirs_boats,False,South China Sea;Java Sea,,,False,CN,University of Electronic Science and Technology of China | National University of Defense Technology,text only,True,
W4403075149,10.3390/rs16193678,Tracking the Development of Lit Fisheries by Using DMSP/OLS Data in the Open South China Sea,2024,article,Remote Sensing,3,iuu_remote_sensing,False,South China Sea,,,False,CN,Sanya University | Ministry of Agriculture and Rural Affairs | Chinese Academy of Fishery Sciences | Chinese Academy of Sciences | Institute of Oceanology | South China Sea Institute Of Oceanology | Wuhan University | State Key Laboratory of Information Engineering in Surveying Mapping and Remote Sensing,text only,True,
W4403639261,10.31629/jmps.v1i1.6996,Enhancing Maritime Security: Challenges and Strategies in Indonesia's Natuna Sea,2024,article,Journal of Maritime Policy Science.,2,iuu_remote_sensing,False,Indonesia,,ID,False,ID,Universitas 45 Mataram,text and affiliation,False,borderline: policy review of maritime security in the Natuna Sea.
W4391377810,10.1051/e3sconf/202448301010,Shelf oceanography and small pelagic fishes in the Java Sea,2024,conference-paper,E3S Web of Conferences,1,iuu_remote_sensing;viirs_boats,False,Java Sea,,ID,False,ID,Tanjungpura University | IPB University | National Nuclear Energy Agency of Indonesia | National Research and Innovation Agency | Indonesia Open University | Universitas Pramita Indonesia,text and affiliation,False,Oceanography of small pelagic fishes; VIIRS boat positions only as a covariate.
W4395665805,10.5194/isprs-archives-xlviii-4-w8-2023-157-2024,MINDORO OIL SPILL PROGRESS MONITORING USING SATELLITE IMAGERY,2024,article,"The international archives of the photogrammetry, remote sensing and spatial information sciences/International archives of the photogrammetry, remote sensing and spatial information sciences",1,sar_ship_detection,False,,,PH,False,PH,University of the Philippines Diliman,affiliation only,False,Oil spill monitoring.
W4398179756,10.29244/jmf.v15i1.51908,"SPATIAL-TEMPORAL DISTRIBUTION OF NARROW-BARRED SPANISH MACKEREL (Scomberomorus commerson) FISHING GROUNDS IN RIAU ARCHIPELAGO WATERS, INDONESIA",2024,article,Marine Fisheries Journal of Marine Fisheries Technology and Management,1,iuu_remote_sensing,False,Indonesia,,ID,False,ID,IPB University | Riau University | Universitas Riau Kepulauan,text and affiliation,False,Fishing grounds from catch data and SST/chlorophyll.
W4408880585,10.69812/ijsps.v1i1.45,Use of Technology to Prevent Illegal Fishing: A Case Study Perspective in the Natuna Sea,2024,article,International Journal of Social and Political Sciences,1,iuu_remote_sensing,False,Indonesia,,ID,False,ID,Universitas Maritim Raja Ali Haji,text and affiliation,True,"borderline: review of VMS, AIS and remote sensing tools against illegal fishing in the Natuna Sea."
W6921509980,10.6180/jase.202404_27(04).0007,"A New Approach for a Tsunami Early Warning System Based on Maritime Wireless Communication, Case Study, Pangandaran, Indonesia",2024,article,DOAJ (DOAJ: Directory of Open Access Journals),1,iuu_remote_sensing,False,Indonesia,,ID,False,ID;JP,Bandung Institute of Technology | Tohoku University,text and affiliation,False,Tsunami early warning by radio.
W4393977779,10.11591/eei.v13i3.6836,Clutter evalution of unmanned surface vehicles for maritime traffic monitoring,2024,article,Bulletin of Electrical Engineering and Informatics,0,small_vessel,False,,,MY,False,MY;JP,Universiti Teknologi MARA | University of Aizu,affiliation only,True,borderline: radar detection of small boats by unmanned surface vehicles.
W4403782508,10.21275/sr241018064155,Conservation of Abrasion Platforms to Support the Sustainability of Lobster (sp. Panulirus) in the Nature Reserve Forest (Nrf) of Sancang Area,2024,article,International Journal of Science and Research (IJSR),0,iuu_remote_sensing,False,,,ID,False,ID,Indonesia University of Education,affiliation only,False,Lobster habitat conservation.
W4404520880,10.1109/iciss62896.2024.10751172,Detection of FAD Position and Distribution with Sentinel-1 Synthetic Aperture Radar (SAR) Data with Constant False Alarm Rate (CFAR) algorithm optimized by Random Forest Classifier,2024,conference-paper,2024 International Conference on ICT for Smart Society (ICISS),0,iuu_remote_sensing;sar_ship_detection,False,Indonesia,,ID,False,ID,Bandung Institute of Technology,text and affiliation,True,"borderline: SAR detection of fish aggregating devices, not vessels."
W4404619509,10.29244/jmf.v15i2.52940,SUITABILITY OF SPATIAL-TEMPORAL HABITAT OF YELLOWFIN TUNA (Thunnus albacares) USING MAXIMUM ENTROPY MODEL IN WEST SUMATRA,2024,article,Marine Fisheries Journal of Marine Fisheries Technology and Management,0,iuu_remote_sensing,False,,,ID,False,ID;IT,Jambi University | Istituto di Scienze Marine del Consiglio Nazionale delle Ricerche | Jenderal Soedirman University,affiliation only,False,Tuna habitat model.
W4406774232,10.61310/mjst.v22i2.2179,Boat Detection Using Visible Infrared Imaging Radiometer Suite in Philippine Waters,2024,article,Mindanao Journal of Science and Technology,0,iuu_remote_sensing;viirs_boats,False,Philippines,,PH,False,PH,University of Batangas | Batangas State University,text and affiliation,True,
W4415183121,10.17509/seict.v5i2.75970,Morphological Grayscale Pre-processing to SAR Images for Reducing Noise in Ship Detection Based on YOLOv8,2024,article,Journal of Software Engineering Information and Communication Technology (SEICT),0,sar_ship_detection,False,,,ID,False,ID,Bandung Institute of Technology | Politeknik Negeri Bandung,affiliation only,True,
W4382196876,10.1016/j.worlddev.2023.106337,Fish to fight: Does catching more fish increase conflicts in Indonesia?,2023,article,World Development,18,iuu_remote_sensing,False,Indonesia,,,False,AU,University of Tasmania | Centre for Marine Socioecology,text only,False,"Fisheries and conflict, using ocean productivity data."
W4322493137,10.1080/23308249.2023.2183341,An overview Assessment of the Effectiveness of Satellite Images and Remote Sensing in Predicting Potential Fishing Grounds and its Applicability for Rastrelliger kanagurta in the Malaysian EEZ off the South China Sea,2023,article,Reviews in Fisheries Science & Aquaculture,7,iuu_remote_sensing,False,South China Sea;Malaysia,,MY,False,MY,Universiti Malaysia Terengganu | National University of Malaysia,text and affiliation,False,Overview of potential fishing ground prediction from SST/chlorophyll; no vessel detection.
W4361268344,10.3390/rs15071843,Offshore Hydrocarbon Exploitation Target Extraction Based on Time-Series Night Light Remote Sensing Images and Machine Learning Models: A Comparison of Six Machine Learning Algorithms and Their Multi-Feature Importance,2023,article,Remote Sensing,7,viirs_boats,False,South China Sea,,,False,CN,Shandong Jianzhu University | Chinese Academy of Sciences | Institute of Geographic Sciences and Natural Resources Research,text only,False,Offshore hydrocarbon platform extraction from night lights; not vessels.
W4319756669,10.29244/jitkt.v14i3.45164,MODEL MAXIMUM ENTROPY UNTUK PREDIKSI DAERAH PENANGKAPAN IKAN PELAGIS KECIL DI LAUT JAWA,2023,article,Jurnal Ilmu dan Teknologi Kelautan Tropis,3,viirs_boats,False,,,ID,False,ID,IPB University | National Research and Innovation Agency,affiliation only,True,borderline: fishing ground model that uses VBD vessel positions.
W4390079163,10.15578/jkpt.v6i1.12752,Estimation of Fishing Ground Based on Distribution of Fishing Vessels and Oceanographic Factors in WPPNRI 573,2023,article,Jurnal Kelautan dan Perikanan Terapan (JKPT),3,iuu_remote_sensing,False,Indonesia,,ID,False,ID,Indonesia Open University | Ministry of Marine Affairs and Fisheries,text and affiliation,True,borderline: fishing ground estimated from fishing vessel distribution.
W4404569340,10.1093/yiel/yvae024,International Maritime Organization (IMO),2023,article,Yearbook of International Environmental Law,3,dark_vessels,False,Indonesia;Philippines;Malaysia;Singapore,,,False,AU,University of Technology Sydney,text only,False,IMO membership and regulation news.
W7164385225,10.1163/24519391-08020007,The Challenges of Dark Ships to the Safety and Security of Commercial Shipping and the Way Forward,2023,article,Asia-Pacific Journal of Ocean Law and Policy,3,dark_vessels,False,,,SG,False,SG,National University of Singapore,affiliation only,False,borderline: legal study of dark ships; no detection or monitoring.
W4319027653,10.24843/jmas.2022.v08.i01.p12,Deteksi Kapal Penangkapan Ikan Menggunakan data Visible Infrared Imaging Radiometer Suite (VIIRS) dan data Vessel Monitoring System (VMS) di Wilayah Pengelolaan Perikanan Negara Republik Indonesia,2023,article,Journal of Marine and Aquatic Sciences,1,iuu_remote_sensing;viirs_boats,False,Indonesia,,ID,False,ID,IPB University | Indonesian National Institute of Aeronautics and Space,text and affiliation,True,
W4319601939,10.51401/jinteks.v5i1.2259,PREDIKSI LOKASI IUU FISHING DENGAN CLUSTERING DAN TIME SERIES FORECASTING DI PERBATASAN INDONESIA–FILIPINA,2023,article,Jurnal Informatika Teknologi dan Sains (Jinteks),1,iuu_remote_sensing,False,Indonesia,,ID,False,ID,Indonesia Defense University | Universitas Dian Nuswantoro,text and affiliation,True,IUU forecasting from VIIRS data.
W4390563010,10.13170/depik.12.3.34934,"Degradation of fishing grounds in North Waters of Banten Province, Indonesia",2023,article,DEPIK,1,iuu_remote_sensing,False,Indonesia,,ID,False,ID,Universitas Satya Negara Indonesia | National Research and Innovation Agency,text and affiliation,False,Fishing ground degradation.
W4376614841,10.59447/saintek.v16i1.108,Metode Pembelajaran Bersiklus yang Berbasis Aofic Indeso Guna Mengoptimalkan Potensi Lokal Berdasarkan Literasi Maritim,2023,article,Saintek Jurnal Sains Teknologi dan Profesi Akademi Angkatan Laut,0,iuu_remote_sensing,False,Indonesia,,,False,,,text only,False,Teaching-method study.
W4386226544,10.1088/1755-1315/1224/1/012025,"Ship detection using Google Earth Pro and SAR Sentinel-1 Satellite in Karimunjawa, Indonesia",2023,conference-paper,IOP Conference Series Earth and Environmental Science,0,sar_ship_detection,False,Indonesia,,ID,False,ID,Diponegoro University,text and affiliation,True,
W4390078975,10.24843/jmrt.2023.v06.i02.p09,"Aplikasi Penginderaan Jauh Citra Landsat-8 Untuk Pembuatan Peta Batimetri Di Perairan Pantai Jumpai, Klungkung, Bali",2023,article,Journal of Marine Research and Technology,0,iuu_remote_sensing,False,Indonesia,,ID,False,ID,Udayana University,text and affiliation,False,Bathymetry from Landsat-8.
W4390187693,10.1109/icramet60171.2023.10366711,"VIIRS Day/Night Band Image Processing System for Boat Detection in Java Sea, Indonesia",2023,conference-paper,"2023 International Conference on Radar, Antenna, Microwave, Electronics, and Telecommunications (ICRAMET)",0,iuu_remote_sensing;viirs_boats,False,Java Sea;Indonesia,,ID,False,ID,Indonesian National Institute of Aeronautics and Space | National Research and Innovation Agency,text and affiliation,True,
W4390277399,10.1088/1755-1315/1276/1/012066,Fishing Ground and Primary Production Analysis Based on DNB SNPP-VIIRS and Aqua-MODIS Imagery in Mentawai Island and Nias Waters,2023,conference-paper,IOP Conference Series Earth and Environmental Science,0,iuu_remote_sensing;viirs_boats,False,,,ID,False,ID,Indonesian National Institute of Aeronautics and Space | National Research and Innovation Agency,affiliation only,True,borderline: fishing ground analysis that uses DNB boat lights.
W6957776784,10.60692/cnfhk-gas60,The Impact of Tropical Cyclones on Fishing Activities in the Philippines,2023,article,Greater South Information System,0,iuu_remote_sensing,False,Philippines,,PH,False,JP;PH;NZ;CA;US,Asian Development Bank Institute | José Rizal University | Victoria University of Wellington | Impact | Impact Technology Development (United States),text and affiliation,True,borderline: tropical cyclone effects on fishing activity from vessel tracking data.
W4296642582,10.1016/j.jag.2022.103023,Building consistent time series night-time light data from average DMSP/OLS images for indicating human activities in a large-scale oceanic area,2022,article,International Journal of Applied Earth Observation and Geoinformation,20,iuu_remote_sensing;viirs_boats,False,Malaysia,,,False,CN,Guangxi University | Southern Marine Science and Engineering Guangdong Laboratory (Guangzhou) | Southern Marine Science and Engineering Guangdong Laboratory (Zhuhai),text only,False,borderline: intercalibration of DMSP night lights; fishing vessel lights are treated as noise.
W4313306828,10.1109/iccis56375.2022.9998129,Classification and Counting of Ships Using YOLOv5 Algorithm,2022,conference-paper,2022 6th International Conference on Communication and Information Systems (ICCIS),17,sar_ship_detection,False,Philippines,,,False,,,text only,True,borderline: ship classification and counting by YOLOv5.
W4281551273,10.22146/jcef.2878,Tsunami Early Warning System Based on Maritime Wireless Communication,2022,article,Journal of the Civil Engineering Forum,9,iuu_remote_sensing,False,Indonesia,,ID,False,ID,Bandung Institute of Technology | Indonesian Institute of Sciences,text and affiliation,False,Tsunami early warning by radio.
W4311603024,10.1109/icitsi56531.2022.9970940,Prediction of Ship Track Anomaly based on AIS data using Long Short-Term Memory (LSTM) and DBSCAN,2022,conference-paper,2022 International Conference on Information Technology Systems and Innovation (ICITSI),5,dark_vessels,False,Indonesia;Singapore,,ID,False,ID,Bandung Institute of Technology,text and affiliation,True,borderline: AIS track anomaly prediction.
W4301401589,10.47853/fas.2022.e43,Commercial fishery assessment of Malaysian water offshore structure,2022,article,Fisheries and aquatic sciences,3,iuu_remote_sensing,False,Malaysia,,MY,False,MY,Universiti Malaysia Terengganu | Petronas (Malaysia) | PETRONAS Research Sdn Bhd (Malaysia),text and affiliation,False,Fisheries around oil and gas platforms.
W4321462360,10.11594/ijer.v3i1.36,Vessel Safety Monitoring System (VSMS) Based on LoRA for the Safety of Indonesian Traditional Fishers,2022,article,Indonesian Journal of Engineering Research,2,iuu_remote_sensing,False,Indonesia,,,False,,,text only,True,borderline: vessel position and distress monitoring for small fishing vessels.
W4311924825,10.24319/jtpk.13.89-102,"ANALISIS ZONA POTENSI PENANGKAPAN IKAN BERDASARKAN SPL, KLOROFIL-A, DAN BOAT DETECTION SERTA MENGKAJI RZWP3K, LAMPUNG",2022,article,Jurnal Teknologi Perikanan dan Kelautan,1,viirs_boats,False,,,ID,False,ID,Sumatera Institute of Technology | Bandung Institute of Technology,affiliation only,True,borderline: potential fishing zones that use boat detection.
W4318832786,10.31851/jipbp.v17i2.9504,Kesesuaian Lokasi Kapal Penangkap Ikan dengan Daerah Potensi Penangkapan Ikan Di Perairan Kabupaten Raja Ampat Berdasarkan Data Citra Satelit,2022,article,Jurnal Ilmu-ilmu Perikanan dan Budidaya Perairan,1,viirs_boats,False,,,ID,False,ID,Universitas Muhamadiyah Sorong | Universitas Pendidikan Muhammadiyah Sorong,affiliation only,True,borderline: compares fishing vessel locations with potential fishing zones.
W4367664131,10.1109/hnicem57413.2022.10109599,Exploring Spratly Islands in using VIIRS Boat Detection Satellite Image Analytics,2022,conference-paper,"2022 IEEE 14th International Conference on Humanoid, Nanotechnology, Information Technology, Communication and Control, Environment, and Management (HNICEM)",1,viirs_boats,False,Spratly;Philippines,,PH,False,PH,Rizal Technological University,text and affiliation,True,
W4282047046,10.1002/fsat.3602_13.x,From catch to plate,2022,article,Food Science and Technology,0,iuu_remote_sensing,False,Singapore,,,False,,,text only,False,Feature article in a food science magazine.
W4312784466,10.1162/isec_x_00448,Summaries,2022,article,International Security,0,iuu_remote_sensing,False,South China Sea,,,False,,,text only,False,Journal summaries.
W4206029051,10.1093/icesjms/fsab260,Trend in fishing activity in the open South China Sea estimated from remote sensing of the lights used at night by fishing vessels,2021,article,ICES Journal of Marine Science,25,iuu_remote_sensing,False,South China Sea,,,False,CN,Ministry of Agriculture and Rural Affairs | Chinese Academy of Fishery Sciences | Chinese Academy of Sciences | Institute of Oceanology | South China Sea Institute Of Oceanology | Southern Marine Science and Engineering Guangdong Laboratory (Guangzhou),text only,True,
W3212012411,10.3390/ijgi10110778,Assessing Potential Climatic and Human Pressures in Indonesian Coastal Ecosystems Using a Spatial Data-Driven Approach,2021,article,ISPRS International Journal of Geo-Information,24,iuu_remote_sensing;viirs_boats,False,Indonesia,,ID,False,ID,Sumatera Institute of Technology | Bandung Institute of Technology | Indonesian National Institute of Aeronautics and Space | National Research and Innovation Agency,text and affiliation,False,Blue carbon pressure mapping; VBD is one input layer.
W3118814988,10.3389/fmars.2020.625766,Shining Light on Data-Poor Coastal Fisheries,2021,article,Frontiers in Marine Science,23,iuu_remote_sensing,False,Myanmar,,MM,False,GB;MM,University of Exeter | Biodiversity and Nature Conservation Association,text and affiliation,True,VIIRS boat detection as a fisheries data source.
W3137209321,10.1155/2021/8893182,End‐to‐End Ship Detection in SAR Images for Complex Scenes Based on Deep CNNs,2021,article,Journal of Sensors,23,sar_ship_detection,False,,,SG,False,CN;SG,Chinese Academy of Sciences | Institute of Microelectronics | Institute of Microelectronics | University of Chinese Academy of Sciences,affiliation only,True,
W3191781564,10.1016/j.fishres.2021.106100,Performance of VMS and nightly satellite in monitoring light fishing vessels in the open South China Sea,2021,article,Fisheries Research,16,iuu_remote_sensing,False,South China Sea,,,False,CN,Ministry of Agriculture and Rural Affairs | Chinese Academy of Fishery Sciences | Sun Yat-sen University | Chinese Academy of Sciences | Institute of Oceanology | South China Sea Institute Of Oceanology | Southern Marine Science and Engineering Guangdong Laboratory (Guangzhou),text only,True,
W4200283324,10.3390/jmse9121394,Satellite Observation of the Marine Light-Fishing and Its Dynamics in the South China Sea,2021,article,Journal of Marine Science and Engineering,11,iuu_remote_sensing;viirs_boats,False,South China Sea,,,False,CN,Ministry of Natural Resources | Jiangsu Center for Collaborative Innovation in Geographical Information Resource Development and Application | Nanjing University | Ningbo University,text only,True,
W4200244151,10.1088/1755-1315/925/1/012058,Fishing boat detection using Sentinel-1 validated with VIIRS Data,2021,conference-paper,IOP Conference Series Earth and Environmental Science,8,iuu_remote_sensing;sar_ship_detection;viirs_boats,False,Indonesia,,,False,,,text only,True,
W4200468460,10.3846/aviation.2021.14216,UNMANNED AIR VEHICLE PATH PLANNING FOR MARITIME SURVEILLANCE USING CLUSTER-BASE METHOD,2021,article,Aviation,5,iuu_remote_sensing,False,Indonesia,,ID,False,ID,Indonesian National Institute of Aeronautics and Space,text and affiliation,False,borderline: UAV route planning; no vessel detection.
W4210675347,10.1109/apsar52370.2021.9688488,Classification of Ship type using Sentinel 1 Imagery,2021,conference-paper,2021 7th Asia-Pacific Conference on Synthetic Aperture Radar (APSAR),4,iuu_remote_sensing;sar_ship_detection,False,Indonesia,,,False,,,text only,True,
W4200523534,10.1088/1755-1315/925/1/012063,Temporal Distribution and Characteristic Analysis of Oil Spill in Balikpapan Bay,2021,conference-paper,IOP Conference Series Earth and Environmental Science,3,sar_ship_detection,False,,,ID,False,ID,Bandung Institute of Technology,affiliation only,False,Oil spill distribution.
W3145108592,10.15578/jkn.v16i1.9293,PEMANFAATAN DATA CITRA SATELIT SENTINEL-1 UNTUK PEMANTAUAN SEBARAN TUMPAHAN MINYAK DI WPP 713,2021,article,Jurnal Kelautan Nasional,2,iuu_remote_sensing;sar_ship_detection,False,Indonesia,,,False,,,text only,False,Oil spill mapping with Sentinel-1.
W3158223807,10.1088/1755-1315/718/1/012026,Distribution and oceanography characteristic of light fishing in the Java Sea,2021,conference-paper,IOP Conference Series Earth and Environmental Science,1,iuu_remote_sensing;viirs_boats,False,Java Sea,,ID,False,ID,Universitas Trunodjoyo Madura,text and affiliation,True,
W3135257094,10.1088/1755-1315/674/1/012013,Distribution of fishing boats and its oceanography characteristic in the eastern Indian Ocean off Sumatera,2021,conference-paper,IOP Conference Series Earth and Environmental Science,0,iuu_remote_sensing;viirs_boats,False,,,ID,False,ID,Universitas Trunodjoyo Madura | Ministry of Marine Affairs and Fisheries,affiliation only,True,
W3164905357,10.11591/ijece.v11i6.pp5144-5152,A small vessel detection using a co-located multi-frequency FMCW MIMO radar,2021,article,International Journal of Power Electronics and Drive Systems/International Journal of Electrical and Computer Engineering,0,small_vessel,False,,,MY,False,MY;TR,Universiti Teknologi MARA | Universiti Putra Malaysia | Trakya University,affiliation only,True,
W3194836031,10.36412/jepst.v2i1.2359,Pemetaan Sebaran Padang Lamun Pada Wilayah di Kecamatan Kei Besar,2021,article,Jurnal Episentrum,0,iuu_remote_sensing,False,Indonesia,,ID,False,ID,Manado State University,text and affiliation,False,Seagrass mapping.
W3197875143,10.30536/j.ijreses.2021.v18.a3605,FISHING BOAT DISTRIBUTION ESTABLISHED BY COMPARING VMS AND VIIRS DATA AROUND THE ARU ISLANDS IN MALUKU INDONESIA,2021,article,International Journal of Remote Sensing and Earth Sciences (IJReSES),0,iuu_remote_sensing;viirs_boats,False,Indonesia,,ID,False,ID,IPB University,text and affiliation,True,
W6939116456,10.6084/m9.figshare.13551419.v1,Comparison-of-Low-Cost-Global-Positioning-System.pdf,2021,article,Figshare,0,iuu_remote_sensing,False,Philippines,,,False,,,text only,True,borderline: low-cost GPS loggers as an alternative to VMS.
W7105824527,10.5281/zenodo.17602377,Identifying Fishing Grounds in the Philippines using Earth Observation Data and Machine Learning,2021,article,Zenodo (CERN European Organization for Nuclear Research),0,iuu_remote_sensing;viirs_boats,False,Sulu;Philippines,,MY;PH,False,MY;NZ;PH,National Space Agency | Scion | University of the Philippines Diliman,text and affiliation,True,borderline: fishing grounds from VBD vessel positions and environmental data.
W3093942418,10.1109/ies50839.2020.9231539,Surveillance System for Illegal Fishing Prevention on UAV Imagery Using Computer Vision,2020,conference-paper,2020 International Electronics Symposium (IES),28,iuu_remote_sensing,False,Indonesia,,ID,False,ID,Universitas Negeri Surabaya | Politeknik Elektronika Negeri Surabaya,text and affiliation,True,"borderline: UAV imagery, not satellite."
W3022664958,10.1109/access.2020.2990985,A Computational Framework for Iceberg and Ship Discrimination: Case Study on Kaggle Competition,2020,article,IEEE Access,16,sar_ship_detection,False,,,SG,False,SG;CN,"Agency for Science, Technology and Research | Institute for Infocomm Research | Fudan University",affiliation only,True,
W3029894858,10.3390/rs12111720,Detecting Ephemeral Objects in SAR Time-Series Using Frozen Background-Based Change Detection,2020,article,Remote Sensing,9,sar_ship_detection,False,Singapore,,,False,FR,Université Paris-Saclay | CentraleSupélec | Supélec ONERA DSTA Research Alliance,text only,True,borderline: SAR change detection of ephemeral objects such as ships.
W3003385220,10.1088/1755-1315/429/1/012051,Distribution of fishing vessels derived Visible Infrared Imaging Radiometer Suite (VIIRS) Sensor and Vessel Monitoring System (VMS) in the Java Sea,2020,conference-paper,IOP Conference Series Earth and Environmental Science,7,iuu_remote_sensing;viirs_boats,False,Java Sea,,ID,False,ID,IPB University | Universitas Trunodjoyo Madura,text and affiliation,True,
W3027811057,10.30536/j.ijreses.2019.v16.a3235,FISHING-VESSEL DETECTION USING SYNTHETIC APERTURE RADAR (SAR) SENTINEL-1 (CASE STUDY: JAVA SEA),2020,article,International Journal of Remote Sensing and Earth Sciences (IJReSES),7,iuu_remote_sensing;sar_ship_detection,False,Java Sea,,ID,False,ID,IPB University | Indonesian National Institute of Aeronautics and Space,text and affiliation,True,
W3114841683,10.15578/jsekp.v15i2.8178,DAMPAK EKONOMI AKIBAT IUU FISHING PERIKANAN TANGKAP PELAGIS BESAR DI WPPNRI 715,2020,article,Jurnal Sosial Ekonomi Kelautan dan Perikanan,3,iuu_remote_sensing,False,,,ID,False,ID,Direktorat Jenderal Peternakan dan Kesehatan Hewan | Badan Pengkajian dan Penerapan Teknologi,affiliation only,False,Economic impact of IUU fishing; no monitoring.
W3035190983,10.35472/jsat.v4i1.249,Analisis sedimen dan pengaruhnya terhadap kondisi garis pantai di kawasan pantai timur Kabupaten Lampung Selatan,2020,article,Journal of Science and Applicative Technology,2,iuu_remote_sensing,False,,,ID,False,ID,Sumatera Institute of Technology,affiliation only,False,Coastal sediment analysis.
W3162812363,10.1088/1755-1315/584/1/012053,Dissemination of angling vessels in the eastern Indian Ocean: a remote sensing perspective,2020,conference-paper,IOP Conference Series Earth and Environmental Science,2,viirs_boats,False,Indonesia,,ID,False,ID,Universitas Trunodjoyo Madura | Ministry of Marine Affairs and Fisheries,text and affiliation,True,
W3175844481,10.1109/agers51788.2020.9452785,Analysis of Fishing with Led Lights in and around MPA and No Take Zones at Natuna Indonesia through VMS and VIIRS Data,2020,conference-paper,"2020 IEEE Asia-Pacific Conference on Geoscience, Electronics and Remote Sensing Technology (AGERS)",2,iuu_remote_sensing;viirs_boats,False,Indonesia,,ID,False,ID,IPB University,text and affiliation,True,
W3022267450,10.18551/rjoas.2020-04.10,"THE SOCIO-ECONOMICS OF COASTAL COMMUNITIES IN SORONG CITY, WEST PAPUA PROVINCE OF INDONESIA",2020,article,Russian Journal of Agricultural and Socio-Economic Sciences,1,iuu_remote_sensing,False,Indonesia,,ID,False,ID,Ministry of Marine Affairs and Fisheries,text and affiliation,False,Socio-economics of coastal communities.
W3087977789,10.7315/cde.2020.320,A Method of Estimating the Locations of Other Ships from Ocean Images,2020,article,Korean Journal of Computational Design and Engineering,1,small_vessel,False,Singapore,,,False,,,text only,True,borderline: ship location estimation from camera images.
W3104110018,,Essays in Environmental & Resource Economics,2020,article,,0,iuu_remote_sensing,False,Indonesia;Philippines,,,False,,,text only,False,"Economics dissertation; the abstract covers attention to time and air conditioning, no vessel work."
W3113338673,,PERBANDINGAN PENDETEKSI-PENDETEKSI KAPAL DENGAN MENGGUNAKAN DATA DARI SYNTHETIC APERTURE RADAR (SAR) UNTUK PENGAWASAN AREA MARITIM,2020,article,PROSIDING SEMINAR INFORMATIKA DAN SISTEM INFORMASI,0,iuu_remote_sensing,False,,,ID,False,ID,Universitas Pamulang,affiliation only,True,
W3136576510,10.37875/asro.v11i1.206,ANALYSIS OF UTILIZATION CHLOROPHYLL-A CONCENTRATION DATA FROM REMOTE SENSING IMAGERY TO SUPPORT MARITIME SECURITY OPERATIONS (CASE STUDIES IN THE ARAFURA SEA),2020,article,JOURNAL ASRO,0,iuu_remote_sensing,False,Indonesia,,ID,False,ID,Sekolah Tinggi Teknologi Angkatan Laut,text and affiliation,False,Chlorophyll-a data for patrol planning; no vessel detection.
W2940541941,10.3390/rs11090995,Cross-Matching VIIRS Boat Detections with Vessel Monitoring System Tracks in Indonesia,2019,article,Remote Sensing,75,iuu_remote_sensing;viirs_boats,False,Indonesia,,ID,False,US;ID,Cooperative Institute for Research in Environmental Sciences | Colorado School of Mines | University of Colorado Boulder | World Water Watch | Sultan Ageng Tirtayasa University | IPB University | Ministry of Marine Affairs and Fisheries,text and affiliation,True,
W2910714315,10.3390/s19020231,Automatic Extraction of Offshore Platforms in Single SAR Images Based on a Dual-Step-Modified Model,2019,article,Sensors,26,sar_ship_detection,False,South China Sea,,,False,CN,Lanzhou Jiaotong University | Institute of Geographic Sciences and Natural Resources Research,text only,False,borderline: offshore platform extraction in SAR; ships are removed as interference.
W2996015590,10.14710/jmr.v8i4.25193,Aplikasi Citra Sentinel-2 untuk Pemetaan Sebaran Material Padatan Tersuspensi Di Muara Sungai Wulan Demak,2019,article,Journal of Marine Research,19,iuu_remote_sensing,False,,,ID,False,ID,Diponegoro University,affiliation only,False,Suspended solids mapping.
W2947456723,10.3390/e21060556,Offshore Platform Extraction Using RadarSat-2 SAR Imagery: A Two-Parameter CFAR Method Based on Maximum Entropy,2019,article,Entropy,16,sar_ship_detection,False,South China Sea,,,False,CN,Institute of Geographic Sciences and Natural Resources Research | Lanzhou Jiaotong University,text only,False,borderline: offshore platform extraction in SAR.
W2980325731,10.15666/aeer/1704_84858499,"ENVIRONMENTAL FACTORS AFFECTING THE SPATIOTEMPORAL DISTRIBUTION OF DECAPTERUS MARUADSI IN THE WESTERN GUANGDONG WATERS, CHINA",2019,article,Applied Ecology and Environmental Research,13,iuu_remote_sensing,False,South China Sea,,,False,CN,Ministry of Agriculture and Rural Affairs | Chinese Academy of Fishery Sciences,text only,False,Fish habitat ecology.
W2967647423,10.1111/fme.12374,Climate variability impact on Bali sardine fishery: Ecology and fisheries perspective,2019,article,Fisheries Management and Ecology,12,iuu_remote_sensing,False,,,ID,False,ID,Ministry of Marine Affairs and Fisheries,affiliation only,False,Sardine fishery and climate.
W2948210186,10.1088/1755-1315/276/1/012011,Habitat Model Development of Bigeye tuna (Thunnus obesus) during Southeast Monsoon in the Eastern Indian Ocean using Satellite Remotely Sensed Data,2019,conference-paper,IOP Conference Series Earth and Environmental Science,7,iuu_remote_sensing,False,,,ID,False,ID,Universitas Trunodjoyo Madura | IPB University | Hasanuddin University,affiliation only,False,Tuna habitat model.
W2949499114,10.30564/jms.v1i1.662,Preliminary Findings on Distribution of Bali Sardinella (Sardinella lemuru) in Relation to Oceanographic Conditions during Southeast Monsoon in Bali Strait Using Remotely Sensed Data,2019,article,Journal of Marine Science,6,viirs_boats,False,,,ID,False,ID,Universitas Trunodjoyo Madura,affiliation only,False,Sardinella distribution and oceanography; boat positions only as a covariate.
W2954617821,10.33997/j.afs.2019.32.02.002,Comparison of Low-Cost Global Positioning System (GPS) Data Loggers for Their Potential Application in Fishing Vessel Monitoring System in the Philippines,2019,article,Asian Fisheries Science,5,iuu_remote_sensing,False,Philippines,,PH,False,PH,University of the Philippines Visayas,text and affiliation,True,borderline: low-cost GPS loggers for fishing vessel monitoring.
W2922261253,10.14710/ijfst.14.2.128-135,"ANALISIS HUBUNGAN SUHU PERMUKAAN LAUT DAN KLOROFIL-A CITRA SATELIT SUOMI NPP VIIRS TERHADAP HASIL TANGKAPAN PURSE SEINE DI PPN PENGAMBENGAN, BALI (Analysis of the Relationship of Sea Surface Temperature and Chlorophyll-a The Suomi NPP VIIRS Satellite Image Against the Catch of the Seine Purse in PPN Pengambengan, Bali)",2019,article,SAINTEK PERIKANAN Indonesian Journal of Fisheries Science and Technology,4,iuu_remote_sensing,False,,,ID,False,ID,Diponegoro University,affiliation only,False,SST and chlorophyll against purse seine catch.
W2943875170,10.1088/1742-6596/1198/8/082002,"Analyze of Tanjung Api-Api Ferry Port Service Performance South Sumatera, Indonesia",2019,conference-paper,Journal of Physics Conference Series,4,viirs_boats,False,Indonesia,,ID,False,ID,Sriwijaya University,text and affiliation,False,Ferry port service performance.
W2947395337,10.1088/1742-6596/1229/1/012038,Cerebral Microbleed Detection by Extracting Area and Number from Susceptibility Weighted Imagery Using Convolutional Neural Network,2019,conference-paper,Journal of Physics Conference Series,4,small_vessel,False,,,TH,False,TH,Prince of Songkla University | Bangkok Hospital | Vachira Phuket Hospital | Bangkok Hospital Phuket,affiliation only,False,Medical imaging.
W2962956401,,A Year in Space for the CubeSat Multispectral Observing System: CUMULOS,2019,conference-paper,Digital Commons - USU (Utah State University),4,iuu_remote_sensing;viirs_boats,False,Singapore,,,False,,,text only,False,CubeSat camera payload.
W3049386737,10.1109/icst47872.2019.9166194,Detecting Oil Spill on Sentinel-1 Imagery based on Texture Analysis and Instantaneous Wind Speed Estimation,2019,conference-paper,2019 5th International Conference on Science and Technology (ICST),4,sar_ship_detection,False,,,ID,False,ID,Universitas Gadjah Mada,affiliation only,False,Oil spill detection.
W2947369977,10.1088/1755-1315/284/1/012042,Preliminary Design of Imaging Microsatellite for Preventing Illegal Fishing in Indonesia,2019,conference-paper,IOP Conference Series Earth and Environmental Science,0,iuu_remote_sensing,False,Indonesia,,ID,False,ID,Bandung Institute of Technology,text and affiliation,True,borderline: satellite design to detect illegal fishing.
W3202230382,,Oil Spill Detection Over Makassar Strait with Texture Analysis on Sentinel-1 Satellite Images,2019,article,,0,sar_ship_detection,False,Indonesia,,,False,,,text only,False,Oil spill detection.
W2897839944,10.3390/rs10101604,Mapping Fishing Activities and Suitable Fishing Grounds Using Nighttime Satellite Images and Maximum Entropy Modelling,2018,article,Remote Sensing,71,iuu_remote_sensing;viirs_boats,False,Philippines,,PH,False,US;PH,NOAA National Marine Fisheries Service | University of Hawaiʻi at Mānoa | National Oceanic and Atmospheric Administration | NOAA National Marine Fisheries Service Pacific Islands Fisheries Science Center | Hawaii Institute of Marine Biology | NOAA National Centers for Coastal Ocean Science | NOAA National Centers for Environmental Information | National Fisheries Research and Development Institute,text and affiliation,True,
W2891191818,10.1080/01431161.2018.1482022,Spatial and seasonal patterns of night-time lights in global ocean derived from VIIRS DNB images,2018,article,International Journal of Remote Sensing,24,viirs_boats,False,Indonesia,,,False,CN,Wuhan University | State Key Laboratory of Information Engineering in Surveying Mapping and Remote Sensing,text only,True,"borderline: global night-time lights at sea, including fishing lights."
W2906398788,10.1051/e3sconf/20187304004,Variability Chlorophyll-a And Sea Surface Temperature As The Fishing Ground Basis Of Mackerel Fish In The Arafura Sea,2018,conference-paper,E3S Web of Conferences,11,iuu_remote_sensing,False,Indonesia,,ID,False,ID,Musamus Merauke University | Diponegoro University,text and affiliation,False,Chlorophyll and SST for a mackerel fishing ground.
W2905911001,10.29037/digitalpress.11224,Ship detection in Madura Strait and Lamong Gulf using Sentinel-1 SAR Data,2018,article,Digital Press Physical Sciences and Engineering,7,sar_ship_detection,False,,,ID,False,FR;ID,"Laboratoire Image, Ville, Environnement | Université de Strasbourg | Institut Teknologi Sepuluh Nopember | Diponegoro University",affiliation only,True,
W2975131739,10.1109/rfm.2018.8846475,Performance of MIMO FMCW Radar in Detecting Small Vessels,2018,conference-paper,2018 IEEE International RF and Microwave Conference (RFM),6,small_vessel,False,,,MY,False,MY,Universiti Teknologi MARA | Universiti Putra Malaysia,affiliation only,True,
W2970672304,10.1088/1755-1315/137/1/012041,"Validation of potential fishing zone forecast using experimental fishing method in Tolo Bay, Central Sulawesi Province",2018,conference-paper,IOP Conference Series Earth and Environmental Science,5,iuu_remote_sensing,False,Indonesia,,ID,False,ID,Ministry of Marine Affairs and Fisheries,text and affiliation,False,Potential fishing zone forecast validation.
W2799451018,10.12928/telkomnika.v16i4.7596,Ship Speed Estimation using Wireless Sensor Networks: Three and Five Sensors Formulation,2018,article,TELKOMNIKA (Telecommunication Computing Electronics and Control),4,small_vessel,False,,,ID,False,ID,University of Indonesia,affiliation only,True,"borderline: ship detection with wireless sensor networks, not satellite."
W2844893744,10.1088/1755-1315/162/1/012040,Utilization of AIS (Automatic Identification System) sensor for mobility monitoring of fishing vessel based on PFZ (Potential Fishing Zones) distribution,2018,conference-paper,IOP Conference Series Earth and Environmental Science,3,iuu_remote_sensing,False,Indonesia,,ID,False,ID,Indonesian National Institute of Aeronautics and Space,text and affiliation,True,borderline: AIS monitoring of fishing vessels.
W2900475502,10.1109/igarss.2018.8517496,Multi Frequency Analysis of Scattering Matrix and Scattering Power Matrix for Marine Vessels Detection,2018,conference-paper,IGARSS 2018 - 2018 IEEE International Geoscience and Remote Sensing Symposium,3,sar_ship_detection,False,Singapore,,,False,IN,Indian Institute of Technology Bombay,text only,True,
W2903393935,10.1088/1742-6596/1130/1/012011,Preliminary design of communication and power subsystem for micro-satellite with maritime surveillance mission,2018,conference-paper,Journal of Physics Conference Series,1,iuu_remote_sensing;sar_ship_detection,False,Indonesia,,ID,False,ID,Bandung Institute of Technology,text and affiliation,True,borderline: micro-satellite design with an AIS receiver and SAR for illegal fishing.
W3014495690,,Maritime Traffic Surveillance with SENTINEL-1 High Resolution Images,2018,article,WSEAS TRANSACTIONS ON ENVIRONMENT AND DEVELOPMENT,1,iuu_remote_sensing;sar_ship_detection;small_vessel,False,Singapore,,,False,,,text only,True,
W2206613473,10.29118/ipa.1917.05.che.105,Protecting coastal communities through civil maritime surveillance,2018,conference-paper,"Proc. Indon Petrol. Assoc., 30th Ann. Conv.",0,iuu_remote_sensing,False,Singapore,,,False,,,text only,False,borderline: civil maritime surveillance and vulnerability mapping; broad security essay.
W2890121564,10.4236/ars.2018.73012,Island Activities Detected by VIIRS and Validation with AIS,2018,article,Advances in Remote Sensing,0,viirs_boats,False,South China Sea,,,False,JP,Tokyo University of Information Sciences,text only,True,borderline: island reclamation lights checked against AIS vessel tracks.
W2737999009,10.30536/j.jtd.2016.v14.a2385,ALGORITMA PERINGATAN DINI PENCURIAN IKAN PADA DATA AUTOMATIC IDENTIFICATION SYSTEM (AIS) BERBASIS TERESTRIAL DAN SATELIT (ILLEGAL FISHING EARLY WARNING ALGORITHM FOR TERESTRIAL AND SATELLITE-BASED AUTOMATIC IDENTIFICATION SYSTEM (AIS) DATA),2017,article,Jurnal Teknologi Dirgantara,6,iuu_remote_sensing,False,Indonesia,,ID,False,ID,Indonesian National Institute of Aeronautics and Space | Bandung Institute of Technology,text and affiliation,True,
W2770375415,10.5194/isprs-archives-xlii-3-w2-71-2017,OIL POLLUTION IN INDONESIAN WATERS: COMBINING STATISTICAL ANALYSES OF ENVISAT ASAR AND SENTINEL-1A C-SAR DATA WITH NUMERICAL TRACER MODELLING,2017,article,"The international archives of the photogrammetry, remote sensing and spatial information sciences/International archives of the photogrammetry, remote sensing and spatial information sciences",6,sar_ship_detection,False,Java Sea;Indonesia,,ID,False,DE;ID,Universität Hamburg | Bandung Institute of Technology | Ministry of Marine Affairs and Fisheries,text and affiliation,False,Oil pollution mapped with SAR.
W3194886242,10.24843/jmas.2018.v4.i01.14-21,Validasi Sebaran Kapal Penangkap Ikan Tradisional Menggunakan Data Penginderaan Jauh Dan GPS Tracker,2017,article,Journal of Marine and Aquatic Sciences,3,iuu_remote_sensing;sar_ship_detection,False,Indonesia,,ID,False,ID,Ministry of Marine Affairs and Fisheries,text and affiliation,True,
W2771992700,10.1109/igarss.2017.8127261,An assessment of marine oil pollution in Indonesia based on SAR imagery,2017,conference-paper,2017 IEEE International Geoscience and Remote Sensing Symposium (IGARSS),2,sar_ship_detection,False,Java Sea;Indonesia,,ID,False,DE;ID,Universität Hamburg | Bandung Institute of Technology | Ministry of Marine Affairs and Fisheries,text and affiliation,False,Oil pollution mapped with SAR.
W2596131037,10.5281/zenodo.1129046,Detection Of Temporal Change Of Fishery And Island Activities By Dnb And Sar On The South China Sea,2017,article,Zenodo (CERN European Organization for Nuclear Research),1,iuu_remote_sensing;sar_ship_detection;small_vessel;viirs_boats,False,South China Sea,,,False,,,text only,True,
W2618352681,10.1117/12.2260869,Temporal monitoring of vessels activity using day/night band in Suomi NPP on South China Sea,2017,conference-paper,"Proceedings of SPIE, the International Society for Optical Engineering/Proceedings of SPIE",1,viirs_boats,False,South China Sea,,,False,JP;US,Tokyo University of Information Sciences | United States Naval Research Laboratory,text only,True,
W2766021374,10.2208/kaigan.73.i_409,Developing Fragility Functions Based on Aquaculture Raft and Eelgrass due to Tsunami Damage: A Case Study of Mangokuura Lake,2017,article,土木学会論文集B2(海岸工学),1,iuu_remote_sensing,False,,,TH,False,JP;TH,Tohoku University | Chulalongkorn University,affiliation only,False,Tsunami fragility of aquaculture rafts.
W2771852713,10.1109/igarss.2017.8127626,Island-building activities detected by DNB on south china sea,2017,conference-paper,2017 IEEE International Geoscience and Remote Sensing Symposium (IGARSS),1,viirs_boats,False,South China Sea,,,False,JP;US,Tokyo University of Information Sciences | United States Naval Research Laboratory,text only,False,borderline: island-building lights; vessels are incidental.
W2756803671,10.7275/r5cn724s,Optimum Object Analysis Of Islands Activities On South China Sea By DNB On VIIRS,2017,conference-paper,ScholarWorks@UMassAmherst (University of Massachusetts Amherst),0,viirs_boats,False,South China Sea,,,False,,,text only,False,borderline: night-light processing system for island activities.
W2561939013,10.1109/oceans.2016.7761309,Estimation of vessel traffic density from Suomi NPP VIIRS day/night band,2016,conference-paper,OCEANS 2016 MTS/IEEE Monterey,14,viirs_boats,False,South China Sea,,,False,JP;US,Tokyo University of Information Sciences | United States Naval Research Laboratory,text only,True,
W2563185542,10.29244/jitkt.v8i1.12500,"DAMAGE LEVEL AND CLAIMED VALUE ESTIMATION OF DAMAGE MANGROVE ECOSYSTEM IN BINTAN BAY, BINTAN DISTRICT",2016,article,Jurnal Ilmu dan Teknologi Kelautan Tropis,10,iuu_remote_sensing,False,,,ID,False,ID,IPB University | Pusat Penelitian dan Pengembangan Peternakan | Badan Pengkajian dan Penerapan Teknologi,affiliation only,False,Mangrove damage valuation.
W2564181966,,Kepentingan Indonesia Aktif Dalam Cti (Coral Triangle Initiative),2016,article,Jurnal Online Mahasiswa Fakultas Ilmu Sosial dan Ilmu Politik Universitas Riau,3,iuu_remote_sensing,False,Indonesia;Philippines;Malaysia;Timor-Leste,,,False,,,text only,False,Coral Triangle Initiative policy.
W2547514449,10.21107/jk.v9i2.1695,ANALISIS SPASIAL DAN TEMPORAL AKTIVITAS KAPAL IKAN DI PERAIRAN SELATAN ARU MENGGUNAKAN CITRA MODIS DAN RADARSAT-2,2016,article,Jurnal Kelautan Indonesian Journal of Marine Science and Technology,1,iuu_remote_sensing,False,,,ID,False,ID,Badan Penelitian dan Pengembangan Kesehatan,affiliation only,True,
W2588504383,10.1109/icramet.2016.7849598,Ship speed detection using Wireless Sensor Networks with three nodes,2016,conference-paper,"2016 International Conference on Radar, Antenna, Microwave, Electronics, and Telecommunications (ICRAMET)",0,iuu_remote_sensing,False,,,ID,False,ID,University of Indonesia,affiliation only,True,"borderline: ship detection with wireless sensor networks, not satellite."
W2611282737,10.35800/jitpt.2.4.2016.15024,Ketaatan kapal pukat cincin yang berpangkalan di Pelabuhan Perikanan Samudera Bitung terhadap wilayah penangkapan ikan yang ditetapkan menggunakan data Vessel Monitoring System,2016,article,JURNAL ILMU DAN TEKNOLOGI PERIKANAN TANGKAP,0,iuu_remote_sensing,False,Indonesia,,ID,False,ID,Sam Ratulangi University,text and affiliation,True,VMS compliance of purse seine vessels.
W3206562267,,Light Fishing Boat Detection by VIIRS Low Light Imaging Data in the Inner Gulf of Thailand from October 2015 to September 2016.,2016,article,,0,iuu_remote_sensing;viirs_boats,False,Gulf of Thailand;Thailand,,,False,,,text only,True,
W7066742819,,Integrasi Data VMS Dengan Echo SAR Untuk Identifikasi Illegal Fishing Dengan Bahasa Python,2016,conference-paper,Universitas Terbuka Repository (Universitas Terbuka),0,iuu_remote_sensing,False,Indonesia,,,False,,,text only,True,
W7096415365,,Remote sensing technology for Tsunami Disasters Along the Andaman,2016,conference-paper,,0,iuu_remote_sensing,False,Andaman;Thailand,,,False,,,text only,False,Tsunami remote sensing.
W7099944105,,The Associated Satellite imagery and Coastal Radar for Oil Spill Monitoring,2016,article,,0,sar_ship_detection,False,Gulf of Thailand;Thailand,,,False,,,text only,False,Oil spill monitoring with satellite and coastal radar.
W2133541467,10.13170/depik.4.2.2454,Pemetaan daerah perikanan lampu (light fishing) menggunakan data viirs day-night band di perairan Pandeglang Provinsi Banten,2015,article,DEPIK,6,iuu_remote_sensing;viirs_boats,False,,,ID,False,ID,Sultan Ageng Tirtayasa University,affiliation only,True,
W2329586195,10.1049/cp.2015.1031,Detection in SAR images based on multi-dimensional generalized low rank model,2015,conference-paper,IET International Radar Conference 2015,2,sar_ship_detection,False,Singapore,,,False,,,text only,True,
W3202446499,,"Hazard Assessment and Risk Analysis of Reef Fish Stocks In Bintan Island Waters, Kepulauan Riau, Indonesia",2015,article,,0,iuu_remote_sensing,False,Indonesia,,,False,,,text only,False,Reef fish stock risk analysis.
W4234850981,10.1890/1540-9295-13.8.404,Dispatches,2015,article,Frontiers in Ecology and the Environment,0,iuu_remote_sensing,False,Indonesia,,,False,,,text only,False,News digest.
