rank,venue,venue_group,venue_type,source_id,n_papers,cited_by_sum,first_year,last_year,n_dark_vessel_papers,main_theme,pct_of_corpus
1,Remote Sensing,journal,journal,S43295729,413,13165,2015,2026,7,sar_ship_detection,9.54
2,IEEE International Geoscience and Remote Sensing Symposium (IGARSS),conference,conference,,309,1814,2015,2025,7,sar_ship_detection,7.14
3,IEEE Journal of Selected Topics in Applied Earth Observations and Remote Sensing,journal,journal,S117727964,251,5971,2015,2026,1,sar_ship_detection,5.8
4,IEEE Transactions on Geoscience and Remote Sensing,journal,journal,S111326731,186,8265,2015,2026,0,sar_ship_detection,4.3
5,IEEE Geoscience and Remote Sensing Letters,journal,journal,S126920919,185,4947,2015,2026,0,sar_ship_detection,4.27
6,IEEE Radar Conference (RadarConf),conference,conference,,75,484,2015,2026,0,sar_ship_detection,1.73
7,IET conference proceedings,conference,journal,S4404663355,72,45,2021,2026,0,sar_ship_detection,1.66
8,Sensors,journal,journal,S101949793,67,1634,2015,2026,2,sar_ship_detection,1.55
9,IEEE Access,journal,journal,S2485537415,56,2378,2018,2026,3,sar_ship_detection,1.29
10,International Journal of Remote Sensing,journal,journal,S117411352,37,498,2015,2026,1,sar_ship_detection,0.85
11,IEEE Transactions on Aerospace and Electronic Systems,journal,journal,S193624734,35,733,2017,2026,1,sar_ship_detection,0.81
12,Journal of Marine Science and Engineering,journal,journal,S2736865057,35,395,2020,2026,4,sar_ship_detection,0.81
13,Journal of Applied Remote Sensing,journal,journal,S78067151,28,197,2015,2026,0,sar_ship_detection,0.65
14,International Conference on Radar (RADAR),conference,conference,,27,39,2016,2023,0,sar_ship_detection,0.62
15,Applied Sciences,journal,journal,S4210205812,26,193,2017,2026,2,sar_ship_detection,0.6
16,Asia-Pacific Conference on Synthetic Aperture Radar (APSAR),conference,conference,,25,117,2015,2025,0,sar_ship_detection,0.58
17,Remote Sensing Letters,journal,journal,S2494614724,24,312,2015,2026,0,sar_ship_detection,0.55
18,IEEE Sensors Journal,journal,journal,S189694085,21,245,2019,2026,0,sar_ship_detection,0.49
19,China International SAR Symposium (CISS),conference,conference,,21,52,2018,2025,0,sar_ship_detection,0.49
20,"The international archives of the photogrammetry, remote sensing and spatial information sciences/International archives of the photogrammetry, remote sensing and spatial information sciences",journal,journal,S2737215817,20,111,2015,2026,1,sar_ship_detection,0.46
21,Journal of Physics: Conference Series,conference,journal,S4210187594,20,67,2016,2026,0,sar_ship_detection,0.46
22,IOP Conference Series: Earth and Environmental Science,conference,conference,S4210195883,20,51,2016,2026,0,iuu_remote_sensing,0.46
23,Frontiers in Marine Science,journal,journal,S2596539584,19,410,2018,2026,2,iuu_remote_sensing,0.44
24,Electronics,journal,journal,S4210202905,19,113,2019,2026,0,sar_ship_detection,0.44
25,OCEANS (IEEE/MTS),conference,conference,,19,102,2015,2025,2,sar_ship_detection,0.44
26,ISPRS Journal of Photogrammetry and Remote Sensing,journal,journal,S173339282,18,729,2015,2026,0,sar_ship_detection,0.42
27,"IEEE International Conference on Signal, Information and Data Processing (ICSIDP)",conference,conference,,18,60,2019,2024,0,sar_ship_detection,0.42
28,Lecture notes in computer science,journal,book series,S106296714,16,15,2020,2026,0,sar_ship_detection,0.37
29,International Journal of Applied Earth Observation and Geoinformation,journal,journal,S4210179989,13,213,2022,2026,0,sar_ship_detection,0.3
30,Signal Image and Video Processing,journal,journal,S156904493,13,153,2016,2025,0,sar_ship_detection,0.3
31,"IEEE International Conference on Acoustics, Speech and Signal Processing (ICASSP)",conference,conference,,13,98,2016,2026,0,sar_ship_detection,0.3
32,Scientific Reports,journal,journal,S196734849,13,86,2022,2026,1,sar_ship_detection,0.3
33,Proceedings of SPIE,conference,conference,,13,66,2015,2020,0,sar_ship_detection,0.3
34,Lecture notes in electrical engineering,journal,book series,S4210179954,13,15,2019,2026,0,sar_ship_detection,0.3
35,PLoS ONE,journal,journal,S202381698,12,525,2015,2025,1,iuu_remote_sensing,0.28
36,Canadian Journal of Remote Sensing,journal,journal,S85837164,12,263,2015,2025,0,sar_ship_detection,0.28
37,The Journal of Engineering,journal,journal,S2764687066,12,62,2019,2019,0,sar_ship_detection,0.28
38,Progress in Electromagnetics Research Symposium (PIERS),conference,conference,,10,23,2016,2025,0,sar_ship_detection,0.23
39,ICES Journal of Marine Science,journal,journal,S200038611,9,246,2016,2025,1,iuu_remote_sensing,0.21
40,IEEE Signal Processing Letters,journal,journal,S120629676,9,105,2019,2026,0,sar_ship_detection,0.21
41,IEEE Journal on Miniaturization for Air and Space Systems,journal,journal,S4210203714,9,76,2022,2026,0,sar_ship_detection,0.21
42,Ocean Engineering,journal,journal,S76910236,9,39,2025,2026,0,sar_ship_detection,0.21
43,National Remote Sensing Bulletin,journal,journal,S2764468969,9,38,2016,2024,0,sar_ship_detection,0.21
44,International Radar Symposium (IRS),conference,conference,,9,28,2015,2025,0,sar_ship_detection,0.21
45,IEEE Journal of Oceanic Engineering,journal,journal,S132957497,8,368,2016,2025,1,sar_ship_detection,0.18
46,Sustainability,journal,journal,S10134376,8,65,2018,2026,0,sar_ship_detection,0.18
47,Science Advances,journal,journal,S2737427234,7,729,2018,2025,3,iuu_remote_sensing,0.16
48,IET Radar Sonar & Navigation,journal,journal,S3569471,7,85,2017,2024,0,small_vessel,0.16
49,International Conference on Information Fusion (FUSION),conference,conference,,7,68,2018,2025,4,dark_vessels,0.16
50,IEEE Transactions on Instrumentation and Measurement,journal,journal,S10892749,7,67,2022,2025,0,sar_ship_detection,0.16
