product_id,region,mission,n_windows,n_labelled,n_labels,lon,lat,scene_time_utc,stratum,selection,scene_split
S1A_IW_GRDH_1SDV_20200411T230355_20200411T230420_032086_03B552_CAB1,sea_asia,S1A,8,0,0,100.45961737632751,3.50557517672606,2020-04-11 23:03:55+00:00,90_0,all_sea_asia,trainval
S1A_IW_GRDH_1SDV_20200606T111723_20200606T111748_032895_03CF78_2122,sea_asia,S1A,723,147,635,105.05215941623038,1.862935578334791,2020-06-06 11:17:23+00:00,90_0,all_sea_asia,trainval
S1A_IW_GRDH_1SDV_20200616T100139_20200616T100204_033041_03D3CE_D4B2,sea_asia,S1A,724,246,636,120.80719004678463,25.617863033011577,2020-06-16 10:01:39+00:00,120_0,all_sea_asia,trainval
S1A_IW_GRDH_1SDV_20200620T214051_20200620T214116_033106_03D5D5_3DBC,sea_asia,S1A,729,72,280,121.41084812305591,6.554393812045776,2020-06-20 21:40:51+00:00,120_0,all_sea_asia,trainval
S1A_IW_GRDH_1SDV_20211102T022330_20211102T022355_040386_04C973_C417,other,S1A,5,5,12,53.32166290283202,26.642745717754178,2021-11-02 02:23:30+00:00,30_0,stratified_other,trainval
S1A_IW_GRDH_1SDV_20211102T100126_20211102T100151_040391_04C9A5_5E9A,sea_asia,S1A,2,2,4,120.23574829101562,24.318352175992864,2021-11-02 10:01:26+00:00,120_0,all_sea_asia,trainval
S1A_IW_GRDH_1SDV_20211102T100151_20211102T100216_040391_04C9A5_1075,sea_asia,S1A,4,3,3,121.13407373428346,25.841047881388334,2021-11-02 10:01:51+00:00,120_0,all_sea_asia,trainval
S1A_IW_GRDH_1SDV_20211103T225514_20211103T225543_040413_04CA71_56A7,sea_asia,S1A,2,2,2,103.27508926391602,5.608445845213296,2021-11-03 22:55:14+00:00,90_0,all_sea_asia,trainval
S1A_IW_GRDH_1SDV_20211103T225543_20211103T225608_040413_04CA71_57B4,sea_asia,S1A,1,0,0,101.69606208801271,4.585408368903907,2021-11-03 22:55:43+00:00,90_0,all_sea_asia,trainval
S1A_IW_GRDH_1SDV_20211104T111734_20211104T111759_040420_04CAB8_9F8F,sea_asia,S1A,2,2,4,105.7780408859253,1.9552726144736743,2021-11-04 11:17:34+00:00,90_0,all_sea_asia,test
S1A_IW_GRDH_1SDV_20211104T111759_20211104T111824_040421_04CAB8_7ED9,sea_asia,S1A,4,3,5,105.17520904541016,3.3001701449703456,2021-11-04 11:17:59+00:00,90_0,all_sea_asia,trainval
S1A_IW_GRDH_1SDV_20211104T111824_20211104T111849_040421_04CAB8_F213,sea_asia,S1A,1,1,1,103.99203300476074,4.319023948318525,2021-11-04 11:18:24+00:00,90_0,all_sea_asia,trainval
S1A_IW_GRDH_1SDV_20211104T111849_20211104T111914_040421_04CAB8_1280,sea_asia,S1A,4,4,9,104.48495864868164,6.208504820191469,2021-11-04 11:18:49+00:00,90_0,all_sea_asia,trainval
S1A_IW_GRDH_1SDV_20211104T111914_20211104T111939_040421_04CAB8_4E48,sea_asia,S1A,2,1,3,102.86147117614746,7.699101551333631,2021-11-04 11:19:14+00:00,90_0,all_sea_asia,trainval
S1A_IW_GRDH_1SDV_20211104T215229_20211104T215258_040427_04CAF1_D408,sea_asia,S1A,7,7,33,120.60651234218052,24.80499990486169,2021-11-04 21:52:29+00:00,120_0,all_sea_asia,trainval
S1A_IW_GRDH_1SDV_20211104T215258_20211104T215332_040427_04CAF1_547D,sea_asia,S1A,1,1,1,121.21602058410645,21.770818826970444,2021-11-04 21:52:58+00:00,120_0,all_sea_asia,trainval
S1A_IW_GRDH_1SDV_20211105T223955_20211105T224020_040442_04CB83_044D,sea_asia,S1A,2,2,4,105.17490863800049,1.7357016718593017,2021-11-05 22:39:55+00:00,90_0,all_sea_asia,trainval
S1A_IW_GRDH_1SDV_20211107T100947_20211107T101016_040464_04CC37_5C1B,sea_asia,S1A,3,3,18,118.56476783752441,24.433931698930866,2021-11-07 10:09:47+00:00,90_0,all_sea_asia,trainval
S1A_IW_GRDH_1SDV_20211107T222315_20211107T222344_040471_04CC78_6821,sea_asia,S1A,1,1,1,111.26729965209961,3.195021009289758,2021-11-07 22:23:15+00:00,90_0,all_sea_asia,trainval
S1A_IW_GRDH_1SDV_20211108T230312_20211108T230337_040486_04CD06_FE18,sea_asia,S1A,2,2,2,101.06692314147949,7.102540734068354,2021-11-08 23:03:12+00:00,90_0,all_sea_asia,test
S1A_IW_GRDH_1SDV_20211109T112535_20211109T112600_040493_04CD49_0B26,sea_asia,S1A,2,0,0,103.16037654876709,1.0128343877062937,2021-11-09 11:25:35+00:00,90_0,all_sea_asia,trainval
S1A_IW_GRDH_1SDV_20211109T112625_20211109T112650_040494_04CD49_D2FC,sea_asia,S1A,2,2,6,103.56588363647462,4.102876737821412,2021-11-09 11:26:25+00:00,90_0,all_sea_asia,trainval
S1A_IW_GRDH_1SDV_20211109T112650_20211109T112715_040494_04CD49_5A17,sea_asia,S1A,2,1,1,102.37232208251955,5.253469861370113,2021-11-09 11:26:50+00:00,90_0,all_sea_asia,trainval
S1A_IW_GRDH_1SDV_20211109T112715_20211109T112740_040494_04CD49_A2DE,sea_asia,S1A,1,1,1,102.20838546752931,7.9165181640319995,2021-11-09 11:27:15+00:00,90_0,all_sea_asia,trainval
S1A_IW_GRDH_1SDV_20211110T224716_20211110T224745_040515_04CE04_2276,sea_asia,S1A,1,1,1,104.59044456481935,4.296856606245167,2021-11-10 22:47:16+00:00,90_0,all_sea_asia,trainval
S1A_IW_GRDH_1SDV_20211110T224745_20211110T224810_040515_04CE04_FE7F,sea_asia,S1A,4,3,6,104.11318302154541,3.667454790293082,2021-11-10 22:47:45+00:00,90_0,all_sea_asia,trainval
S1A_IW_GRDH_1SDV_20211110T224810_20211110T224835_040515_04CE04_D9F3,sea_asia,S1A,2,2,3,104.57623958587646,1.6179822219320372,2021-11-10 22:48:10+00:00,90_0,all_sea_asia,test
S1A_IW_GRDH_1SDV_20211112T101740_20211112T101809_040537_04CEB9_535C,sea_asia,S1A,6,4,9,117.38682746887207,23.296074171536095,2021-11-12 10:17:40+00:00,90_0,all_sea_asia,trainval
S1A_IW_GRDH_1SDV_20211112T223106_20211112T223135_040544_04CEFB_B47E,sea_asia,S1A,2,2,2,107.9088306427002,4.187724258669456,2021-11-12 22:31:06+00:00,90_0,all_sea_asia,trainval
S1A_IW_GRDH_1SDV_20211112T223135_20211112T223200_040544_04CEFB_8CF6,sea_asia,S1A,1,1,1,107.08940505981445,2.0415657625630725,2021-11-12 22:31:35+00:00,90_0,all_sea_asia,trainval
S1A_IW_GRDH_1SDV_20211112T223200_20211112T223225_040544_04CEFB_3D15,sea_asia,S1A,2,2,2,107.64039516448975,1.183255134095844,2021-11-12 22:32:00+00:00,90_0,all_sea_asia,trainval
S1A_IW_GRDH_1SDV_20211114T100125_20211114T100150_040566_04CFC4_399F,sea_asia,S1A,1,1,1,122.36907005310057,23.66842411176754,2021-11-14 10:01:25+00:00,120_0,all_sea_asia,test
S1A_IW_GRDH_1SDV_20211114T100150_20211114T100215_040566_04CFC4_1C4C,sea_asia,S1A,4,4,10,120.3108286857605,25.679142166151504,2021-11-14 10:01:50+00:00,120_0,all_sea_asia,trainval
S1A_IW_GRDH_1SDV_20211114T221502_20211114T221527_040573_04D002_5840,sea_asia,S1A,1,0,0,111.84399604797363,3.514020731017767,2021-11-14 22:15:02+00:00,90_0,all_sea_asia,trainval
S1A_IW_GRDH_1SDV_20211115T225514_20211115T225543_040588_04D08D_ABEA,sea_asia,S1A,1,0,0,102.07277297973633,5.680815001545629,2021-11-15 22:55:14+00:00,90_0,all_sea_asia,trainval
S1A_IW_GRDH_1SDV_20211116T215229_20211116T215258_040602_04D10A_3513,sea_asia,S1A,2,2,11,120.28690338134766,24.634834448785995,2021-11-16 21:52:29+00:00,120_0,all_sea_asia,trainval
S1A_IW_GRDH_1SDV_20211116T215258_20211116T215332_040602_04D10A_1348,sea_asia,S1A,5,5,9,120.27567672729492,23.289595467256696,2021-11-16 21:52:58+00:00,120_0,all_sea_asia,test
S1A_IW_GRDH_1SDV_20211117T223926_20211117T223955_040617_04D18F_4815,sea_asia,S1A,1,0,0,106.1399459838867,4.207068035312918,2021-11-17 22:39:26+00:00,90_0,all_sea_asia,trainval
S1A_IW_GRDH_1SDV_20211117T223955_20211117T224020_040617_04D18F_AA1C,sea_asia,S1A,2,1,1,105.3550672531128,1.374660058382183,2021-11-17 22:39:55+00:00,90_0,all_sea_asia,trainval
S1A_IW_GRDH_1SDV_20211119T100947_20211119T101016_040639_04D23B_92EB,sea_asia,S1A,5,4,6,119.67173767089844,25.144717300225512,2021-11-19 10:09:47+00:00,90_0,all_sea_asia,test
S1A_IW_GRDH_1SDV_20211119T181816_20211119T181845_040644_04D264_86D4,other,S1A,22,6,8,-0.17750956795432551,5.921204690223392,2021-11-19 18:18:16+00:00,-30_0,stratified_other,trainval
S1A_IW_GRDH_1SDV_20211120T230312_20211120T230337_040661_04D308_5DE0,sea_asia,S1A,3,2,6,100.53199768066405,7.041855300945617,2021-11-20 23:03:12+00:00,90_0,all_sea_asia,trainval
S1A_IW_GRDH_1SDV_20211121T021545_20211121T021608_040663_04D31A_4A4A,other,S1A,4,1,1,55.15136718750001,25.054543087566124,2021-11-21 02:15:45+00:00,30_0,stratified_other,trainval
S1A_IW_GRDH_1SDV_20211121T112535_20211121T112600_040668_04D34C_370C,sea_asia,S1A,3,3,12,103.57137680053711,0.7464474344563373,2021-11-21 11:25:35+00:00,90_0,all_sea_asia,test
S1A_IW_GRDH_1SDV_20211121T112600_20211121T112625_040669_04D34C_DD10,sea_asia,S1A,2,0,0,103.57785701751709,2.1937642868133236,2021-11-21 11:26:00+00:00,90_0,all_sea_asia,trainval
S1A_IW_GRDH_1SDV_20211121T112625_20211121T112650_040669_04D34C_86EA,sea_asia,S1A,2,2,2,103.56566905975342,4.030126143815955,2021-11-21 11:26:25+00:00,90_0,all_sea_asia,test
S1A_IW_GRDH_1SDV_20211121T112650_20211121T112715_040669_04D34C_353E,sea_asia,S1A,2,1,2,102.15431213378906,5.433972053557619,2021-11-21 11:26:50+00:00,90_0,all_sea_asia,test
S1A_IW_GRDH_1SDV_20211121T112715_20211121T112740_040669_04D34C_47DF,sea_asia,S1A,3,2,2,101.81877136230469,7.289227852368448,2021-11-21 11:27:15+00:00,90_0,all_sea_asia,trainval
S1A_IW_GRDH_1SDV_20211122T224716_20211122T224745_040690_04D408_859B,sea_asia,S1A,4,1,1,104.73485469818115,4.8032282770518515,2021-11-22 22:47:16+00:00,90_0,all_sea_asia,trainval
S1A_IW_GRDH_1SDV_20211122T224745_20211122T224810_040690_04D408_8227,sea_asia,S1A,2,1,4,104.52838897705078,2.8730069724734046,2021-11-22 22:47:45+00:00,90_0,all_sea_asia,trainval
S1A_IW_GRDH_1SDV_20211122T224810_20211122T224835_040690_04D408_76B1,sea_asia,S1A,2,1,20,103.9612627029419,1.798300794460412,2021-11-22 22:48:10+00:00,90_0,all_sea_asia,trainval
S1A_IW_GRDH_1SDV_20211124T101740_20211124T101809_040712_04D4C8_DCE0,sea_asia,S1A,3,3,3,117.12312698364258,22.89615191733164,2021-11-24 10:17:40+00:00,90_0,all_sea_asia,trainval
S1A_IW_GRDH_1SDV_20211124T223134_20211124T223159_040719_04D50A_2489,sea_asia,S1A,1,1,1,108.02813529968262,2.9798131014034106,2021-11-24 22:31:34+00:00,90_0,all_sea_asia,test
S1A_IW_GRDH_1SDV_20211126T100145_20211126T100210_040741_04D5C6_952A,sea_asia,S1A,1,1,1,119.67063903808594,25.801359398962155,2021-11-26 10:01:45+00:00,90_0,all_sea_asia,test
S1A_IW_GRDH_1SDV_20211126T221502_20211126T221527_040748_04D603_0AEA,sea_asia,S1A,1,1,1,111.19331359863281,2.143207300749473,2021-11-26 22:15:02+00:00,90_0,all_sea_asia,trainval
S1A_IW_GRDH_1SDV_20211127T225514_20211127T225543_040763_04D690_5B03,sea_asia,S1A,1,0,0,103.31045150756837,6.333383907200817,2021-11-27 22:55:14+00:00,90_0,all_sea_asia,test
S1A_IW_GRDH_1SDV_20211127T225543_20211127T225608_040763_04D690_9747,sea_asia,S1A,1,0,0,102.70989418029785,3.4284331947489237,2021-11-27 22:55:43+00:00,90_0,all_sea_asia,trainval
S1A_IW_GRDH_1SDV_20211128T111734_20211128T111759_040770_04D6D7_6F0B,sea_asia,S1A,2,2,6,104.03494834899901,1.5200548106444964,2021-11-28 11:17:34+00:00,90_0,all_sea_asia,trainval
S1A_IW_GRDH_1SDV_20211128T111824_20211128T111849_040771_04D6D7_BBC5,sea_asia,S1A,2,1,1,105.37416458129884,5.116958784771617,2021-11-28 11:18:24+00:00,90_0,all_sea_asia,trainval
S1A_IW_GRDH_1SDV_20211128T111849_20211128T111914_040771_04D6D7_8421,sea_asia,S1A,2,1,1,104.22858238220215,7.02406814210919,2021-11-28 11:18:49+00:00,90_0,all_sea_asia,test
S1A_IW_GRDH_1SDV_20211128T111914_20211128T111939_040771_04D6D7_923C,sea_asia,S1A,3,1,4,103.69002342224121,7.698698208770927,2021-11-28 11:19:14+00:00,90_0,all_sea_asia,test
S1A_IW_GRDH_1SDV_20211128T215229_20211128T215258_040777_04D710_1F66,sea_asia,S1A,2,2,2,121.08478546142578,24.234207690117422,2021-11-28 21:52:29+00:00,120_0,all_sea_asia,trainval
S1A_IW_GRDH_1SDV_20211128T215258_20211128T215332_040777_04D710_F98C,sea_asia,S1A,6,4,6,120.13225078582764,22.820381424825047,2021-11-28 21:52:58+00:00,120_0,all_sea_asia,test
S1A_IW_GRDH_1SDV_20220102T111912_20220102T111941_041281_04E819_E210,other,S1A,5,5,8,-81.24609375,23.772620888167346,2022-01-02 11:19:12+00:00,-90_0,stratified_other,test
S1A_IW_GRDH_1SDV_20220102T172610_20220102T172635_041285_04E83C_D4D1,other,S1A,8,6,6,5.471191406250001,55.08384569658325,2022-01-02 17:26:10+00:00,0_30,stratified_other,trainval
S1A_IW_GRDH_1SDV_20220103T215506_20220103T215531_041302_04E8DF_0EC4,sea_asia,S1A,14,12,18,119.59402901785714,14.980662099852408,2022-01-03 21:55:06+00:00,90_0,all_sea_asia,trainval
S1A_IW_GRDH_1SDV_20220104T170533_20220104T170558_041314_04E951_B5F4,other,S1A,8,3,4,13.601074218749996,40.763203235671924,2022-01-04 17:05:33+00:00,0_30,stratified_other,trainval
S1A_IW_GRDH_1SDV_20220105T213920_20220105T213945_041331_04E9E4_157D,sea_asia,S1A,1,1,1,121.64062499999999,13.068776734357698,2022-01-05 21:39:20+00:00,120_0,all_sea_asia,trainval
S1A_IW_GRDH_1SDV_20220105T214420_20220105T214445_041331_04E9E4_AEA2,sea_asia,S1A,1,1,15,119.35546874999999,-5.178482088522868,2022-01-05 21:44:20+00:00,90_-30,all_sea_asia,trainval
S1A_IW_GRDH_1SDV_20220106T114258_20220106T114323_041340_04EA1F_C53B,sea_asia,S1A,16,13,23,98.6846923828125,4.559861730342061,2022-01-06 11:42:58+00:00,90_0,all_sea_asia,test
S1A_IW_GRDH_1SDV_20220107T212432_20220107T212457_041360_04EADE_487D,sea_asia,S1A,3,3,10,125.5078125,6.664363175399603,2022-01-07 21:24:32+00:00,120_0,all_sea_asia,test
S1A_IW_GRDH_1SDV_20220107T212842_20220107T212907_041360_04EADE_37E5,sea_asia,S1A,2,1,1,122.255859375,-8.102717412830724,2022-01-07 21:28:42+00:00,120_-30,all_sea_asia,trainval
S1A_IW_GRDH_1SDV_20220108T112852_20220108T112917_041369_04EB1F_2667,sea_asia,S1A,40,26,218,100.705078125,13.029933470474456,2022-01-08 11:28:52+00:00,90_0,all_sea_asia,trainval
S1A_IW_GRDH_1SDV_20220112T104946_20220112T105015_041426_04ED04_9C55,sea_asia,S1A,3,1,4,114.37499999999999,-8.204239015861173,2022-01-12 10:49:46+00:00,90_-30,all_sea_asia,trainval
S1A_IW_GRDH_1SDV_20220112T213704_20220112T213729_041433_04ED39_B3C4,sea_asia,S1A,2,1,1,119.970703125,-9.014926767842754,2022-01-12 21:37:04+00:00,90_-30,all_sea_asia,trainval
S1A_IW_GRDH_1SDV_20220114T104119_20220114T104148_041456_04EDDB_890F,sea_asia,S1A,5,5,25,110.91796875,20.204039940299964,2022-01-14 10:41:19+00:00,90_0,all_sea_asia,test
S1A_IW_GRDH_1SDV_20220114T211928_20220114T211953_041462_04EE1A_CE5C,sea_asia,S1A,4,3,3,125.63964843750001,-4.631080555325724,2022-01-14 21:19:28+00:00,120_-30,all_sea_asia,trainval
S1A_IW_GRDH_1SDV_20220115T111707_20220115T111732_041470_04EE6C_DF6E,sea_asia,S1A,7,6,8,105.25530133928571,0.3892223721473457,2022-01-15 11:17:07+00:00,90_0,all_sea_asia,test
S1A_IW_GRDH_1SDV_20220115T111732_20220115T111757_041470_04EE6C_FB00,sea_asia,S1A,52,49,323,104.54251802884616,1.6274007751298651,2022-01-15 11:17:32+00:00,90_0,all_sea_asia,test
S1A_IW_GRDH_1SDV_20220115T111757_20220115T111822_041471_04EE6C_8F2F,sea_asia,S1A,19,17,31,105.2513363486842,3.3470986949952226,2022-01-15 11:17:57+00:00,90_0,all_sea_asia,trainval
S1A_IW_GRDH_1SDV_20220116T042411_20220116T042436_041481_04EEBA_11C6,other,S1A,17,12,15,24.040670955882348,36.725799011535855,2022-01-16 04:24:11+00:00,0_30,stratified_other,test
S1A_IW_GRDH_1SDV_20220120T112323_20220120T112352_041543_04F0CF_1C50,sea_asia,S1A,9,7,35,105.41015624999999,-6.062751875092531,2022-01-20 11:23:23+00:00,90_-30,all_sea_asia,trainval
S1A_IW_GRDH_1SDV_20220120T112532_20220120T112557_041543_04F0CF_714D,sea_asia,S1A,65,59,950,103.46078725961539,1.2506439684830082,2022-01-20 11:25:32+00:00,90_0,all_sea_asia,trainval
S1A_IW_GRDH_1SDV_20220120T112827_20220120T112852_041544_04F0CF_0D82,sea_asia,S1A,5,3,3,101.865234375,11.453663975712988,2022-01-20 11:28:27+00:00,90_0,all_sea_asia,test
S1A_IW_GRDH_1SDV_20220121T171213_20220121T171238_041562_04F172_F166,other,S1A,5,5,6,12.164062500000002,34.69687189747934,2022-01-21 17:12:13+00:00,0_30,stratified_other,trainval
S1A_IW_GRDH_1SDV_20220121T232830_20220121T232855_041565_04F196_263E,other,S1A,5,4,28,-71.701171875,-32.945936229923774,2022-01-21 23:28:30+00:00,-90_-60,stratified_other,trainval
S1A_IW_GRDH_1SDV_20220122T111110_20220122T111139_041573_04F1D7_41EC,sea_asia,S1A,14,6,8,106.45438058035714,8.624306790266937,2022-01-22 11:11:10+00:00,90_0,all_sea_asia,test
S1A_IW_GRDH_1SDV_20220122T232516_20220122T232541_041580_04F216_4F6D,sea_asia,S1A,4,4,71,96.17431640625,16.63616418251866,2022-01-22 23:25:16+00:00,90_0,all_sea_asia,test
S1A_IW_GRDH_1SDV_20220124T105525_20220124T105554_041602_04F2CF_8C3B,sea_asia,S1A,7,7,14,109.34849330357143,11.263617095728288,2022-01-24 10:55:25+00:00,90_0,all_sea_asia,trainval
S1A_IW_GRDH_1SDV_20220124T213638_20220124T213703_041608_04F30B_12B6,sea_asia,S1A,1,0,0,121.46484375,-7.798078531355287,2022-01-24 21:36:38+00:00,120_-30,all_sea_asia,trainval
S1A_IW_GRDH_1SDV_20220124T213728_20220124T213756_041608_04F30B_1EED,sea_asia,S1A,1,0,0,120.76171875000001,-10.22843726615593,2022-01-24 21:37:28+00:00,120_-30,all_sea_asia,trainval
S1A_IW_GRDH_1SDV_20220125T113158_20220125T113227_041616_04F358_DB4E,sea_asia,S1A,1,1,1,103.095703125,-4.740675384778373,2022-01-25 11:31:58+00:00,90_-30,all_sea_asia,trainval
S1A_IW_GRDH_1SDV_20220125T113227_20220125T113252_041616_04F358_1F7B,sea_asia,S1A,1,1,1,102.12890624999999,-3.8642546157213995,2022-01-25 11:32:27+00:00,90_-30,all_sea_asia,trainval
S1A_IW_GRDH_1SDV_20220126T211903_20220126T211928_041637_04F410_2964,sea_asia,S1A,1,0,0,125.59570312500001,-4.127285323245353,2022-01-26 21:19:03+00:00,120_-30,all_sea_asia,test
S1A_IW_GRDH_1SDV_20220127T220120_20220127T220145_041652_04F487_DFB8,sea_asia,S1A,6,6,33,113.8916015625,-7.522214814277544,2022-01-27 22:01:20+00:00,90_-30,all_sea_asia,trainval
S1A_IW_GRDH_1SDV_20220128T170417_20220128T170442_041664_04F4F6_8CDB,other,S1A,26,20,45,14.623647836538462,35.99801357866926,2022-01-28 17:04:17+00:00,0_30,stratified_other,trainval
S1A_IW_GRDH_1SDV_20220128T223951_20220128T224016_041667_04F513_DAC9,sea_asia,S1A,9,6,9,105.478515625,2.274742010319534,2022-01-28 22:39:51+00:00,90_0,all_sea_asia,trainval
S1A_IW_GRDH_1SDV_20220129T214009_20220129T214034_041681_04F588_6EE1,sea_asia,S1A,5,3,3,121.412109375,9.466229156607278,2022-01-29 21:40:09+00:00,120_0,all_sea_asia,trainval
S1A_IW_GRDH_1SDV_20220129T214214_20220129T214239_041681_04F588_3F12,sea_asia,S1A,1,1,1,119.53125000000001,2.8113711933311203,2022-01-29 21:42:14+00:00,90_0,all_sea_asia,trainval
S1A_IW_GRDH_1SDV_20220130T222431_20220130T222456_041696_04F609_C743,sea_asia,S1A,4,4,13,109.27001953125,-2.1308013694721746,2022-01-30 22:24:31+00:00,90_-30,all_sea_asia,trainval
S1A_IW_GRDH_1SDV_20220303T043407_20220303T043432_042152_0505C5_2D9D,other,S1A,37,17,40,26.459828969594593,59.922109338817265,2022-03-03 04:34:07+00:00,0_30,stratified_other,trainval
S1A_IW_GRDH_1SDV_20220303T104117_20220303T104146_042156_0505E6_1F0F,sea_asia,S1A,46,23,50,111.39181385869566,19.876081842320776,2022-03-03 10:41:17+00:00,90_0,all_sea_asia,trainval
S1A_IW_GRDH_1SDV_20220303T211812_20220303T211837_042162_050623_3F3A,sea_asia,S1A,1,1,1,126.38671875,0.3515602939922627,2022-03-03 21:18:12+00:00,120_0,all_sea_asia,test
S1A_IW_GRDH_1SDV_20220304T065717_20220304T065738_042168_050658_4CF9,other,S1A,1,1,1,-10.722656250000009,48.40003249610685,2022-03-04 06:57:17+00:00,-30_30,stratified_other,test
S1A_IW_GRDH_1SDV_20220305T205206_20220305T205231_042191_05072E_B003,other,S1A,52,41,198,137.37135667067307,34.59650145982359,2022-03-05 20:52:06+00:00,120_30,stratified_other,trainval
S1A_IW_GRDH_1SDV_20220306T214058_20220306T214123_042206_0507A9_9A90,sea_asia,S1A,2,2,15,121.24511718749999,7.100818245939283,2022-03-06 21:40:58+00:00,120_0,all_sea_asia,trainval
S1A_IW_GRDH_1SDV_20220307T114256_20220307T114321_042215_0507E8_B29B,sea_asia,S1A,25,17,63,98.883984375,4.596889490014638,2022-03-07 11:42:56+00:00,90_0,all_sea_asia,trainval
S1A_IW_GRDH_1SDV_20220307T140153_20220307T140218_042216_0507F6_B914,other,S1A,1,1,1,-119.53125,30.069093964438878,2022-03-07 14:01:53+00:00,-120_30,stratified_other,trainval
S1A_IW_GRDH_1SDV_20220308T154918_20220308T154943_042232_050883_D8F2,other,S1A,6,5,5,32.51953125,32.11227535059765,2022-03-08 15:49:18+00:00,30_30,stratified_other,trainval
S1A_IW_GRDH_1SDV_20220308T212431_20220308T212456_042235_0508A7_1B37,sea_asia,S1A,2,0,0,125.55175781250001,6.795517204616065,2022-03-08 21:24:31+00:00,120_0,all_sea_asia,trainval
S1A_IW_GRDH_1SDV_20220308T212906_20220308T212931_042235_0508A7_E02C,sea_asia,S1A,2,2,2,122.5634765625,-10.271441723527357,2022-03-08 21:29:06+00:00,120_-30,all_sea_asia,trainval
S1A_IW_GRDH_1SDV_20220309T070418_20220309T070443_042241_0508D8_6B5C,other,S1A,2,1,1,-11.513671875000004,52.21352255055349,2022-03-09 07:04:18+00:00,-30_30,stratified_other,test
S1A_IW_GRDH_1SDV_20220309T112322_20220309T112351_042243_0508EE_EFDB,sea_asia,S1A,5,3,11,105.416015625,-6.157852210087512,2022-03-09 11:23:22+00:00,90_-30,all_sea_asia,trainval
S1A_IW_GRDH_1SDV_20220309T112531_20220309T112556_042243_0508EE_FD5C,sea_asia,S1A,74,56,828,103.53515625,1.2315504285530545,2022-03-09 11:25:31+00:00,90_0,all_sea_asia,trainval
S1A_IW_GRDH_1SDV_20220309T112826_20220309T112851_042244_0508EE_DC1E,sea_asia,S1A,6,5,18,101.1474609375,12.239712376936751,2022-03-09 11:28:26+00:00,90_0,all_sea_asia,trainval
S1A_IW_GRDH_1SDV_20220309T181420_20220309T181445_042248_050910_55D1,other,S1A,12,10,17,-5.603027343749997,51.34722123484366,2022-03-09 18:14:20+00:00,-30_30,stratified_other,trainval
S1A_IW_GRDH_1SDV_20220310T060645_20220310T060710_042255_050941_0F5A,other,S1A,90,64,243,2.6679687500000018,51.94293515228057,2022-03-10 06:06:45+00:00,0_30,stratified_other,trainval
S1A_IW_GRDH_1SDV_20220310T185049_20220310T185114_042263_050986_B2A9,other,S1A,3,2,2,-13.212890624999995,34.596789295468746,2022-03-10 18:50:49+00:00,-30_30,stratified_other,trainval
S1A_IW_GRDH_1SDV_20220311T085031_20220311T085059_042271_0509D7_E7AD,other,S1A,4,1,1,-53.10791015625,-34.034306083864834,2022-03-11 08:50:31+00:00,-60_-60,stratified_other,trainval
S1A_IW_GRDH_1SDV_20220311T232515_20220311T232540_042280_050A20_FA87,sea_asia,S1A,7,6,37,96.50390625,16.310717700055786,2022-03-11 23:25:15+00:00,90_0,all_sea_asia,trainval
S1A_IW_GRDH_1SDV_20220312T055412_20220312T055437_042284_050A41_C535,other,S1A,10,2,6,1.634765624999999,38.525469406442895,2022-03-12 05:54:12+00:00,0_30,stratified_other,trainval
S1A_IW_GRDH_1SDV_20220312T115406_20220312T115435_042288_050A65_62AC,sea_asia,S1A,3,2,3,94.541015625,15.227402776447677,2022-03-12 11:54:06+00:00,90_0,all_sea_asia,trainval
S1A_IW_GRDH_1SDV_20220313T105524_20220313T105553_042302_050ADC_7B2B,sea_asia,S1A,5,4,7,109.529296875,11.14349941406412,2022-03-13 10:55:24+00:00,90_0,all_sea_asia,trainval
S1A_IW_GRDH_1SDV_20220313T213637_20220313T213702_042308_050B14_9624,sea_asia,S1A,1,1,1,121.025390625,-7.623886853120036,2022-03-13 21:36:37+00:00,120_-30,all_sea_asia,trainval
S1A_IW_GRDH_1SDV_20220314T000936_20220314T001001_042310_050B20_6718,other,S1A,4,2,2,-91.2744140625,26.92158910740615,2022-03-14 00:09:36+00:00,-120_0,stratified_other,trainval
S1A_IW_GRDH_1SDV_20220314T113157_20220314T113226_042316_050B5D_47F6,sea_asia,S1A,1,1,1,102.83203125,-4.56547355071029,2022-03-14 11:31:57+00:00,90_-30,all_sea_asia,test
S1A_IW_GRDH_1SDV_20220314T113226_20220314T113251_042316_050B5D_C473,sea_asia,S1A,2,2,18,101.9091796875,-3.688816190287828,2022-03-14 11:32:26+00:00,90_-30,all_sea_asia,test
S1A_IW_GRDH_1SDV_20220314T113611_20220314T113636_042317_050B5D_5965,sea_asia,S1A,1,0,0,99.75585937499999,10.055402736564222,2022-03-14 11:36:11+00:00,90_0,all_sea_asia,trainval
S1A_IW_GRDH_1SDV_20220314T180943_20220314T181008_042321_050B7B_5232,other,S1A,1,1,1,1.2304687499999998,4.828259746866976,2022-03-14 18:09:43+00:00,0_0,stratified_other,trainval
S1A_IW_GRDH_1SDV_20220316T162332_20220316T162357_042349_050C83_B17C,other,S1A,46,30,94,23.761039402173914,37.55092344948425,2022-03-16 16:23:32+00:00,0_30,stratified_other,trainval
S1A_IW_GRDH_1SDV_20220317T042410_20220317T042435_042356_050CB7_5069,other,S1A,16,10,13,24.472045898437504,36.741465797264055,2022-03-17 04:24:10+00:00,0_30,stratified_other,trainval
S1A_IW_GRDH_1SDV_20220317T223951_20220317T224016_042367_050D28_E326,sea_asia,S1A,20,14,27,105.1259765625,1.8804401705298979,2022-03-17 22:39:51+00:00,90_0,all_sea_asia,trainval
S1A_IW_GRDH_1SDV_20220318T083312_20220318T083337_042373_050D59_DC46,other,S1A,2,2,2,-41.79199218749999,-1.8893009650376538,2022-03-18 08:33:12+00:00,-60_-30,stratified_other,test
S1A_IW_GRDH_1SDV_20220318T213918_20220318T213943_042381_050D98_FB42,sea_asia,S1A,4,1,1,122.62939453125,12.511547324514295,2022-03-18 21:39:18+00:00,120_0,all_sea_asia,trainval
S1A_IW_GRDH_1SDV_20220321T112851_20220321T112916_042419_050EDA_01AE,sea_asia,S1A,29,23,340,100.74387122844827,12.923857891395844,2022-03-21 11:28:51+00:00,90_0,all_sea_asia,trainval
S1A_IW_GRDH_1SDV_20220323T111110_20220323T111139_042448_050FDA_2FDA,sea_asia,S1A,5,2,5,106.8046875,8.650251948628744,2022-03-23 11:11:10+00:00,90_0,all_sea_asia,test
S1A_IW_GRDH_1SDV_20220325T104945_20220325T105014_042476_0510CC_3136,sea_asia,S1A,3,3,23,114.37499999999999,-8.204239015861173,2022-03-25 10:49:45+00:00,90_-30,all_sea_asia,trainval
S1A_IW_GRDH_1SDV_20220327T061342_20220327T061407_042503_0511B2_53AF,other,S1A,25,16,18,1.599609375000003,56.8725304440089,2022-03-27 06:13:42+00:00,0_30,stratified_other,trainval
S1A_IW_GRDH_1SDV_20220328T111706_20220328T111731_042520_05125B_3F44,sea_asia,S1A,3,3,7,105.41015625,0.6152189680192937,2022-03-28 11:17:06+00:00,90_0,all_sea_asia,test
S1A_IW_GRDH_1SDV_20220328T111731_20220328T111756_042520_05125B_ECDC,sea_asia,S1A,49,48,292,104.48760363520408,1.5835865570202714,2022-03-28 11:17:31+00:00,90_0,all_sea_asia,trainval
S1A_IW_GRDH_1SDV_20220328T111756_20220328T111821_042521_05125B_6FC0,sea_asia,S1A,10,8,11,105.2490234375,3.355431519737164,2022-03-28 11:17:56+00:00,90_0,all_sea_asia,test
S1A_IW_GRDH_1SDV_20220328T215505_20220328T215530_042527_051295_17BA,sea_asia,S1A,12,6,7,119.4580078125,14.880782544010545,2022-03-28 21:55:05+00:00,90_0,all_sea_asia,trainval
S1A_IW_GRDH_1SDV_20220329T101717_20220329T101742_042534_0512C9_821F,sea_asia,S1A,2,2,2,122.16796874999999,-7.667439254276623,2022-03-29 10:17:17+00:00,120_-30,all_sea_asia,trainval
S1A_IW_GRDH_1SDV_20220330T115028_20220330T115053_042550_051361_E82C,other,S1A,5,1,1,-91.248046875,-0.3866978357535045,2022-03-30 11:50:28+00:00,-120_-30,stratified_other,test
S1A_IW_GRDH_1SDV_20220330T142253_20220330T142322_042552_05136E_DA42,other,S1A,3,3,4,56.806640625,17.056772007752738,2022-03-30 14:22:53+00:00,30_0,stratified_other,trainval
S1A_IW_GRDH_1SDV_20220330T191629_20220330T191654_042555_051382_3200,other,S1A,2,2,2,-15.2490234375,8.363399202116724,2022-03-30 19:16:29+00:00,-30_0,stratified_other,trainval
S1A_IW_GRDH_1SDV_20220330T214149_20220330T214214_042556_05138F_75A0,sea_asia,S1A,1,1,1,119.61914062500001,3.2502085616531815,2022-03-30 21:41:49+00:00,90_0,all_sea_asia,trainval
S1A_IW_GRDH_1SDV_20220330T214214_20220330T214239_042556_05138F_1D57,sea_asia,S1A,2,2,2,119.31152343749999,1.8014603999407552,2022-03-30 21:42:14+00:00,90_0,all_sea_asia,trainval
S1A_IW_GRDH_1SDV_20220330T214419_20220330T214444_042556_05138F_01E7,sea_asia,S1A,4,4,18,119.24560546875,-5.397158204666427,2022-03-30 21:44:19+00:00,90_-30,all_sea_asia,trainval
S1A_IW_GRDH_1SDV_20220401T062342_20220401T062407_042576_051420_4BF6,other,S1A,41,26,68,-2.3451791158536563,50.3904069860191,2022-04-01 06:23:42+00:00,-30_30,stratified_other,trainval
S1A_IW_GRDH_1SDV_20220402T144615_20220402T144644_042596_0514D9_245C,other,S1A,7,4,5,51.102120535714285,13.520562072288003,2022-04-02 14:46:15+00:00,30_0,stratified_other,trainval
S1A_IW_GRDH_1SDV_20220402T181421_20220402T181446_042598_0514EB_CF73,other,S1A,19,15,32,-6.203227796052629,51.167629033180404,2022-04-02 18:14:21+00:00,-30_30,stratified_other,trainval
S1A_IW_GRDH_1SDV_20220402T220822_20220402T220847_042600_051504_8B70,sea_asia,S1A,2,2,15,112.9833984375,-2.8552217008546217,2022-04-02 22:08:22+00:00,90_-30,all_sea_asia,trainval
S1A_IW_GRDH_1SDV_20220403T102519_20220403T102547_042607_051541_7EC0,sea_asia,S1A,2,1,2,119.091796875,-8.754632451163754,2022-04-03 10:25:19+00:00,90_-30,all_sea_asia,test
S1A_IW_GRDH_1SDV_20220403T102718_20220403T102735_042607_051542_D9BE,sea_asia,S1A,6,4,14,117.5390625,-1.3768064621556928,2022-04-03 10:27:18+00:00,90_-30,all_sea_asia,trainval
S1A_IW_GRDH_1SDV_20220403T103334_20220403T103403_042608_051543_5E2D,sea_asia,S1A,109,98,1311,113.73772577408256,22.089977491328806,2022-04-03 10:33:34+00:00,90_0,all_sea_asia,trainval
S1A_IW_GRDH_1SDV_20220403T153558_20220403T153623_042611_051558_D8A2,other,S1A,6,4,4,34.68749999999999,43.303382791752654,2022-04-03 15:35:58+00:00,30_30,stratified_other,test
S1A_IW_GRDH_1SDV_20220403T224832_20220403T224857_042615_051586_1B8C,sea_asia,S1A,22,17,79,103.63503196022727,0.9667474846646328,2022-04-03 22:48:32+00:00,90_0,all_sea_asia,trainval
S1A_IW_GRDH_1SDV_20220404T052252_20220404T052317_042619_0515AC_EDF8,other,S1A,3,2,3,5.537109375000004,3.0746667355515824,2022-04-04 05:22:52+00:00,0_0,stratified_other,test
S1A_IW_GRDH_1SDV_20220404T215024_20220404T215049_042629_051603_DD85,sea_asia,S1A,7,4,53,118.08733258928571,2.522763560921077,2022-04-04 21:50:24+00:00,90_0,all_sea_asia,trainval
S1A_IW_GRDH_1SDV_20220404T232516_20220404T232541_042630_051609_2F8F,sea_asia,S1A,4,4,49,96.15234375,16.657230925939544,2022-04-04 23:25:16+00:00,90_0,all_sea_asia,trainval
S1A_IW_GRDH_1SDV_20220405T041651_20220405T041716_042633_05161B_42D5,other,S1A,3,1,1,25.136718749999996,33.381696743454754,2022-04-05 04:16:51+00:00,0_30,stratified_other,trainval
S1A_IW_GRDH_1SDV_20220405T115126_20220405T115154_042638_051644_2183,sea_asia,S1A,12,7,10,96.15966796875,5.85639758947326,2022-04-05 11:51:26+00:00,90_0,all_sea_asia,trainval
S1A_IW_GRDH_1SDV_20220406T104945_20220406T105014_042651_0516BB_E916,sea_asia,S1A,3,3,22,114.37499999999999,-8.146236521169719,2022-04-06 10:49:45+00:00,90_-30,all_sea_asia,test
S1A_IW_GRDH_1SDV_20220406T105524_20220406T105553_042652_0516BC_74D8,sea_asia,S1A,19,8,12,110.02981085526316,11.749072660909542,2022-04-06 10:55:24+00:00,90_0,all_sea_asia,trainval
S1A_IW_GRDH_1SDV_20220406T105643_20220406T105708_042652_0516BC_A84A,sea_asia,S1A,11,9,71,108.35316051136364,15.968709030198134,2022-04-06 10:56:43+00:00,90_0,all_sea_asia,trainval
S1A_IW_GRDH_1SDV_20220406T213433_20220406T213458_042658_0516F7_3D22,sea_asia,S1A,1,0,0,122.51953125000004,0.0,2022-04-06 21:34:33+00:00,120_0,all_sea_asia,trainval
S1A_IW_GRDH_1SDV_20220407T100532_20220407T100557_042666_051731_D461,other,S1A,102,95,627,118.37057674632354,38.822901718676796,2022-04-07 10:05:32+00:00,90_30,stratified_other,test
S1A_IW_GRDH_1SDV_20220407T113406_20220407T113431_042667_05173A_3F98,sea_asia,S1A,36,29,163,101.3623046875,2.5747585296863806,2022-04-07 11:34:06+00:00,90_0,all_sea_asia,test
S1A_IW_GRDH_1SDV_20220407T221430_20220407T221459_042673_05176E_C22D,sea_asia,S1A,10,9,22,112.7900390625,3.6799306010870816,2022-04-07 22:14:30+00:00,90_0,all_sea_asia,trainval
S1A_IW_GRDH_1SDV_20220407T221639_20220407T221704_042673_05176E_A809,sea_asia,S1A,1,0,0,109.951171875,-3.60114232015873,2022-04-07 22:16:39+00:00,90_-30,all_sea_asia,trainval
S1A_IW_GRDH_1SDV_20220407T221729_20220407T221754_042673_05176E_6CDE,sea_asia,S1A,8,6,26,110.972900390625,-6.500802508546122,2022-04-07 22:17:29+00:00,90_-30,all_sea_asia,test
S1A_IW_GRDH_1SDV_20220408T210810_20220408T210839_042687_0517ED_D63F,other,S1A,7,6,12,133.17940848214286,35.501322614901945,2022-04-08 21:08:10+00:00,120_30,stratified_other,trainval
S1A_IW_GRDH_1SDV_20220409T051643_20220409T051708_042692_05181B_23CF,other,S1A,43,22,34,14.107467296511627,54.757730783551494,2022-04-09 05:16:43+00:00,0_30,stratified_other,trainval
S1A_IW_GRDH_1SDV_20220409T065357_20220409T065422_042693_051827_4A19,other,S1A,2,1,1,-5.581054687500014,60.217983468021664,2022-04-09 06:53:57+00:00,-30_60,stratified_other,trainval
S1A_IW_GRDH_1SDV_20220409T065422_20220409T065447_042693_051827_A5D0,other,S1A,4,1,1,-7.448730468749997,58.35243891810486,2022-04-09 06:54:22+00:00,-30_30,stratified_other,test
S1A_IW_GRDH_1SDV_20220409T111641_20220409T111706_042695_051841_3F1A,sea_asia,S1A,9,7,13,105.8203125,-1.406036349380408,2022-04-09 11:16:41+00:00,90_-30,all_sea_asia,trainval
S1A_IW_GRDH_1SDV_20220409T111731_20220409T111756_042695_051841_23F8,sea_asia,S1A,51,49,335,104.51056985294117,1.6644701793742331,2022-04-09 11:17:31+00:00,90_0,all_sea_asia,trainval
S1A_IW_GRDH_1SDV_20220409T111936_20220409T112001_042696_051841_C4B9,sea_asia,S1A,3,3,5,103.037109375,9.333064044216764,2022-04-09 11:19:36+00:00,90_0,all_sea_asia,trainval
S1A_IW_GRDH_1SDV_20220409T215440_20220409T215505_042702_05187B_FE3C,sea_asia,S1A,6,4,4,119.4873046875,16.270515238819545,2022-04-09 21:54:40+00:00,90_0,all_sea_asia,trainval
S1A_IW_GRDH_1SDV_20220409T215530_20220409T215555_042702_05187B_1F30,sea_asia,S1A,1,1,1,117.685546875,14.519780046326085,2022-04-09 21:55:30+00:00,90_0,all_sea_asia,trainval
S1A_IW_GRDH_1SDV_20220410T101717_20220410T101743_042709_0518B2_713B,sea_asia,S1A,1,0,0,121.90429687499999,-7.536764322084072,2022-04-10 10:17:17+00:00,120_-30,all_sea_asia,trainval
S1A_IW_GRDH_1SDV_20220410T223726_20220410T223754_042717_0518FF_9192,sea_asia,S1A,54,39,454,107.27213541666667,10.281205117367781,2022-04-10 22:37:26+00:00,90_0,all_sea_asia,trainval
S1A_IW_GRDH_1SDV_20220410T223951_20220410T224016_042717_051900_BCDA,sea_asia,S1A,12,10,15,105.1611328125,2.1088456588579265,2022-04-10 22:39:51+00:00,90_0,all_sea_asia,trainval
S1A_IW_GRDH_1SDV_20220410T224041_20220410T224106_042717_051900_28A7,sea_asia,S1A,2,0,0,105.64453125,-1.5818228233717266,2022-04-10 22:40:41+00:00,90_-30,all_sea_asia,trainval
S1A_IW_GRDH_1SDV_20220411T073112_20220411T073140_042722_05192A_D891,other,S1A,2,1,1,170.7275390625,-42.553046706212854,2022-04-11 07:31:12+00:00,150_-60,stratified_other,trainval
S1A_IW_GRDH_1SDV_20220411T163003_20220411T163028_042728_051957_1FB4,other,S1A,4,2,3,-151.50146484375,59.57883632937239,2022-04-11 16:30:03+00:00,-180_30,stratified_other,trainval
S1A_IW_GRDH_1SDV_20220411T214214_20220411T214239_042731_051971_C021,sea_asia,S1A,3,2,3,119.50195312500001,2.6357621473632133,2022-04-11 21:42:14+00:00,90_0,all_sea_asia,trainval
S1A_IW_GRDH_1SDV_20220411T214419_20220411T214444_042731_051971_1E10,sea_asia,S1A,2,2,16,119.3994140625,-5.659518435486584,2022-04-11 21:44:19+00:00,90_-30,all_sea_asia,trainval
S1A_IW_GRDH_1SDV_20220412T114257_20220412T114322_042740_0519A7_447D,sea_asia,S1A,20,18,43,98.8857421875,4.4207986696492885,2022-04-12 11:42:57+00:00,90_0,all_sea_asia,trainval
S1A_IW_GRDH_1SDV_20220412T114322_20220412T114347_042740_0519A7_E724,sea_asia,S1A,13,11,25,97.5653545673077,5.595700441054332,2022-04-12 11:43:22+00:00,90_0,all_sea_asia,trainval
S1A_IW_GRDH_1SDV_20220412T182620_20220412T182645_042744_0519CA_DBEF,other,S1A,16,11,23,-5.976562500000004,35.70131541918152,2022-04-12 18:26:20+00:00,-30_30,stratified_other,trainval
S1A_IW_GRDH_1SDV_20220413T014753_20220413T014808_042748_0519EF_2EC8,other,S1A,2,2,2,54.3603515625,-22.836560131549874,2022-04-13 01:47:53+00:00,30_-30,stratified_other,test
S1A_IW_GRDH_1SDV_20220413T031508_20220413T031533_042749_0519F9_3CD8,other,S1A,5,5,5,39.69140625000001,18.41221396110756,2022-04-13 03:15:08+00:00,30_0,stratified_other,trainval
S1A_IW_GRDH_1SDV_20220413T090451_20220413T090519_042752_051A20_9119,other,S1A,1,1,1,139.57031249999997,-1.7575368113083016,2022-04-13 09:04:51+00:00,120_-30,stratified_other,trainval
S1A_IW_GRDH_1SDV_20220414T112532_20220414T112557_042768_051AAB_A745,sea_asia,S1A,77,70,988,103.39019379058442,1.234928055514737,2022-04-14 11:25:32+00:00,90_0,all_sea_asia,trainval
S1A_IW_GRDH_1SDV_20220414T220847_20220414T220914_042775_051AE6_9848,sea_asia,S1A,7,7,10,113.09012276785714,-4.840560858683214,2022-04-14 22:08:47+00:00,90_-30,all_sea_asia,trainval
S1A_IW_GRDH_1SDV_20220415T060646_20220415T060711_042780_051B0B_9EF7,other,S1A,93,56,177,2.4552671370967754,51.83511973024301,2022-04-15 06:06:46+00:00,0_30,stratified_other,trainval
S1A_IW_GRDH_1SDV_20220415T103334_20220415T103403_042783_051B28_A8E5,sea_asia,S1A,112,105,1369,113.67161342075893,22.07355296853976,2022-04-15 10:33:34+00:00,90_0,all_sea_asia,trainval
S1A_IW_GRDH_1SDV_20220415T171828_20220415T171853_042787_051B4B_24C1,other,S1A,22,5,6,7.366832386363637,57.53752730714211,2022-04-15 17:18:28+00:00,0_30,stratified_other,trainval
S1A_IW_GRDH_1SDV_20220415T224832_20220415T224857_042790_051B6C_A6E1,sea_asia,S1A,21,17,81,103.740234375,0.8914184240215496,2022-04-15 22:48:32+00:00,90_0,all_sea_asia,test
S1A_IW_GRDH_1SDV_20220416T111110_20220416T111139_042798_051BB4_E752,sea_asia,S1A,21,9,22,106.30161830357143,8.593290925393429,2022-04-16 11:11:10+00:00,90_0,all_sea_asia,trainval
S1A_IW_GRDH_1SDV_20220416T175425_20220416T175450_042802_051BD4_F585,other,S1A,25,11,20,0.45351562500000236,38.67354644554258,2022-04-16 17:54:25+00:00,0_30,stratified_other,trainval
S1A_IW_GRDH_1SDV_20220416T214546_20220416T214615_042804_051BE6_AE67,sea_asia,S1A,1,0,0,120.58593749999999,18.979025953255277,2022-04-16 21:45:46+00:00,120_0,all_sea_asia,trainval
S1A_IW_GRDH_1SDV_20220416T214910_20220416T214935_042804_051BE6_FF1B,sea_asia,S1A,5,4,4,119.49609375,6.751675279631838,2022-04-16 21:49:10+00:00,90_0,all_sea_asia,trainval
S1A_IW_GRDH_1SDV_20220416T215050_20220416T215115_042804_051BE6_3D34,sea_asia,S1A,12,11,65,118.01513671875,0.5932424262225725,2022-04-16 21:50:50+00:00,90_0,all_sea_asia,trainval
S1A_IW_GRDH_1SDV_20220416T215115_20220416T215140_042804_051BE6_AFBB,sea_asia,S1A,46,40,493,117.36646569293478,-0.8119825190981698,2022-04-16 21:51:15+00:00,90_-30,all_sea_asia,trainval
S1A_IW_GRDH_1SDV_20220417T115407_20220417T115436_042813_051C26_1F99,sea_asia,S1A,6,5,9,93.603515625,14.76016558681254,2022-04-17 11:54:07+00:00,90_0,all_sea_asia,test
S1A_IW_GRDH_1SDV_20220417T223132_20220417T223157_042819_051C5F_E83A,sea_asia,S1A,2,2,2,107.490234375,2.196685930022293,2022-04-17 22:31:32+00:00,90_0,all_sea_asia,trainval
S1A_IW_GRDH_1SDV_20220417T223222_20220417T223247_042819_051C5F_4DFD,sea_asia,S1A,9,6,7,107.4609375,-0.9862477583308471,2022-04-17 22:32:22+00:00,90_-30,all_sea_asia,trainval
S1A_IW_GRDH_1SDV_20220417T223247_20220417T223312_042819_051C5F_518D,sea_asia,S1A,6,5,7,107.34375,-2.5479230339633414,2022-04-17 22:32:47+00:00,90_-30,all_sea_asia,trainval
S1A_IW_GRDH_1SDV_20220418T055214_20220418T055244_042823_051C77_AD7A,other,S1A,3,1,1,-171.826171875,-13.7811764217388,2022-04-18 05:52:14+00:00,-180_-30,stratified_other,trainval
S1A_IW_GRDH_1SDV_20220418T213253_20220418T213318_042833_051CD5_D2AC,sea_asia,S1A,1,1,1,122.95898437500001,6.402648405963886,2022-04-18 21:32:53+00:00,120_0,all_sea_asia,trainval
S1A_IW_GRDH_1SDV_20220419T100054_20220419T100123_042841_051D0F_292E,sea_asia,S1A,29,19,59,120.97386853448276,22.464305729689695,2022-04-19 10:00:54+00:00,120_0,all_sea_asia,trainval
S1A_IW_GRDH_1SDV_20220419T100213_20220419T100238_042841_051D0F_856D,other,S1A,50,44,526,120.9041015625,27.330064791009104,2022-04-19 10:02:13+00:00,120_0,stratified_other,trainval
S1A_IW_GRDH_1SDV_20220420T061408_20220420T061433_042853_051D72_4A03,other,S1A,11,5,5,-0.4953835227272774,54.94359281901832,2022-04-20 06:14:08+00:00,-30_30,stratified_other,trainval
S1A_IW_GRDH_1SDV_20220420T061703_20220420T061728_042853_051D72_2EF7,other,S1A,3,2,3,-1.4941406250000038,44.61129703935983,2022-04-20 06:17:03+00:00,-30_30,stratified_other,test
S1A_IW_GRDH_1SDV_20220420T061933_20220420T061958_042853_051D72_AB61,other,S1A,49,37,114,-4.710220025510203,36.05407622340747,2022-04-20 06:19:33+00:00,-30_30,stratified_other,test
S1A_IW_GRDH_1SDV_20220420T211813_20220420T211838_042862_051DCB_7E77,sea_asia,S1A,1,1,1,127.00195312499999,-0.8788717828324253,2022-04-20 21:18:13+00:00,120_-30,all_sea_asia,trainval
S1A_IW_GRDH_1SDV_20220420T225400_20220420T225424_042863_051DD3_59F3,sea_asia,S1A,4,3,9,102.94189453125,10.358053512756221,2022-04-20 22:54:00+00:00,90_0,all_sea_asia,trainval
S1A_IW_GRDH_1SDV_20220421T094842_20220421T094907_042870_051E0F_540A,other,S1A,101,90,438,122.1218479269802,37.724101778235216,2022-04-21 09:48:42+00:00,120_30,stratified_other,trainval
S1A_IW_GRDH_1SDV_20220421T111642_20220421T111707_042870_051E17_DC9E,sea_asia,S1A,4,2,5,105.05126953125,-2.043022315932605,2022-04-21 11:16:42+00:00,90_-30,all_sea_asia,trainval
S1A_IW_GRDH_1SDV_20220421T111732_20220421T111757_042870_051E17_27C4,sea_asia,S1A,47,38,269,104.5692736037234,1.5892655074919004,2022-04-21 11:17:32+00:00,90_0,all_sea_asia,trainval
S1A_IW_GRDH_1SDV_20220421T111822_20220421T111847_042871_051E17_4DA0,sea_asia,S1A,11,8,32,104.04651988636364,4.756371632273764,2022-04-21 11:18:22+00:00,90_0,all_sea_asia,trainval
S1A_IW_GRDH_1SDV_20220421T215412_20220421T215441_042877_051E51_CCC4,sea_asia,S1A,10,10,12,119.84765625,18.061787726483843,2022-04-21 21:54:12+00:00,90_0,all_sea_asia,trainval
S1A_IW_GRDH_1SDV_20220421T220146_20220421T220214_042877_051E51_AED9,sea_asia,S1A,1,0,0,113.20312499999999,-8.667918002363114,2022-04-21 22:01:46+00:00,90_-30,all_sea_asia,test
S1A_IW_GRDH_1SDV_20220422T060222_20220422T060247_042882_051E71_F0DD,other,S1A,50,32,46,0.16171874999999825,38.48956659009823,2022-04-22 06:02:22+00:00,0_30,stratified_other,trainval
S1A_IW_GRDH_1SDV_20220423T045845_20220423T045910_042896_051EE7_1C46,other,S1A,16,7,11,21.143188476562496,59.94169986213999,2022-04-23 04:58:45+00:00,0_30,stratified_other,trainval
S1A_IW_GRDH_1SDV_20220423T213851_20220423T213920_042906_051F3E_1FEC,sea_asia,S1A,2,0,0,121.68457031249999,13.965955403375581,2022-04-23 21:38:51+00:00,120_0,all_sea_asia,test
S1A_IW_GRDH_1SDV_20220423T214215_20220423T214240_042906_051F3E_4318,sea_asia,S1A,2,1,1,119.5751953125,1.5818302639606325,2022-04-23 21:42:15+00:00,90_0,all_sea_asia,trainval
S1A_IW_GRDH_1SDV_20220423T231757_20220423T231822_042907_051F44_49D1,sea_asia,S1A,3,3,66,98.5546875,12.411538940599334,2022-04-23 23:17:57+00:00,90_0,all_sea_asia,trainval
S1A_IW_GRDH_1SDV_20220423T232052_20220423T232107_042907_051F44_6613,sea_asia,S1A,1,1,1,96.32812500000001,2.9869273933348555,2022-04-23 23:20:52+00:00,90_0,all_sea_asia,trainval
S1A_IW_GRDH_1SDV_20220424T162909_20220424T162938_042917_051F91_0279,other,S1A,4,4,4,32.82714843750001,-32.042926839152855,2022-04-24 16:29:09+00:00,30_-60,stratified_other,trainval
S1A_IW_GRDH_1SDV_20220424T222432_20220424T222457_042921_051FAF_FF15,sea_asia,S1A,12,9,38,109.6435546875,-2.5333304704173965,2022-04-24 22:24:32+00:00,90_-30,all_sea_asia,trainval
S1A_IW_GRDH_1SDV_20220424T222522_20220424T222547_042921_051FAF_EA9C,sea_asia,S1A,2,2,5,107.9736328125,-5.615979253921164,2022-04-24 22:25:22+00:00,90_-30,all_sea_asia,trainval
S1A_IW_GRDH_1SDV_20220425T001650_20220425T001707_042922_051FB4_AC5B,other,S1A,1,1,1,69.43359375000001,-50.68079714532164,2022-04-25 00:16:50+00:00,60_-60,stratified_other,trainval
S1A_IW_GRDH_1SDV_20220425T173031_20220425T173056_042933_052011_B20D,other,S1A,3,3,3,6.328125000000006,41.286889808239785,2022-04-25 17:30:31+00:00,0_30,stratified_other,trainval
S1A_IW_GRDH_1SDV_20220425T230220_20220425T230245_042936_052030_61BA,sea_asia,S1A,6,5,6,102.12890625,10.055020117918453,2022-04-25 23:02:20+00:00,90_0,all_sea_asia,trainval
S1A_IW_GRDH_1SDV_20220425T230245_20220425T230310_042936_052030_C93B,sea_asia,S1A,4,4,6,101.31591796875,8.341749674773885,2022-04-25 23:02:45+00:00,90_0,all_sea_asia,trainval
S1A_IW_GRDH_1SDV_20220426T095706_20220426T095731_042943_052064_AA46,other,S1A,228,183,632,120.23321854440789,38.28760081703882,2022-04-26 09:57:06+00:00,120_30,stratified_other,test
S1A_IW_GRDH_1SDV_20220426T112852_20220426T112917_042944_05206D_E351,sea_asia,S1A,34,33,416,100.75884650735294,12.972736737949909,2022-04-26 11:28:52+00:00,90_0,all_sea_asia,trainval
S1A_IW_GRDH_1SDV_20220426T220549_20220426T220618_042950_0520A6_6E64,sea_asia,S1A,20,16,115,115.20703125,5.440862512036707,2022-04-26 22:05:49+00:00,90_0,all_sea_asia,test
S1A_IW_GRDH_1SDV_20220427T102629_20220427T102654_042957_0520E5_66D6,sea_asia,S1A,3,3,4,118.359375,-4.156491691555968,2022-04-27 10:26:29+00:00,90_-30,all_sea_asia,trainval
S1A_IW_GRDH_1SDV_20220427T102654_20220427T102719_042957_0520E5_6F81,sea_asia,S1A,4,4,6,118.19091796875,-2.745494761454995,2022-04-27 10:26:54+00:00,90_-30,all_sea_asia,trainval
S1A_IW_GRDH_1SDV_20220427T103335_20220427T103404_042958_0520E6_48FB,sea_asia,S1A,115,101,831,113.72129755434783,22.098565333747498,2022-04-27 10:33:35+00:00,90_0,all_sea_asia,trainval
S1A_IW_GRDH_1SDV_20220427T171328_20220427T171353_042962_052109_E912,other,S1A,6,2,2,10.312500000000002,39.08343350688953,2022-04-27 17:13:28+00:00,0_30,stratified_other,trainval
S1A_IW_GRDH_1SDV_20220427T211243_20220427T211308_042964_052120_2397,sea_asia,S1A,1,1,4,126.56249999999999,-11.092165893501997,2022-04-27 21:12:43+00:00,120_-30,all_sea_asia,trainval
S1A_IW_GRDH_1SDV_20220427T224743_20220427T224808_042965_052127_6775,sea_asia,S1A,14,10,39,104.38895089285714,3.62609590330348,2022-04-27 22:47:43+00:00,90_0,all_sea_asia,trainval
S1A_IW_GRDH_1SDV_20220427T224833_20220427T224858_042965_052127_BCBA,sea_asia,S1A,23,17,55,103.61922554347827,0.943816537675322,2022-04-27 22:48:33+00:00,90_0,all_sea_asia,trainval
S1A_IW_GRDH_1SDV_20220428T110638_20220428T110657_042972_05216A_6B59,sea_asia,S1A,3,3,10,109.39453125,-7.885104337274298,2022-04-28 11:06:38+00:00,90_-30,all_sea_asia,trainval
S1A_IW_GRDH_1SDV_20220428T175721_20220428T175746_042977_05218C_C4AF,other,S1A,33,22,46,-1.7950994318181805,49.307980559190696,2022-04-28 17:57:21+00:00,-30_30,stratified_other,test
S1A_IW_GRDH_1SDV_20220428T214730_20220428T214755_042979_05219D_B781,sea_asia,S1A,11,10,18,120.52201704545455,13.083851395169914,2022-04-28 21:47:30+00:00,120_0,all_sea_asia,trainval
S1A_IW_GRDH_1SDV_20220428T214910_20220428T214935_042979_05219D_C021,sea_asia,S1A,4,4,5,119.64111328125,6.751375445230089,2022-04-28 21:49:10+00:00,90_0,all_sea_asia,test
S1A_IW_GRDH_1SDV_20220428T215025_20220428T215050_042979_05219D_F5D3,sea_asia,S1A,7,6,19,119.091796875,1.9080905907634549,2022-04-28 21:50:25+00:00,90_0,all_sea_asia,trainval
S1A_IW_GRDH_1SDV_20220428T215050_20220428T215115_042979_05219D_57F2,sea_asia,S1A,12,9,101,117.6123046875,0.3735281333988882,2022-04-28 21:50:50+00:00,90_0,all_sea_asia,trainval
S1A_IW_GRDH_1SDV_20220428T215255_20220428T215320_042979_05219D_DE39,sea_asia,S1A,2,1,1,116.630859375,-7.187799608802887,2022-04-28 21:52:55+00:00,90_-30,all_sea_asia,trainval
S1A_IW_GRDH_1SDV_20220428T232517_20220428T232542_042980_0521A1_58CC,sea_asia,S1A,7,4,37,96.16489955357143,16.58795550202127,2022-04-28 23:25:17+00:00,90_0,all_sea_asia,test
S1A_IW_GRDH_1SDV_20220502T104119_20220502T104148_043031_05234F_8BAF,sea_asia,S1A,6,4,6,111.650390625,20.591631776220055,2022-05-02 10:41:19+00:00,90_0,all_sea_asia,trainval
S1A_IW_GRDH_1SDV_20220502T172750_20220502T172815_043035_052376_F5BA,other,S1A,43,27,44,3.8569676598837224,61.189998556581315,2022-05-02 17:27:50+00:00,0_60,stratified_other,trainval
S1A_IW_GRDH_1SDV_20220502T211904_20220502T211929_043037_05238E_CB4F,sea_asia,S1A,3,2,3,125.595703125,-3.601035221486766,2022-05-02 21:19:04+00:00,120_-30,all_sea_asia,trainval
S1A_IW_GRDH_1SDV_20220503T220121_20220503T220146_043052_052419_8CCF,sea_asia,S1A,3,3,16,114.111328125,-7.739549854217262,2022-05-03 22:01:21+00:00,90_-30,all_sea_asia,test
S1A_IW_GRDH_1SDV_20220504T170417_20220504T170442_043064_05247C_310C,other,S1A,36,25,62,14.26025390625,36.051879004889855,2022-05-04 17:04:17+00:00,0_30,stratified_other,trainval
S1A_IW_GRDH_1SDV_20220504T171237_20220504T171302_043064_05247C_8304,other,S1A,1,1,1,7.031250000000009,66.26685631430843,2022-05-04 17:12:37+00:00,0_60,stratified_other,trainval
S1A_IW_GRDH_1SDV_20220504T223952_20220504T224017_043067_052499_4189,sea_asia,S1A,9,4,5,105.126953125,2.186905650385165,2022-05-04 22:39:52+00:00,90_0,all_sea_asia,trainval
S1A_IW_GRDH_1SDV_20220505T045730_20220505T045755_043071_0524AE_55C3,other,S1A,12,4,4,23.115234375,64.48250997142333,2022-05-05 04:57:30+00:00,0_60,stratified_other,test
S1A_IW_GRDH_1SDV_20220505T214010_20220505T214035_043081_052505_8383,sea_asia,S1A,1,0,0,120.84960937500001,9.015302333420575,2022-05-05 21:40:10+00:00,120_0,all_sea_asia,test
S1A_IW_GRDH_1SDV_20220506T222432_20220506T222457_043096_052579_9ABD,sea_asia,S1A,8,4,8,108.74267578125,-1.9331514290730514,2022-05-06 22:24:32+00:00,90_-30,all_sea_asia,trainval
S1A_IW_GRDH_1SDV_20220506T231940_20220506T232005_043097_05257C_98BA,other,S1A,1,1,1,-77.6953125,24.926294766395593,2022-05-06 23:19:40+00:00,-90_0,stratified_other,trainval
S1A_IW_GRDH_1SDV_20220507T212433_20220507T212458_043110_0525FA_3429,sea_asia,S1A,11,9,19,125.61168323863636,6.6802839098957385,2022-05-07 21:24:33+00:00,120_0,all_sea_asia,trainval
S1A_IW_GRDH_1SDV_20220507T212843_20220507T212908_043110_0525FA_E667,sea_asia,S1A,1,1,1,123.310546875,-8.407168163601078,2022-05-07 21:28:43+00:00,120_-30,all_sea_asia,trainval
S1A_IW_GRDH_1SDV_20220508T104000_20220508T104035_043118_052640_53BB,other,S1A,5,4,27,-76.552734375,-13.752662756002303,2022-05-08 10:40:00+00:00,-90_-30,stratified_other,trainval
S1A_IW_GRDH_1SDV_20220508T112324_20220508T112353_043118_052642_C89E,sea_asia,S1A,12,10,46,105.5419921875,-5.900144881278038,2022-05-08 11:23:24+00:00,90_-30,all_sea_asia,trainval
S1A_IW_GRDH_1SDV_20220508T112533_20220508T112558_043118_052642_4137,sea_asia,S1A,68,60,919,103.5467888327206,1.2484552709970491,2022-05-08 11:25:33+00:00,90_0,all_sea_asia,trainval
S1A_IW_GRDH_1SDV_20220508T112828_20220508T112853_043119_052642_15CD,sea_asia,S1A,3,0,0,101.220703125,12.067495068564758,2022-05-08 11:28:28+00:00,90_0,all_sea_asia,trainval
S1A_IW_GRDH_1SDV_20220510T111112_20220510T111141_043148_05273A_1263,sea_asia,S1A,3,3,5,106.611328125,8.696577758393213,2022-05-10 11:11:12+00:00,90_0,all_sea_asia,trainval
S1A_IW_GRDH_1SDV_20220511T115408_20220511T115437_043163_0527A8_6916,sea_asia,S1A,2,2,4,93.6474609375,14.732348777827465,2022-05-11 11:54:08+00:00,90_0,all_sea_asia,test
S1A_IW_GRDH_1SDV_20220512T050731_20220512T050756_043173_0527F3_FB65,other,S1A,5,4,31,8.894531249999996,-1.335729233768688,2022-05-12 05:07:31+00:00,0_-30,stratified_other,trainval
S1A_IW_GRDH_1SDV_20220512T104947_20220512T105016_043176_052812_E9C5,sea_asia,S1A,4,4,23,114.34570312499999,-8.38533583666026,2022-05-12 10:49:47+00:00,90_-30,all_sea_asia,test
S1A_IW_GRDH_1SDV_20220512T213704_20220512T213729_043183_052844_C353,sea_asia,S1A,4,2,2,119.59716796875,-8.320178654469029,2022-05-12 21:37:04+00:00,90_-30,all_sea_asia,trainval
S1A_IW_GRDH_1SDV_20220513T000500_20220513T000529_043185_05284D_B63B,other,S1A,1,1,1,-88.2421875,10.141931686131015,2022-05-13 00:05:00+00:00,-90_0,stratified_other,trainval
S1A_IW_GRDH_1SDV_20220513T113159_20220513T113228_043191_05288C_82A4,sea_asia,S1A,1,1,1,101.513671875,-5.7908968128719644,2022-05-13 11:31:59+00:00,90_-30,all_sea_asia,trainval
S1A_IW_GRDH_1SDV_20220514T061639_20220514T061704_043203_0528E4_176B,other,S1A,21,11,23,-1.858258928571432,46.3933895161604,2022-05-14 06:16:39+00:00,-30_30,stratified_other,test
S1A_IW_GRDH_1SDV_20220514T211930_20220514T211955_043212_05292F_518C,sea_asia,S1A,2,1,1,125.33203125000001,-5.090562869667684,2022-05-14 21:19:30+00:00,120_-30,all_sea_asia,test
S1A_IW_GRDH_1SDV_20220515T052120_20220515T052145_043217_052958_7C5D,other,S1A,18,14,21,10.478515625000002,37.71400799166045,2022-05-15 05:21:20+00:00,0_30,stratified_other,trainval
S1A_IW_GRDH_1SDV_20220515T111758_20220515T111823_043221_05297A_88DF,sea_asia,S1A,18,15,21,105.1416015625,3.430415254262316,2022-05-15 11:17:58+00:00,90_0,all_sea_asia,trainval
S1A_IW_GRDH_1SDV_20220516T042412_20220516T042437_043231_0529BA_95DE,other,S1A,28,12,14,24.496372767857142,36.79824345297576,2022-05-16 04:24:12+00:00,0_30,stratified_other,trainval
S1A_IW_GRDH_1SDV_20220517T142255_20220517T142324_043252_052A5D_BBA3,other,S1A,4,4,4,57.23876953125,17.203594696847272,2022-05-17 14:22:55+00:00,30_0,stratified_other,trainval
S1A_IW_GRDH_1SDV_20220517T214421_20220517T214446_043256_052A7C_BFFC,sea_asia,S1A,1,1,1,118.12499999999999,-5.528510525692812,2022-05-17 21:44:21+00:00,90_-30,all_sea_asia,test
S1A_IW_GRDH_1SDV_20220518T100119_20220518T100144_043263_052AB0_26FC,sea_asia,S1A,1,1,2,124.45312499999999,-6.75189646484339,2022-05-18 10:01:19+00:00,120_-30,all_sea_asia,trainval
S1A_IW_GRDH_1SDV_20220518T114259_20220518T114324_043265_052AB6_EAA7,sea_asia,S1A,19,13,66,98.64103618421052,4.569947236067283,2022-05-18 11:42:59+00:00,90_0,all_sea_asia,trainval
S1A_IW_GRDH_1SDV_20220518T183007_20220518T183032_043269_052AD5_1E51,other,S1A,3,2,2,-10.488281250000004,49.17207545644758,2022-05-18 18:30:07+00:00,-30_30,stratified_other,trainval
S1A_IW_GRDH_1SDV_20220520T112854_20220520T112919_043294_052B91_D6AE,sea_asia,S1A,33,29,281,100.7705965909091,13.011406995863966,2022-05-20 11:28:54+00:00,90_0,all_sea_asia,trainval
S1A_IW_GRDH_1SDV_20220522T015909_20220522T015934_043317_052C41_4CA9,other,S1A,20,8,16,59.20751953125,25.081371876898498,2022-05-22 01:59:09+00:00,30_0,stratified_other,trainval
S1A_IW_GRDH_1SDV_20220522T232518_20220522T232543_043330_052CA3_A3C4,sea_asia,S1A,9,9,127,96.1328125,16.664137582815254,2022-05-22 23:25:18+00:00,90_0,all_sea_asia,test
S1A_IW_GRDH_1SDV_20220523T055414_20220523T055439_043334_052CBF_68AD,other,S1A,10,6,35,1.5732421874999971,38.67062049457455,2022-05-23 05:54:14+00:00,0_30,stratified_other,trainval
S1A_IW_GRDH_1SDV_20220523T055439_20220523T055504_043334_052CBF_DC09,other,S1A,17,16,32,2.2437959558823546,37.036285700823534,2022-05-23 05:54:39+00:00,0_30,stratified_other,trainval
S1A_IW_GRDH_1SDV_20220524T105527_20220524T105556_043352_052D4B_5ADE,sea_asia,S1A,15,13,19,109.53515625,11.424940266675247,2022-05-24 10:55:27+00:00,90_0,all_sea_asia,trainval
S1A_IW_GRDH_1SDV_20220524T213640_20220524T213705_043358_052D7B_2FC2,sea_asia,S1A,2,1,1,120.8056640625,-8.32021228952295,2022-05-24 21:36:40+00:00,120_-30,all_sea_asia,trainval
S1A_IW_GRDH_1SDV_20220527T111709_20220527T111734_043395_052EA9_18C5,sea_asia,S1A,6,6,7,105.0732421875,0.5126809453285456,2022-05-27 11:17:09+00:00,90_0,all_sea_asia,trainval
S1A_IW_GRDH_1SDV_20220527T111734_20220527T111759_043395_052EA9_69CF,sea_asia,S1A,64,49,308,104.61318969726562,1.6586565386120238,2022-05-27 11:17:34+00:00,90_0,all_sea_asia,test
S1A_IW_GRDH_1SDV_20220527T215508_20220527T215533_043402_052ED8_EA78,sea_asia,S1A,9,7,13,119.82421875,15.07637798081704,2022-05-27 21:55:08+00:00,90_0,all_sea_asia,trainval
S1A_IW_GRDH_1SDV_20220529T213922_20220529T213947_043431_052FA8_8F5F,sea_asia,S1A,2,1,2,121.72851562499999,12.939700552123174,2022-05-29 21:39:22+00:00,120_0,all_sea_asia,trainval
S1A_IW_GRDH_1SDV_20220529T214217_20220529T214242_043431_052FA8_E456,sea_asia,S1A,3,3,5,119.56054687500001,2.7235745511080167,2022-05-29 21:42:17+00:00,90_0,all_sea_asia,trainval
S1A_IW_GRDH_1SDV_20220601T085611_20220601T085640_043467_0530B3_FAE0,other,S1A,1,1,1,-46.75781249999999,5.35352135533732,2022-06-01 08:56:11+00:00,-60_0,stratified_other,trainval
S1A_IW_GRDH_1SDV_20220601T095553_20220601T095618_043468_0530B7_7BA2,other,S1A,49,37,91,121.05588329081633,34.00763116287436,2022-06-01 09:55:53+00:00,120_30,stratified_other,trainval
S1A_IW_GRDH_1SDV_20220601T112326_20220601T112355_043468_0530BE_FE04,sea_asia,S1A,14,10,39,105.66964285714286,-6.046729862706771,2022-06-01 11:23:26+00:00,90_-30,all_sea_asia,trainval
S1A_IW_GRDH_1SDV_20220602T224835_20220602T224903_043490_053158_D1E9,sea_asia,S1A,21,13,58,103.740234375,0.9667476422558705,2022-06-02 22:48:35+00:00,90_0,all_sea_asia,trainval
S1A_IW_GRDH_1SDV_20220603T110002_20220603T110022_043497_053195_D784,other,S1A,7,4,17,115.65150669642857,-32.069207598576,2022-06-03 11:00:02+00:00,90_-60,stratified_other,trainval
S1A_IW_GRDH_1SDV_20220603T214823_20220603T214848_043504_0531C3_4399,sea_asia,S1A,4,2,2,120.38818359375,9.600540315784322,2022-06-03 21:48:23+00:00,120_0,all_sea_asia,trainval
S1A_IW_GRDH_1SDV_20220603T215003_20220603T215016_043504_0531C3_7663,sea_asia,S1A,3,2,2,118.41796875,4.127282097134801,2022-06-03 21:50:03+00:00,90_0,all_sea_asia,trainval
S1A_IW_GRDH_1SDV_20220605T174225_20220605T174250_043531_053292_0494,other,S1A,38,25,40,0.48571134868421223,54.09766883733355,2022-06-05 17:42:25+00:00,0_30,stratified_other,trainval
S1A_IW_GRDH_1SDV_20220605T230950_20220605T231015_043534_0532AD_78D3,sea_asia,S1A,26,21,132,100.80040564903847,12.903811037082356,2022-06-05 23:09:50+00:00,90_0,all_sea_asia,test
S1A_IW_GRDH_1SDV_20220605T231015_20220605T231040_043534_0532AD_8C66,sea_asia,S1A,1,1,1,100.98632812499999,11.781325296112291,2022-06-05 23:10:15+00:00,90_0,all_sea_asia,test
S1A_IW_GRDH_1SDV_20220605T231155_20220605T231220_043534_0532AD_3A5C,sea_asia,S1A,10,7,9,98.89453125,4.740593897474328,2022-06-05 23:11:55+00:00,90_0,all_sea_asia,trainval
S1A_IW_GRDH_1SDV_20220606T100057_20220606T100126_043541_0532E9_032B,sea_asia,S1A,43,19,75,121.06218204941861,22.623295861800354,2022-06-06 10:00:57+00:00,120_0,all_sea_asia,trainval
S1A_IW_GRDH_1SDV_20220606T135402_20220606T135427_043543_0532F8_4A4F,other,S1A,1,1,1,-120.05859375,29.22889003019423,2022-06-06 13:54:02+00:00,-150_0,stratified_other,trainval
S1A_IW_GRDH_1SDV_20220607T104122_20220607T104151_043556_05335E_7721,sea_asia,S1A,2,0,0,111.6650390625,19.889342815980946,2022-06-07 10:41:22+00:00,90_0,all_sea_asia,trainval
S1A_IW_GRDH_1SDV_20220607T225515_20220607T225544_043563_053399_9C78,sea_asia,S1A,2,1,1,102.4365234375,6.402640935500337,2022-06-07 22:55:15+00:00,90_0,all_sea_asia,test
S1A_IW_GRDH_1SDV_20220608T111620_20220608T111645_043570_0533DA_00A3,sea_asia,S1A,17,13,77,105.62902113970588,-2.3774700306661694,2022-06-08 11:16:20+00:00,90_-30,all_sea_asia,trainval
S1A_IW_GRDH_1SDV_20220608T111940_20220608T112005_043571_0533DA_FC03,sea_asia,S1A,1,1,3,102.744140625,9.795677582829734,2022-06-08 11:19:40+00:00,90_0,all_sea_asia,trainval
S1A_IW_GRDH_1SDV_20220609T042324_20220609T042349_043581_053415_90AC,other,S1A,25,17,28,25.660546875,39.336538107869465,2022-06-09 04:23:24+00:00,0_30,stratified_other,test
S1A_IW_GRDH_1SDV_20220610T064150_20220610T064215_043597_053490_7C07,other,S1A,10,5,5,-8.8154296875,44.58813505233776,2022-06-10 06:41:50+00:00,-30_30,stratified_other,test
S1A_IW_GRDH_1SDV_20220610T231800_20220610T231825_043607_0534DB_A1F8,sea_asia,S1A,3,1,2,98.583984375,12.411538940599334,2022-06-10 23:18:00+00:00,90_0,all_sea_asia,trainval
S1A_IW_GRDH_1SDV_20220610T231850_20220610T231915_043607_0534DB_7BE4,sea_asia,S1A,1,1,1,98.52539062499999,9.968850608546104,2022-06-10 23:18:50+00:00,90_0,all_sea_asia,trainval
S1A_IW_GRDH_1SDV_20220612T212525_20220612T212550_043635_0535AD_C944,sea_asia,S1A,1,0,0,125.41992187500001,3.60114232015873,2022-06-12 21:25:25+00:00,120_0,all_sea_asia,trainval
S1A_IW_GRDH_1SDV_20220613T112716_20220613T112741_043644_0535F0_F7CB,sea_asia,S1A,6,3,12,102.3193359375,7.376877185384238,2022-06-13 11:27:16+00:00,90_0,all_sea_asia,trainval
S1A_IW_GRDH_1SDV_20220613T112806_20220613T112831_043644_0535F0_490C,sea_asia,S1A,10,8,15,101.3115234375,10.1589814770394,2022-06-13 11:28:06+00:00,90_0,all_sea_asia,trainval
S1A_IW_GRDH_1SDV_20220613T112856_20220613T112921_043644_0535F0_86D8,sea_asia,S1A,32,29,197,100.75836181640625,13.014949453923236,2022-06-13 11:28:56+00:00,90_0,all_sea_asia,trainval
S1A_IW_GRDH_1SDV_20220614T102632_20220614T102657_043657_053658_4A70,sea_asia,S1A,3,3,3,118.388671875,-3.864227419708494,2022-06-14 10:26:32+00:00,90_-30,all_sea_asia,trainval
S1A_IW_GRDH_1SDV_20220616T002622_20220616T002647_043681_05370B_C22E,other,S1A,6,5,9,-95.91796875,27.773878832536877,2022-06-16 00:26:22+00:00,-120_0,stratified_other,trainval
S1A_IW_GRDH_1SDV_20220616T165808_20220616T165833_043691_053750_FCBC,other,S1A,46,22,44,14.788552989130432,43.11425220594077,2022-06-16 16:58:08+00:00,0_30,stratified_other,trainval
S1A_IW_GRDH_1SDV_20220616T204000_20220616T204029_043693_053764_864C,other,S1A,1,1,1,141.50390624999997,48.980216985374994,2022-06-16 20:40:00+00:00,120_30,stratified_other,trainval
S1A_IW_GRDH_1SDV_20220617T104949_20220617T105018_043701_0537A7_3D74,sea_asia,S1A,4,2,8,114.1259765625,-8.298410190926617,2022-06-17 10:49:49+00:00,90_-30,all_sea_asia,trainval
S1A_IW_GRDH_1SDV_20220618T113202_20220618T113231_043716_053823_A527,sea_asia,S1A,1,1,2,102.83203125,-4.56547355071029,2022-06-18 11:32:02+00:00,90_-30,all_sea_asia,trainval
S1A_IW_GRDH_1SDV_20220618T113231_20220618T113256_043716_053823_2FB0,sea_asia,S1A,1,1,1,102.48046875000001,-4.302591077119692,2022-06-18 11:32:31+00:00,90_-30,all_sea_asia,trainval
S1A_IW_GRDH_1SDV_20220619T023631_20220619T023700_043726_05386A_434E,other,S1A,3,1,1,-130.693359375,52.10452348714454,2022-06-19 02:36:31+00:00,-150_30,stratified_other,trainval
S1A_IW_GRDH_1SDV_20220619T225404_20220619T225428_043738_0538CB_0DC9,sea_asia,S1A,10,7,24,103.1484375,10.297542320280803,2022-06-19 22:54:04+00:00,90_0,all_sea_asia,trainval
S1A_IW_GRDH_1SDV_20220620T212212_20220620T212237_043752_05393B_7584,other,S1A,1,1,1,-53.96484375,45.890008158661836,2022-06-20 21:22:12+00:00,-60_30,stratified_other,trainval
S1A_IW_GRDH_1SDV_20220620T215444_20220620T215509_043752_05393D_6BA9,sea_asia,S1A,7,7,8,119.71958705357143,16.45505043926307,2022-06-20 21:54:44+00:00,90_0,all_sea_asia,trainval
S1A_IW_GRDH_1SDV_20220621T101756_20220621T101825_043759_05396E_96C2,sea_asia,S1A,2,2,3,121.46484375,-5.30957827986947,2022-06-21 10:17:56+00:00,120_-30,all_sea_asia,trainval
S1A_IW_GRDH_1SDV_20220621T101825_20220621T101850_043759_05396E_E1C6,sea_asia,S1A,3,3,4,120.87890625,-4.2440617264759775,2022-06-21 10:18:25+00:00,120_-30,all_sea_asia,trainval
S1A_IW_GRDH_1SDV_20220621T102526_20220621T102555_043760_05396F_0F53,sea_asia,S1A,76,53,141,114.99331825657895,22.02380102896189,2022-06-21 10:25:26+00:00,90_0,all_sea_asia,trainval
S1A_IW_GRDH_1SDV_20220621T120343_20220621T120412_043761_053978_A110,other,S1A,1,1,1,91.05468749999999,20.055931265194456,2022-06-21 12:03:43+00:00,90_0,stratified_other,trainval
S1A_IW_GRDH_1SDV_20220622T043120_20220622T043145_043771_0539C5_D03E,other,S1A,2,1,5,-156.533203125,20.797179058734983,2022-06-22 04:31:20+00:00,-180_0,stratified_other,trainval
S1A_IW_GRDH_1SDV_20220622T191540_20220622T191609_043780_053A09_AACD,other,S1A,2,2,2,-14.809570312500014,4.521601444128802,2022-06-22 19:15:40+00:00,-30_0,stratified_other,test
S1A_IW_GRDH_1SDV_20220622T214129_20220622T214154_043781_053A16_175F,sea_asia,S1A,1,1,1,120.05859375,5.266007882805487,2022-06-22 21:41:29+00:00,120_0,all_sea_asia,trainval
S1A_IW_GRDH_1SDV_20220622T214424_20220622T214449_043781_053A16_5CA0,sea_asia,S1A,3,2,13,118.88671874999999,-5.265920957328517,2022-06-22 21:44:24+00:00,90_-30,all_sea_asia,trainval
S1A_IW_GRDH_1SDV_20220622T214449_20220622T214514_043781_053A16_8424,sea_asia,S1A,1,0,0,119.794921875,-6.664607562172565,2022-06-22 21:44:49+00:00,90_-30,all_sea_asia,trainval
S1A_IW_GRDH_1SDV_20220623T114351_20220623T114416_043790_053A4C_E83F,sea_asia,S1A,7,5,17,98.28683035714286,7.810506539841491,2022-06-23 11:43:51+00:00,90_0,all_sea_asia,trainval
S1A_IW_GRDH_1SDV_20220623T191745_20220623T191810_043794_053A70_1CDD,other,S1A,1,1,1,148.0078125,-40.6473035625225,2022-06-23 19:17:45+00:00,120_-60,stratified_other,trainval
S1A_IW_GRDH_1SDV_20220624T104952_20220624T105017_043804_053ABA_75DA,sea_asia,S1A,72,49,221,109.6875,20.518886278347782,2022-06-24 10:49:52+00:00,90_0,all_sea_asia,trainval
S1A_IW_GRDH_1SDV_20220626T224348_20220626T224417_043840_053BD2_2244,sea_asia,S1A,5,4,7,107.33203125,17.87795495637952,2022-06-26 22:43:48+00:00,90_0,all_sea_asia,trainval
S1A_IW_GRDH_1SDV_20220629T105648_20220629T105713_043877_053CEB_7C61,sea_asia,S1A,29,21,121,108.75404094827586,15.803559338865197,2022-06-29 10:56:48+00:00,90_0,all_sea_asia,trainval
S1A_IW_GRDH_1SDV_20220629T213553_20220629T213618_043883_053D21_4D19,sea_asia,S1A,3,2,5,121.66992187499999,-4.302392116230823,2022-06-29 21:35:53+00:00,120_-30,all_sea_asia,trainval
S1A_IW_GRDH_1SDV_20220701T225404_20220701T225429_043913_053E06_8477,sea_asia,S1A,8,6,9,103.2275390625,10.412015616502309,2022-07-01 22:54:04+00:00,90_0,all_sea_asia,trainval
S1A_IW_GRDH_1SDV_20220701T225516_20220701T225545_043913_053E07_8312,sea_asia,S1A,2,2,4,103.1396484375,5.878270300802824,2022-07-01 22:55:16+00:00,90_0,all_sea_asia,test
S1A_IW_GRDH_1SDV_20220703T102526_20220703T102555_043935_053E9F_4570,sea_asia,S1A,62,46,135,114.8064201108871,22.021270116622166,2022-07-03 10:25:26+00:00,90_0,all_sea_asia,trainval
S1A_IW_GRDH_1SDV_20220704T064151_20220704T064216_043947_053F03_A7B0,other,S1A,10,7,8,-8.2177734375,44.476718826722646,2022-07-04 06:41:51+00:00,-30_30,stratified_other,trainval
S1A_IW_GRDH_1SDV_20220704T214129_20220704T214154_043956_053F46_3E47,sea_asia,S1A,1,1,1,119.970703125,5.178482088522868,2022-07-04 21:41:29+00:00,90_0,all_sea_asia,trainval
S1A_IW_GRDH_1SDV_20220704T214359_20220704T214424_043956_053F46_5390,sea_asia,S1A,1,1,1,118.564453125,-3.6888551431470447,2022-07-04 21:43:59+00:00,90_-30,all_sea_asia,trainval
S1A_IW_GRDH_1SDV_20220704T214424_20220704T214449_043956_053F46_C793,sea_asia,S1A,2,2,15,119.31152343749999,-5.134713131778126,2022-07-04 21:44:24+00:00,90_-30,all_sea_asia,trainval
S1A_IW_GRDH_1SDV_20220704T214449_20220704T214514_043956_053F46_30AE,sea_asia,S1A,1,1,1,118.03710937499999,-6.402648405963886,2022-07-04 21:44:49+00:00,90_-30,all_sea_asia,trainval
S1A_IW_GRDH_1SDV_20220704T231802_20220704T231827_043957_053F4D_5B25,sea_asia,S1A,5,1,2,98.419921875,12.40007210837913,2022-07-04 23:18:02+00:00,90_0,all_sea_asia,trainval
S1A_IW_GRDH_1SDV_20220707T112328_20220707T112357_043993_054061_A683,sea_asia,S1A,5,3,9,105.486328125,-6.122882867747876,2022-07-07 11:23:28+00:00,90_-30,all_sea_asia,trainval
S1A_IW_GRDH_1SDV_20220707T112717_20220707T112742_043994_054061_4DB8,sea_asia,S1A,1,1,2,103.095703125,7.100892668623655,2022-07-07 11:27:17+00:00,90_0,all_sea_asia,trainval
S1A_IW_GRDH_1SDV_20220707T112807_20220707T112832_043994_054061_D019,sea_asia,S1A,2,2,3,101.07421875,10.011780440095164,2022-07-07 11:28:07+00:00,90_0,all_sea_asia,trainval
S1A_IW_GRDH_1SDV_20220707T112857_20220707T112922_043994_054061_2579,sea_asia,S1A,33,29,198,100.72798295454545,13.081491501860398,2022-07-07 11:28:57+00:00,90_0,all_sea_asia,trainval
S1A_IW_GRDH_1SDV_20220708T060651_20220708T060716_044005_0540AF_02D1,other,S1A,88,56,166,2.479913884943184,51.805556621565444,2022-07-08 06:06:51+00:00,0_30,stratified_other,trainval
S1A_IW_GRDH_1SDV_20220708T173439_20220708T173504_044012_0540E9_AC35,other,S1A,2,1,1,-165.5419921875,64.45384293156113,2022-07-08 17:34:39+00:00,-180_60,stratified_other,trainval
S1A_IW_GRDH_1SDV_20220708T224349_20220708T224418_044015_054100_87D0,sea_asia,S1A,1,1,1,107.9296875,17.811456088564483,2022-07-08 22:43:49+00:00,90_0,all_sea_asia,trainval
S1A_IW_GRDH_1SDV_20220708T224838_20220708T224906_044015_054101_511B,sea_asia,S1A,26,21,68,103.7176983173077,0.8450605121369935,2022-07-08 22:48:38+00:00,90_0,all_sea_asia,test
S1A_IW_GRDH_1SDV_20220711T141721_20220711T141746_044054_05422A_4566,other,S1A,26,20,148,56.08435997596154,26.672626050525487,2022-07-11 14:17:21+00:00,30_0,stratified_other,trainval
S1A_IW_GRDH_1SDV_20220711T213233_20220711T213258_044058_054250_26C6,sea_asia,S1A,1,1,2,124.18945312499999,8.233237111274562,2022-07-11 21:32:33+00:00,120_0,all_sea_asia,trainval
S1A_IW_GRDH_1SDV_20220711T213553_20220711T213618_044058_054250_E1FE,sea_asia,S1A,1,0,0,122.34374999999996,-4.4778564855706,2022-07-11 21:35:53+00:00,120_-30,all_sea_asia,trainval
S1A_IW_GRDH_1SDV_20220711T230952_20220711T231017_044059_054255_3E37,sea_asia,S1A,25,20,130,100.810546875,12.917856984188905,2022-07-11 23:09:52+00:00,90_0,all_sea_asia,trainval
S1A_IW_GRDH_1SDV_20220711T231157_20220711T231222_044059_054255_121F,sea_asia,S1A,13,9,13,98.3428485576923,5.144643770867499,2022-07-11 23:11:57+00:00,90_0,all_sea_asia,trainval
S1A_IW_GRDH_1SDV_20220712T121759_20220712T121828_044067_054299_D6BD,other,S1A,3,2,7,-96.15234375,19.172809811594863,2022-07-12 12:17:59+00:00,-120_0,stratified_other,trainval
S1A_IW_GRDH_1SDV_20220713T153912_20220713T153941_044084_05431A_1211,other,S1A,17,14,41,36.06617647058823,25.342042993647034,2022-07-13 15:39:12+00:00,30_0,stratified_other,test
S1A_IW_GRDH_1SDV_20220714T111622_20220714T111647_044095_054377_9439,sea_asia,S1A,5,4,18,106.048828125,-2.5654920987347625,2022-07-14 11:16:22+00:00,90_-30,all_sea_asia,test
S1A_IW_GRDH_1SDV_20220715T101826_20220715T101851_044109_0543DA_AE24,sea_asia,S1A,1,0,0,119.61914062500001,-4.0396178267684215,2022-07-15 10:18:26+00:00,90_-30,all_sea_asia,trainval
S1A_IW_GRDH_1SDV_20220717T114353_20220717T114418_044140_0544C0_E4D7,sea_asia,S1A,7,4,12,98.24916294642856,7.822939754780273,2022-07-17 11:43:53+00:00,90_0,all_sea_asia,trainval
S1A_IW_GRDH_1SDV_20220718T173101_20220718T173126_044158_05454D_C5F7,other,S1A,52,33,160,6.177696814903848,43.270579523594805,2022-07-18 17:31:01+00:00,0_30,stratified_other,trainval
S1A_IW_GRDH_1SDV_20220721T214826_20220721T214851_044204_0546A9_C0E8,sea_asia,S1A,2,2,3,120.5859375,9.405489958125155,2022-07-21 21:48:26+00:00,120_0,all_sea_asia,trainval
S1A_IW_GRDH_1SDV_20220721T215006_20220721T215019_044204_0546A9_980E,sea_asia,S1A,2,2,4,119.57519531250001,3.951940856157585,2022-07-21 21:50:06+00:00,90_0,all_sea_asia,test
S1A_IW_GRDH_1SDV_20220723T105650_20220723T105715_044227_054754_82F5,sea_asia,S1A,29,17,45,108.64796605603448,16.257843932741334,2022-07-23 10:56:50+00:00,90_0,all_sea_asia,trainval
S1A_IW_GRDH_1SDV_20220723T160637_20220723T160702_044230_05476D_D6F8,other,S1A,8,2,2,22.807617187499996,64.87759563960059,2022-07-23 16:06:37+00:00,0_60,stratified_other,trainval
S1A_IW_GRDH_1SDV_20220724T100100_20220724T100129_044241_0547C5_9762,sea_asia,S1A,65,22,60,121.2430889423077,22.46193688684456,2022-07-24 10:01:00+00:00,120_0,all_sea_asia,trainval
S1A_IW_GRDH_1SDV_20220724T113204_20220724T113233_044241_0547CB_5C6F,sea_asia,S1A,2,1,1,102.5244140625,-5.003388488173275,2022-07-24 11:32:04+00:00,90_-30,all_sea_asia,trainval
S1A_IW_GRDH_1SDV_20220724T113233_20220724T113258_044241_0547CB_6ADE,sea_asia,S1A,1,1,5,102.21679687499999,-3.951940856157585,2022-07-24 11:32:33+00:00,90_-30,all_sea_asia,trainval
S1A_IW_GRDH_1SDV_20220725T104124_20220725T104153_044256_05483A_6374,sea_asia,S1A,19,15,22,111.41755756578948,20.376661968714178,2022-07-25 10:41:24+00:00,90_0,all_sea_asia,test
S1A_IW_GRDH_1SDV_20220726T111943_20220726T112008_044271_0548B5_7A1B,sea_asia,S1A,4,3,3,102.7880859375,9.535612781948332,2022-07-26 11:19:43+00:00,90_0,all_sea_asia,trainval
S1A_IW_GRDH_1SDV_20220726T215346_20220726T215411_044277_0548E4_129F,sea_asia,S1A,13,8,8,119.8895733173077,20.264950915448477,2022-07-26 21:53:46+00:00,90_0,all_sea_asia,trainval
S1A_IW_GRDH_1SDV_20220726T215436_20220726T215501_044277_0548E4_884D,sea_asia,S1A,5,4,4,119.373046875,17.50943258523669,2022-07-26 21:54:36+00:00,90_0,all_sea_asia,trainval
S1A_IW_GRDH_1SDV_20220727T101758_20220727T101828_044284_054913_FA3A,sea_asia,S1A,2,2,3,120.8056640625,-5.615959558294958,2022-07-27 10:17:58+00:00,120_-30,all_sea_asia,trainval
S1A_IW_GRDH_1SDV_20220727T205119_20220727T205148_044291_054949_117F,other,S1A,16,9,19,138.36181640625,37.69570478948354,2022-07-27 20:51:19+00:00,120_30,stratified_other,test
S1A_IW_GRDH_1SDV_20220730T104952_20220730T105017_044329_054A54_C8D1,sea_asia,S1A,35,22,74,108.93666294642857,20.385020875210866,2022-07-30 10:49:52+00:00,90_0,all_sea_asia,test
S1A_IW_GRDH_1SDV_20220801T060653_20220801T060718_044355_054B1A_C2B9,other,S1A,109,67,171,2.4230397075688073,51.88591531793032,2022-08-01 06:06:53+00:00,0_30,stratified_other,test
S1A_IW_GRDH_1SDV_20220801T193208_20220801T193238_044363_054B5C_2315,other,S1A,3,2,4,152.02148437499997,-3.776538430024732,2022-08-01 19:32:08+00:00,150_-30,stratified_other,test
S1A_IW_GRDH_1SDV_20220802T064848_20220802T064913_044370_054B91_1C87,other,S1A,9,7,9,-8.535156249999996,49.425042758220165,2022-08-02 06:48:48+00:00,-30_30,stratified_other,trainval
S1A_IW_GRDH_1SDV_20220804T230953_20220804T231018_044409_054CB6_CA51,sea_asia,S1A,21,16,151,100.89006696428571,12.893220002853699,2022-08-04 23:09:53+00:00,90_0,all_sea_asia,test
S1A_IW_GRDH_1SDV_20220805T100101_20220805T100130_044416_054CE7_1C00,sea_asia,S1A,40,11,57,121.15283203125,22.448943941660428,2022-08-05 10:01:01+00:00,120_0,all_sea_asia,trainval
S1A_IW_GRDH_1SDV_20220807T111944_20220807T112009_044446_054DD2_65C9,sea_asia,S1A,8,3,3,103.07373046875,8.971628176707416,2022-08-07 11:19:44+00:00,90_0,all_sea_asia,test
S1A_IW_GRDH_1SDV_20220807T215347_20220807T215412_044452_054DFF_5FC4,sea_asia,S1A,10,10,11,120.1201171875,20.179175132143918,2022-08-07 21:53:47+00:00,120_0,all_sea_asia,trainval
S1A_IW_GRDH_1SDV_20220808T101759_20220808T101829_044459_054E2C_552D,sea_asia,S1A,5,4,10,120.568359375,-5.755895545809251,2022-08-08 10:17:59+00:00,120_-30,all_sea_asia,trainval
S1A_IW_GRDH_1SDV_20220808T170539_20220808T170604_044464_054E50_B3ED,other,S1A,16,6,9,13.705444335937502,40.60909170385383,2022-08-08 17:05:39+00:00,0_30,stratified_other,trainval
S1A_IW_GRDH_1SDV_20220808T205120_20220808T205149_044466_054E64_5677,other,S1A,12,7,8,138.15673828125,37.70513820945564,2022-08-08 20:51:20+00:00,120_30,stratified_other,trainval
S1A_IW_GRDH_1SDV_20220809T214426_20220809T214451_044481_054EE1_B962,sea_asia,S1A,1,1,3,119.35546874999999,-5.178482088522868,2022-08-09 21:44:26+00:00,90_-30,all_sea_asia,trainval
S1A_IW_GRDH_1SDV_20220809T231918_20220809T231943_044482_054EE5_7B75,sea_asia,S1A,1,1,1,96.943359375,9.015302333420575,2022-08-09 23:19:18+00:00,90_0,all_sea_asia,test
S1A_IW_GRDH_1SDV_20220810T114354_20220810T114419_044490_054F1F_B398,sea_asia,S1A,4,1,4,98.3056640625,7.798074000392025,2022-08-10 11:43:54+00:00,90_0,all_sea_asia,test
S1A_IW_GRDH_1SDV_20220812T112330_20220812T112359_044518_055013_5DE3,sea_asia,S1A,8,7,20,105.54565429687499,-5.976577428801955,2022-08-12 11:23:30+00:00,90_-30,all_sea_asia,trainval
S1A_IW_GRDH_1SDV_20220813T185057_20220813T185122_044538_0550BE_0791,other,S1A,3,1,2,-13.095703125000009,34.4996527955147,2022-08-13 18:50:57+00:00,-30_30,stratified_other,trainval
S1A_IW_GRDH_1SDV_20220813T224840_20220813T224905_044540_0550D6_4C5F,sea_asia,S1A,25,18,74,103.61953125,0.9737777723956177,2022-08-13 22:48:40+00:00,90_0,all_sea_asia,trainval
S1A_IW_GRDH_1SDV_20220814T111118_20220814T111147_044548_05511F_176C,sea_asia,S1A,3,0,0,104.70703125,8.03021275126939,2022-08-14 11:11:18+00:00,90_0,all_sea_asia,trainval
S1A_IW_GRDH_1SDV_20220814T173458_20220814T173523_044551_05513E_5DE9,other,S1A,3,2,2,17.080078125000004,-31.901011638475836,2022-08-14 17:34:58+00:00,0_-60,stratified_other,trainval
S1A_IW_GRDH_1SDV_20220814T214827_20220814T214852_044554_05514F_25BB,sea_asia,S1A,3,3,9,120.439453125,9.506823905851753,2022-08-14 21:48:27+00:00,120_0,all_sea_asia,trainval
S1A_IW_GRDH_1SDV_20220815T223254_20220815T223319_044569_0551C8_AB71,sea_asia,S1A,2,1,3,107.75390625,-2.460039530471453,2022-08-15 22:32:54+00:00,90_-30,all_sea_asia,trainval
S1A_IW_GRDH_1SDV_20220816T105651_20220816T105716_044577_055208_38DB,sea_asia,S1A,16,12,51,108.65478515625,15.638679965261494,2022-08-16 10:56:51+00:00,90_0,all_sea_asia,trainval
S1A_IW_GRDH_1SDV_20220816T213556_20220816T213621_044583_05524A_AC12,sea_asia,S1A,3,3,18,121.669921875,-4.944996758204803,2022-08-16 21:35:56+00:00,120_-30,all_sea_asia,trainval
S1A_IW_GRDH_1SDV_20220816T231159_20220816T231224_044584_055250_74C6,sea_asia,S1A,16,14,22,98.426513671875,5.222069882981092,2022-08-16 23:11:59+00:00,90_0,all_sea_asia,trainval
S1A_IW_GRDH_1SDV_20220818T172732_20220818T172757_044610_05532E_3A61,other,S1A,93,34,44,4.433278729838706,59.9153146532447,2022-08-18 17:27:32+00:00,0_30,stratified_other,trainval
S1A_IW_GRDH_1SDV_20220819T215438_20220819T215503_044627_0553CD_9BD0,sea_asia,S1A,2,1,1,118.91601562500001,17.601046179192846,2022-08-19 21:54:38+00:00,90_0,all_sea_asia,trainval
S1A_IW_GRDH_1SDV_20220820T071619_20220820T071648_044633_0553F3_19E2,other,S1A,1,1,1,156.44531249999997,51.45400691005982,2022-08-20 07:16:19+00:00,150_30,stratified_other,trainval
S1A_IW_GRDH_1SDV_20220820T101829_20220820T101854_044634_055406_7C4E,sea_asia,S1A,4,3,8,121.0693359375,-3.491382652782948,2022-08-20 10:18:29+00:00,120_-30,all_sea_asia,trainval
S1A_IW_GRDH_1SDV_20220820T102529_20220820T102558_044635_055407_8D1B,sea_asia,S1A,104,75,380,114.8882587139423,21.96558129324777,2022-08-20 10:25:29+00:00,90_0,all_sea_asia,trainval
S1A_IW_GRDH_1SDV_20220821T160540_20220821T160605_044653_0554A9_6911,other,S1A,13,9,33,29.68674879807692,31.324179767668934,2022-08-21 16:05:40+00:00,0_30,stratified_other,trainval
S1A_IW_GRDH_1SDV_20220821T214157_20220821T214222_044656_0554C5_912F,sea_asia,S1A,1,0,0,119.53125000000001,3.2502085616531815,2022-08-21 21:41:57+00:00,90_0,all_sea_asia,trainval
S1A_IW_GRDH_1SDV_20220821T214452_20220821T214517_044656_0554C5_4CBE,sea_asia,S1A,5,5,5,118.125,-6.629462584566379,2022-08-21 21:44:52+00:00,90_-30,all_sea_asia,test
S1A_IW_GRDH_1SDV_20220821T224139_20220821T224204_044657_0554CA_92F0,other,S1A,1,1,1,-71.19140625,35.675147436084664,2022-08-21 22:41:39+00:00,-90_30,stratified_other,trainval
S1A_IW_GRDH_1SDV_20220821T231804_20220821T231829_044657_0554CB_B430,sea_asia,S1A,4,2,3,98.54736328125,12.447295087597913,2022-08-21 23:18:04+00:00,90_0,all_sea_asia,trainval
S1A_IW_GRDH_1SDV_20220821T231854_20220821T231919_044657_0554CB_FC27,sea_asia,S1A,2,1,6,98.52539062499999,9.925563050988021,2022-08-21 23:18:54+00:00,90_0,all_sea_asia,trainval
S1A_IW_GRDH_1SDV_20220822T114056_20220822T114125_044664_055500_76FB,sea_asia,S1A,1,1,1,100.546875,-2.284550660236967,2022-08-22 11:40:56+00:00,90_-30,all_sea_asia,trainval
S1A_IW_GRDH_1SDV_20220823T013449_20220823T013512_044673_055545_AA2F,other,S1A,2,1,1,65.5224609375,24.766681952052647,2022-08-23 01:34:49+00:00,60_0,stratified_other,trainval
S1A_IW_GRDH_1SDV_20220823T104956_20220823T105021_044679_055580_8EDD,sea_asia,S1A,120,105,712,109.35205078125,20.84040655071532,2022-08-23 10:49:56+00:00,90_0,all_sea_asia,trainval
S1A_IW_GRDH_1SDV_20220823T212529_20220823T212554_044685_0555C0_E5C6,sea_asia,S1A,1,0,0,124.80468749999996,2.7235830833483834,2022-08-23 21:25:29+00:00,120_0,all_sea_asia,trainval
S1A_IW_GRDH_1SDV_20220824T112810_20220824T112835_044694_055605_5778,sea_asia,S1A,5,3,4,101.3203125,10.53922047686844,2022-08-24 11:28:10+00:00,90_0,all_sea_asia,trainval
S1A_IW_GRDH_1SDV_20220824T112900_20220824T112925_044694_055605_B87A,sea_asia,S1A,32,29,189,100.73089599609375,13.006924602710743,2022-08-24 11:29:00+00:00,90_0,all_sea_asia,trainval
S1A_IW_GRDH_1SDV_20220825T102636_20220825T102701_044707_055676_691A,sea_asia,S1A,4,4,5,117.97119140625,-3.973815301563933,2022-08-25 10:26:36+00:00,90_-30,all_sea_asia,trainval
S1A_IW_GRDH_1SDV_20220826T215008_20220826T215033_044729_055738_66CC,sea_asia,S1A,1,1,1,119.35546874999999,3.162455530237866,2022-08-26 21:50:08+00:00,90_0,all_sea_asia,trainval
S1A_IW_GRDH_1SDV_20220826T215238_20220826T215303_044729_055738_FC2D,sea_asia,S1A,2,1,4,117.333984375,-4.95954390053977,2022-08-26 21:52:38+00:00,90_-30,all_sea_asia,trainval
S1A_IW_GRDH_1SDV_20220827T115015_20220827T115044_044737_055779_79C6,sea_asia,S1A,1,1,1,95.97656249999999,0.7909904981540163,2022-08-27 11:50:15+00:00,90_0,all_sea_asia,trainval
S1A_IW_GRDH_1SDV_20220828T213236_20220828T213301_044758_055835_F08C,sea_asia,S1A,1,0,0,124.18945312499999,8.32021228952295,2022-08-28 21:32:36+00:00,120_0,all_sea_asia,trainval
S1A_IW_GRDH_1SDV_20220828T213351_20220828T213416_044758_055835_46F2,sea_asia,S1A,1,1,1,122.87109375000001,2.9869273933348555,2022-08-28 21:33:51+00:00,120_0,all_sea_asia,test
S1A_IW_GRDH_1SDV_20220828T231020_20220828T231045_044759_05583B_E2A5,sea_asia,S1A,5,4,4,100.72265625,11.764109393948548,2022-08-28 23:10:20+00:00,90_0,all_sea_asia,test
S1A_IW_GRDH_1SDV_20220829T035658_20220829T035723_044762_055850_974E,other,S1A,3,2,4,32.34375000000001,46.67952717304345,2022-08-29 03:56:58+00:00,30_30,stratified_other,trainval
S1A_IW_GRDH_1SDV_20220829T202451_20220829T202520_044772_0558B3_0488,other,S1A,7,6,10,146.52622767857142,43.90671366135546,2022-08-29 20:24:51+00:00,120_30,stratified_other,trainval
S1A_IW_GRDH_1SDV_20220830T104126_20220830T104155_044781_0558F8_04F3,sea_asia,S1A,8,7,12,111.873779296875,20.03432259840833,2022-08-30 10:41:26+00:00,90_0,all_sea_asia,trainval
S1A_IW_GRDH_1SDV_20220830T225519_20220830T225548_044788_05593E_0F35,sea_asia,S1A,4,3,9,103.24951171875,6.052955032588232,2022-08-30 22:55:19+00:00,90_0,all_sea_asia,trainval
S1B_IW_GRDH_1SDV_20211108T100037_20211108T100106_029495_038527_DB63,sea_asia,S1B,3,3,6,120.90634346008301,24.037430855645145,2021-11-08 10:00:37+00:00,120_0,all_sea_asia,test
S1B_IW_GRDH_1SDV_20211108T180927_20211108T180952_029500_038554_2A06,other,S1B,17,8,66,1.7248838088091654,6.008047486224638,2021-11-08 18:09:27+00:00,0_0,stratified_other,trainval
S1B_IW_GRDH_1SDV_20211110T215142_20211110T215211_029531_03864B_5A52,sea_asia,S1B,2,2,5,120.23004055023193,24.786189076295194,2021-11-10 21:51:42+00:00,120_0,all_sea_asia,trainval
S1B_IW_GRDH_1SDV_20211110T215211_20211110T215228_029531_03864B_38A5,sea_asia,S1B,2,1,6,120.06640434265137,23.622113921997297,2021-11-10 21:52:11+00:00,120_0,all_sea_asia,trainval
S1B_IW_GRDH_1SDV_20211120T100106_20211120T100123_029670_038A85_AE74,sea_asia,S1B,1,1,1,120.30355453491211,25.32377861236945,2021-11-20 10:01:06+00:00,120_0,all_sea_asia,trainval
S1B_IW_GRDH_1SDV_20211122T215142_20211122T215211_029706_038BB6_CC7C,sea_asia,S1B,1,1,1,119.94864463806154,25.07697003653479,2021-11-22 21:51:42+00:00,90_0,all_sea_asia,test
S1B_IW_GRDH_1SDV_20211122T215211_20211122T215228_029706_038BB6_FAE9,sea_asia,S1B,1,1,2,119.9868392944336,23.550297204298996,2021-11-22 21:52:11+00:00,90_0,all_sea_asia,trainval
