epoch,train_loss,val_loss,val_ap,val_auc,lr,elapsed_s
1,0.39157491028308866,0.23345433175563812,0.7824687926925501,0.9612677964815575,0.00015268256707891964,89.4
2,0.2076140827536583,0.1807079017162323,0.8640387532484496,0.9804528338191076,0.0004378245978011152,197.9
3,0.16026645404100417,0.14446541666984558,0.8444054832841035,0.9824758772732138,0.000761548858817115,300.9
4,0.14359485474228859,0.14938823878765106,0.8447427276172412,0.9806991085329616,0.0009718633469727147,404.3
5,0.13999752339720725,0.13821949064731598,0.8497038634790611,0.9839382815919305,0.0009990210887554163,498.0
6,0.14178807777166366,0.11303438246250153,0.8845041769127777,0.9858468259356067,0.0009913957940072516,611.7
7,0.12931430679559708,0.09905857592821121,0.8668764369396454,0.9854725019207395,0.0009763214702411894,717.0
8,0.13008005237579345,0.10698758065700531,0.8806644519598393,0.9862861908652746,0.0009540266288396036,827.2
9,0.13300249269604683,0.14018332958221436,0.8919954385603457,0.9874467646887454,0.0009248492368720325,986.7
10,0.1261906207203865,0.10903318226337433,0.872442262837223,0.9861388325426796,0.0008892315938589085,1124.5
11,0.123826379686594,0.09468263387680054,0.869169335617783,0.9864369367355152,0.0008477136269616847,1285.2
12,0.12240991351008415,0.13598868250846863,0.8686451955089153,0.986037206113304,0.0008009247062374376,1409.2
13,0.1203003143966198,0.1050296276807785,0.8918729098568062,0.9879467667212739,0.0007495741040303474,1501.3
14,0.12100028863549232,0.12772729992866516,0.8843399794276491,0.98742864130884,0.0006944402431259517,1588.1
15,0.12013007125258446,0.13728900253772736,0.8964645733521239,0.9880927700248103,0.0006363588966551984,1678.8
16,0.11546978929638863,0.0910961776971817,0.9017131547427022,0.988726918944115,0.000576210518625719,1769.0
17,0.1087818905711174,0.10750164091587067,0.9053923261677815,0.9885517827308241,0.0005149068971365603,1857.9
18,0.11211644822359085,0.12292511016130447,0.8990651574521793,0.9884250884488691,0.000453377332600027,1949.1
19,0.1086281932145357,0.11689155548810959,0.8986685334908497,0.9874125504575222,0.00039255455049470796,2043.2
20,0.10754023566842079,0.10811487585306168,0.8962894776538005,0.9882065916257112,0.0003333605621979902,2129.7
21,0.11062589174509048,0.1354529708623886,0.8905370591482855,0.9878966310161152,0.0002766926882334225,2220.8
22,0.1016982421875,0.11017480492591858,0.8962104910544919,0.9880903987414583,0.00022340995580625783,2310.6
23,0.10876380196213722,0.10060881823301315,0.8997602954445696,0.9881808462636026,0.00017432007682666485,2397.4
