openalex_id,display_name,issn_l,issns,host_organization_name,type,is_oa,is_in_doaj,is_in_doaj_since_year,apc_usd,apc_prices_json,apc_usd_by_year_json,h_index,two_year_mean_citedness,works_count,cited_by_count,homepage_url,updated_date,snapshot_date
S101949793,Sensors,1424-8220,1424-8220,Multidisciplinary Digital Publishing Institute,journal,True,True,2001,3137,"[{""price"":2600,""currency"":""CHF""}]","[{""year"":2025,""price"":3137},{""year"":2024,""price"":2955},{""year"":2023,""price"":2669},{""year"":2022,""price"":2513},{""year"":2021,""price"":2376},{""year"":2020,""price"":2112},{""year"":2019,""price"":1824}]",338,5.5556,81639,1968538,http://www.mdpi.com/journal/sensors,2026-09-23,2026-09-23
S103284624,Fish and Fisheries,1467-2960,1467-2960;1467-2979,Wiley,journal,False,False,,5000,"[{""price"":5000,""currency"":""USD""},{""price"":4150,""currency"":""EUR""},{""price"":3300,""currency"":""GBP""}]","[{""year"":2025,""price"":5000},{""year"":2024,""price"":4760},{""year"":2023,""price"":4530},{""year"":2022,""price"":4400},{""year"":2021,""price"":4300},{""year"":2020,""price"":4300},{""year"":2019,""price"":4300}]",172,4.7373,1739,110469,https://onlinelibrary.wiley.com/journal/14672979,2026-09-23,2026-09-23
S111326731,IEEE Transactions on Geoscience and Remote Sensing,0196-2892,0196-2892;1558-0644,Institute of Electrical and Electronics Engineers,journal,False,False,,2645,"[{""price"":2645,""currency"":""USD""}]","[{""year"":2025,""price"":2645},{""year"":2024,""price"":2495},{""year"":2023,""price"":2345},{""year"":2022,""price"":2195},{""year"":2021,""price"":2045},{""year"":2020,""price"":2045},{""year"":2019,""price"":2045}]",387,7.6751,27515,1226977,http://ieeexplore.ieee.org/servlet/opac?punumber=36,2026-09-23,2026-09-23
S117411352,International Journal of Remote Sensing,0143-1161,0143-1161;1366-5901,Taylor & Francis,journal,False,False,,,,,267,2.7751,15006,599422,https://www.tandfonline.com/toc/tres20/current,2026-09-23,2026-09-23
S117727964,IEEE Journal of Selected Topics in Applied Earth Observations and Remote Sensing,1939-1404,1939-1404;2151-1535,Institute of Electrical and Electronics Engineers,journal,True,True,2020,1800,"[{""price"":1800,""currency"":""USD""}]","[{""year"":2025,""price"":1800},{""year"":2024,""price"":1496},{""year"":2023,""price"":1250},{""year"":2022,""price"":1750},{""year"":2021,""price"":1750},{""year"":2020,""price"":1750},{""year"":2019,""price"":1750}]",165,5.1338,12692,274337,https://ieeexplore.ieee.org/xpl/RecentIssue.jsp?punumber=4609443,2026-09-23,2026-09-23
S126920919,IEEE Geoscience and Remote Sensing Letters,1545-598X,1545-598X;1558-0571,Institute of Electrical and Electronics Engineers,journal,False,False,,2645,"[{""price"":2645,""currency"":""USD""}]","[{""year"":2025,""price"":2645},{""year"":2024,""price"":2495},{""year"":2023,""price"":2345},{""year"":2022,""price"":2195},{""year"":2021,""price"":2045},{""year"":2020,""price"":2045}]",179,4.0935,11955,294198,http://ieeexplore.ieee.org/servlet/opac?punumber=8859,2026-09-23,2026-09-23
S141808269,Remote Sensing of Environment,0034-4257,0034-4257;1879-0704,Elsevier BV,journal,False,False,,4450,"[{""price"":4450,""currency"":""USD""},{""price"":4160,""currency"":""EUR""},{""price"":3560,""currency"":""GBP""},{""price"":551930,""currency"":""JPY""}]","[{""year"":2025,""price"":4450},{""year"":2024,""price"":4230},{""year"":2023,""price"":4070},{""year"":2022,""price"":4070},{""year"":2021,""price"":3800},{""year"":2020,""price"":3800},{""year"":2019,""price"":3800}]",458,11.5448,12078,1388588,https://www.journals.elsevier.com/remote-sensing-of-environment,2026-09-23,2026-09-23
S173339282,ISPRS Journal of Photogrammetry and Remote Sensing,0924-2716,0924-2716;1872-8235,Elsevier BV,journal,False,False,,3310,"[{""price"":3310,""currency"":""USD""},{""price"":3100,""currency"":""EUR""},{""price"":2650,""currency"":""GBP""},{""price"":410540,""currency"":""JPY""}]","[{""year"":2025,""price"":3310},{""year"":2024,""price"":3310},{""year"":2023,""price"":3310},{""year"":2022,""price"":2880},{""year"":2021,""price"":2500},{""year"":2020,""price"":2500},{""year"":2019,""price"":2500}]",236,10.7382,5123,334733,https://www.journals.elsevier.com/isprs-journal-of-photogrammetry-and-remote-sensing,2026-09-23,2026-09-23
S193624734,IEEE Transactions on Aerospace and Electronic Systems,0018-9251,0018-9251;1557-9603;2371-9877,Institute of Electrical and Electronics Engineers,journal,False,False,,2645,"[{""price"":2645,""currency"":""USD""}]","[{""year"":2025,""price"":2645},{""year"":2024,""price"":2495},{""year"":2023,""price"":2345},{""year"":2022,""price"":2195},{""year"":2021,""price"":2045},{""year"":2020,""price"":2045},{""year"":2019,""price"":2045}]",228,4.8469,14918,395281,http://ieeexplore.ieee.org/xpl/mostRecentIssue.jsp?punumber=7,2026-09-23,2026-09-23
S200038611,ICES Journal of Marine Science,1054-3139,1054-3139;1095-9289,Oxford University Press,journal,True,True,2023,3686,"[{""price"":2795,""currency"":""GBP""}]","[{""year"":2025,""price"":3686},{""year"":2024,""price"":3751},{""year"":2023,""price"":3277},{""year"":2022,""price"":3260},{""year"":2021,""price"":3708}]",184,3.0209,10139,315073,http://icesjms.oxfordjournals.org,2026-09-23,2026-09-23
S20111203,Fisheries Research,0165-7836,0165-7836;1872-6763,Elsevier BV,journal,False,False,,3680,"[{""price"":3680,""currency"":""USD""},{""price"":3440,""currency"":""EUR""},{""price"":2950,""currency"":""GBP""},{""price"":456430,""currency"":""JPY""}]","[{""year"":2025,""price"":3680},{""year"":2024,""price"":3570},{""year"":2023,""price"":3570},{""year"":2022,""price"":3190},{""year"":2021,""price"":3100},{""year"":2020,""price"":3250},{""year"":2019,""price"":3250}]",146,2.4596,8158,224287,https://www.journals.elsevier.com/fisheries-research,2026-09-23,2026-09-23
S2485537415,IEEE Access,2169-3536,2169-3536,Institute of Electrical and Electronics Engineers,journal,True,True,2013,2075,"[{""price"":2075,""currency"":""USD""}]","[{""year"":2025,""price"":2075},{""year"":2024,""price"":1995},{""year"":2023,""price"":1950},{""year"":2022,""price"":1850},{""year"":2021,""price"":1750},{""year"":2020,""price"":1750},{""year"":2019,""price"":1750}]",375,6.3106,112421,2619322,http://ieeexplore.ieee.org/servlet/opac?punumber=6287639,2026-09-23,2026-09-23
S2494614724,Remote Sensing Letters,2150-704X,2150-704X;2150-7058,Taylor & Francis,journal,False,False,,,,,71,1.6000,1916,31214,https://www.tandfonline.com/toc/trsl20/current,2026-09-23,2026-09-23
S2596539584,Frontiers in Marine Science,2296-7745,2296-7745,Frontiers Media,journal,True,True,2014,3801,"[{""price"":3150,""currency"":""CHF""}]","[{""year"":2025,""price"":3801},{""year"":2024,""price"":3295},{""year"":2023,""price"":3295},{""year"":2022,""price"":2950},{""year"":2021,""price"":2950},{""year"":2020,""price"":2950},{""year"":2019,""price"":2490}]",167,3.8068,16212,299808,http://www.frontiersin.org/Marine_Science,2026-09-23,2026-09-23
S2736865057,Journal of Marine Science and Engineering,2077-1312,2077-1312,Multidisciplinary Digital Publishing Institute,journal,True,True,2013,3137,"[{""price"":2600,""currency"":""CHF""}]","[{""year"":2025,""price"":3137},{""year"":2024,""price"":2955},{""year"":2023,""price"":2447},{""year"":2022,""price"":2094},{""year"":2021,""price"":1944},{""year"":2020,""price"":1479},{""year"":2019,""price"":1216}]",93,3.7208,14389,148416,http://www.mdpi.com/journal/jmse,2026-09-23,2026-09-23
S2737427234,Science Advances,2375-2548,2375-2548,American Association for the Advancement of Science,journal,True,True,2015,4500,"[{""price"":4500,""currency"":""USD""}]",,381,12.9515,20374,1315372,https://www.science.org/journal/sciadv,2026-09-23,2026-09-23
S4210173871,Science of Remote Sensing,2666-0172,2666-0172,Elsevier BV,journal,True,True,2020,2180,"[{""price"":2180,""currency"":""USD""},{""price"":2040,""currency"":""EUR""},{""price"":1750,""currency"":""GBP""},{""price"":270390,""currency"":""JPY""}]","[{""year"":2025,""price"":2180},{""year"":2024,""price"":1750},{""year"":2023,""price"":1750},{""year"":2022,""price"":1750},{""year"":2021,""price"":1750},{""year"":2020,""price"":875}]",35,4.0967,506,6274,https://www.journals.elsevier.com/science-of-remote-sensing,2026-09-23,2026-09-23
S4210179989,International Journal of Applied Earth Observation and Geoinformation,0303-2434,0303-2434;1569-8432;1872-826X,Elsevier BV,journal,True,True,2020,3550,"[{""price"":3550,""currency"":""USD""},{""price"":3320,""currency"":""EUR""},{""price"":2840,""currency"":""GBP""},{""price"":440310,""currency"":""JPY""}]","[{""year"":2025,""price"":3550},{""year"":2024,""price"":2820},{""year"":2023,""price"":2400},{""year"":2022,""price"":2250},{""year"":2021,""price"":2250},{""year"":2020,""price"":3400},{""year"":2019,""price"":3400}]",169,5.3798,5716,202393,,2026-09-23,2026-09-23
S4306400194,arXiv (Cornell University),2331-8422,2331-8422,Cornell University,repository,True,False,,,,,673,0.1715,3241411,6929900,https://arxiv.org,2026-09-23,2026-09-23
S4306400562,Zenodo (CERN European Organization for Nuclear Research),,,European Organization for Nuclear Research,repository,True,False,,,,,205,0.0304,12888663,1023883,https://zenodo.org,2026-09-23,2026-09-23
S4306401280,DOAJ (DOAJ: Directory of Open Access Journals),,,,repository,False,False,,,,,219,0.0727,2286638,1874154,https://doaj.org,2026-09-23,2026-09-23
S4306419991,International Geoscience and Remote Sensing Symposium,,,,conference,False,False,,,,,13,0.0000,432,832,,2026-09-12,2026-09-23
S43295729,Remote Sensing,2072-4292,2072-4292,Multidisciplinary Digital Publishing Institute,journal,True,True,2009,3258,"[{""price"":2700,""currency"":""CHF""}]","[{""year"":2025,""price"":3258},{""year"":2024,""price"":3069},{""year"":2023,""price"":2780},{""year"":2022,""price"":2618},{""year"":2021,""price"":2592},{""year"":2020,""price"":2324},{""year"":2019,""price"":1824}]",277,5.0730,43493,1157109,http://www.mdpi.com/journal/remotesensing,2026-09-23,2026-09-23
S4363604196,IGARSS 2022 - 2022 IEEE International Geoscience and Remote Sensing Symposium,,,,conference,False,False,,,,,21,0.0000,1944,6125,,2026-09-23,2026-09-23
S4377196266,elib (German Aerospace Center),,,Deutsches Zentrum für Luft- und Raumfahrt e. V. (DLR),repository,False,False,,,,,82,0.0337,101119,102601,,2026-09-23,2026-09-23
S4404663355,IET conference proceedings.,2732-4494,2732-4494,Institution of Engineering and Technology,journal,False,False,,,,,21,0.2929,21203,15181,https://digital-library.theiet.org/journals/conference-proceedings,2026-09-23,2026-09-23
S56205983,Marine Policy,0308-597X,0308-597X;1872-9460,Elsevier BV,journal,False,False,,4260,"[{""price"":4260,""currency"":""USD""},{""price"":3990,""currency"":""EUR""},{""price"":3410,""currency"":""GBP""},{""price"":528370,""currency"":""JPY""}]","[{""year"":2025,""price"":4260},{""year"":2024,""price"":4020},{""year"":2023,""price"":3860},{""year"":2022,""price"":3750},{""year"":2021,""price"":3310},{""year"":2020,""price"":2500},{""year"":2019,""price"":2500}]",166,4.7396,8166,232295,https://www.journals.elsevier.com/marine-policy,2026-09-23,2026-09-23
S64187185,Nature Communications,2041-1723,2041-1723,Nature Portfolio,journal,True,True,2015,6990,"[{""price"":6990,""currency"":""USD""},{""price"":5890,""currency"":""EUR""},{""price"":5290,""currency"":""GBP""}]","[{""year"":2025,""price"":6990},{""year"":2024,""price"":6790},{""year"":2023,""price"":6290},{""year"":2022,""price"":5890},{""year"":2021,""price"":5560},{""year"":2020,""price"":5380},{""year"":2019,""price"":5200}]",755,17.7719,92847,7856075,http://www.nature.com/ncomms/index.html,2026-09-23,2026-09-23
S8178725,Ocean & Coastal Management,0964-5691,0964-5691;1873-524X,Elsevier BV,journal,False,False,,4350,"[{""price"":4350,""currency"":""USD""},{""price"":4070,""currency"":""EUR""},{""price"":3480,""currency"":""GBP""},{""price"":539530,""currency"":""JPY""}]","[{""year"":2025,""price"":4350},{""year"":2024,""price"":4040},{""year"":2023,""price"":3640},{""year"":2022,""price"":3300},{""year"":2021,""price"":3200},{""year"":2020,""price"":3330},{""year"":2019,""price"":3700}]",146,5.9902,6280,184885,https://www.journals.elsevier.com/ocean-and-coastal-management,2026-09-23,2026-09-23
