key,venue,type,issn_print,issn_online,openalex_ids
rse,Remote Sensing of Environment,journal,0034-4257,1879-0704,S141808269
faf,Fish and Fisheries,journal,1467-2960,1467-2979,S103284624
grsl,IEEE Geoscience and Remote Sensing Letters,journal,1545-598X,1558-0571,S126920919
tgrs,IEEE Transactions on Geoscience and Remote Sensing,journal,0196-2892,1558-0644,S111326731
jstars,IEEE Journal of Selected Topics in Applied Earth Observations and Remote Sensing,journal,1939-1404,2151-1535,S117727964
rs,Remote Sensing (MDPI),journal,,2072-4292,S43295729
igarss,IGARSS proceedings (IEEE International Geoscience and Remote Sensing Symposium),proceedings,2153-6996,2153-7003,S4306419991;S4363604196
isprs,ISPRS Journal of Photogrammetry and Remote Sensing,journal,0924-2716,1872-8235,S173339282
jag,International Journal of Applied Earth Observation and Geoinformation,journal,1569-8432 (OpenAlex ISSN-L 0303-2434),1872-826X,S4210179989
rsl,Remote Sensing Letters,journal,2150-704X,2150-7058,S2494614724
ijrs,International Journal of Remote Sensing,journal,0143-1161,1366-5901,S117411352
srs,Science of Remote Sensing,journal,,2666-0172,S4210173871
marpol,Marine Policy,journal,0308-597X,1872-9460,S56205983
fms,Frontiers in Marine Science,journal,,2296-7745,S2596539584
icesjms,ICES Journal of Marine Science,journal,1054-3139,1095-9289,S200038611
fishres,Fisheries Research,journal,0165-7836,1872-6763,S20111203
ocm,Ocean and Coastal Management,journal,0964-5691,1873-524X,S8178725
sciadv,Science Advances,journal,,2375-2548,S2737427234
natcomm,Nature Communications,journal,,2041-1723,S64187185
access,IEEE Access,journal,,2169-3536,S2485537415
sensors,Sensors,journal,,1424-8220,S101949793
jmse,Journal of Marine Science and Engineering,journal,,2077-1312,S2736865057
