id,section,name,what_it_gives,spatial_temporal_coverage,latency,license_or_cost,commercial_use_allowed,verification_status,source
A01,A SAR imagery,Sentinel-1 GRD on AWS Open Data (bucket sentinel-s1-l1c),"Sentinel-1 Level-1 GRD (IW, EW, SM) as Cloud-Optimized GeoTIFFs; anonymous HTTPS and range reads; static STAC items in bucket sentinel-s1-l1c-stac; SNS topic for new scenes. This is the imagery source the repo uses now (scripts/02_search_scenes.py).","Global, 2014 to 2026-10, includes S1C and S1D. Measurement TIFFs are COGs (1024 px deflate tiles, overviews, 210 GCPs). Ca Mau AOI (103.5-106.0E, 7.5-9.8N), 4 Jul to 2 Oct 2026: 50 IW GRD scenes, all S1D, none S1C; 30 ascending, 20 descending; relative orbits 18, 26, 91, 99; median revisit 4 days. Gulf of Tonkin AOI (105.6-108.2E, 19.0-21.6N), same window, bounding-box overlap: 78 scenes (67 S1D, 11 S1C); each S1C scene overlaps at most 0.3% of the AOI; S1D median overlap 13%, best 44%; 40 S1D scenes overlap 5% or more, on 16 dates (median gap 5 days, maximum 12). Whole bucket on 2026-09-28: 433 S1C and 540 S1D IW GRD products, so the S1C gap over both AOIs is not an ingestion gap. Last S1A day in the bucket: 2026-06-29. Wider South China Sea AOI: see docs/scs_regional.md (repo, other agent: 835 S1D and 207 S1C IW products, 90 days; not recomputed here).","Measured on 20 scenes (29 Aug to 29 Sep 2026): 2.1 to 8.2 h, median 3.5 h, from sensing stop to the S3 LastModified time of the product files. Registry text: added usually within a few hours of availability at Copernicus.","Free; not requester-pays (registry). Terms: Copernicus Sentinel Data Legal Notice, 'free, full and open' (permitted uses: reproduction, distribution, communication to the public, adaptation; VERIFIED-SECONDARY via a GitHub copy of the notice). Credit line 'Copernicus Sentinel data [year]'. Third-party mirror managed by Element 84 (registry), so keep CDSE as the official fallback.",Yes (CDSE docs: Sentinel data are free of charge to all users including commercial users),VERIFIED (direct S3 listing and range reads on 2026-10-02; AWS registry YAML; latency measured from S3 timestamps; Ca Mau search with scripts/02_search_scenes.py; Gulf of Tonkin search with a scratch replica of the same logic that reproduces the Ca Mau result exactly).,"https://sentinel-s1-l1c.s3.amazonaws.com/ ; https://sentinel-s1-l1c-stac.s3.amazonaws.com/ ; https://github.com/awslabs/open-data-registry/blob/main/datasets/sentinel-1.yaml ; https://github.com/eu-cdse/documentation/blob/publish/Data/SentinelMissions/Sentinel1.qmd ; repo files data/s1_scenes.csv, data/s1_search_summary.json, docs/scs_regional.md"
A02,A SAR imagery,"Copernicus Data Space Ecosystem (CDSE), Sentinel-1","Official ESA/EU access to Sentinel-1 L0, GRD, GRD-COG, SLC, OCN, precise orbits and mosaics; on-demand RTC backscatter (CARD-BS) and coherence; through S3 (eodata), OData, STAC, openEO and Sentinel Hub.",Global archive. The docs repo shows an S1C IW SLC product dated 2025-08-29 under /eodata. Sentinel-1D availability in STAC: see status.,Not stated in the documentation repo (UNKNOWN).,"Free account; S3 keys needed. Free-tier quotas for general users (S3, OData, STAC): 12 TB per 30 days of transfer, 4 concurrent connections, 20 MB/s per connection; Sentinel Hub 10,000 requests per month. More quota on paid commercial plans through CREODIAS. FAQ: no difference between EU and non-EU users. Credit line 'Copernicus Sentinel data [year]'.",Yes (docs: data are free of charge to all users including commercial users; large volumes need paid quota),"VERIFIED (cloned docs repo eu-cdse/documentation, commit a73e234 of 2026-10-01: Data/SentinelMissions/Sentinel1.qmd, Quotas.qmd, FAQ.qmd, APIs/S3.qmd, APIs/Subscriptions.qmd). The live APIs are blocked from this environment (session fact). UNVERIFIED (search snippet): a CDSE forum reply that the initial S1D dataset is in STAC and the rest follows after the OpenSearch backend switch at the end of Q2 2026.",https://github.com/eu-cdse/documentation ; https://github.com/eu-cdse/documentation/blob/publish/Quotas.qmd ; https://github.com/eu-cdse/documentation/blob/publish/FAQ.qmd ; https://forum.dataspace.copernicus.eu/t/when-will-sentinel-1d-be-available-in-stac-and-when-will-grd-be-released/4927
A03,A SAR imagery,ASF DAAC (NASA Alaska Satellite Facility),"Archive and search (Vertex, Search API, asf_search) for Sentinel-1, NISAR, ALOS PALSAR and other SAR missions.","Global. The asf-search 14.0.3 source defines platforms Sentinel-1A, 1B, 1C and 1D, and a NISAR dataset with maturity levels BETA, PROVISIONAL and VALIDATED.",UNKNOWN.,Free; a NASA Earthdata Login is needed for downloads (UNVERIFIED).,Yes for Sentinel-1 (Copernicus terms); other missions follow their own terms,"VERIFIED (PyPI JSON for asf-search 14.0.3, uploaded 2026-09-24; source of asfadmin/Discovery-asf_search, commit 0a31fbb of 2026-09-24). UNVERIFIED (search snippet): ASF notices that S1C and S1D are downloadable; Earthdata Login requirement.",https://pypi.org/pypi/asf-search/json ; https://github.com/asfadmin/Discovery-asf_search ; https://asf.alaska.edu/notices/sentinel-1d-data-are-available-for-download-at-asf-daac/
A04,A SAR imagery,"Google Earth Engine, collection COPERNICUS/S1_GRD",Sentinel-1 GRD with server-side processing.,The catalog source (commit of 2026-09-28) lists platforms Sentinel-1A and Sentinel-1B only; whether S1C and S1D are ingested is UNKNOWN. Not sovereign (US cloud service).,UNKNOWN.,"Data terms: Copernicus Legal Notice (catalog entry). Service: no additional cost for nonprofit, research and other noncommercial projects (pricing page). Paid plans: Limited (individual and SMB, usage fees only), Basic USD 500 per month, Professional USD 2,000 per month, Premium by quote; compute USD 0.40 per EECU-hour up to 10,000 h, 0.28 up to 500,000 h, 0.16 above; storage USD 0.000035616 per GiB-hour. The rule that unpaid commercial or operational use breaches the terms is UNVERIFIED.","Yes, with conditions (data: yes; the service only on a paid plan for commercial use)","VERIFIED (cloned google/earthengine-catalog, commit a16446d, catalog/COPERNICUS/COPERNICUS_S1_GRD.jsonnet; pricing page fetched from cloud.google.com on 2026-10-02). UNVERIFIED (search snippet): the rule that commercial or operational use needs a paid plan.",https://github.com/google/earthengine-catalog/blob/main/catalog/COPERNICUS/COPERNICUS_S1_GRD.jsonnet ; https://cloud.google.com/earth-engine/pricing ; https://developers.google.com/earth-engine/guides/transition_to_commercial
A05,A SAR imagery,"Microsoft Planetary Computer, collection sentinel-1-grd",Sentinel-1 GRD on Azure with a STAC API.,STAC API blocked from this environment (session fact; not a statement about the service). The collection template links the Sentinel Data Legal Notice. S1C and S1D ingestion UNKNOWN. The ingest image tag 2026.01.12 shows the pipeline was maintained in 2026.,UNKNOWN.,Copernicus Legal Notice (collection template).,Yes (same Copernicus terms for the data),VERIFIED (planetary-computer-tasks repo: datasets/sentinel-1-grd/collection/template.json and dataset.yaml). UNVERIFIED (search snippet): the Hub was retired on 6 June 2024 while the STAC API and data remain.,https://github.com/microsoft/planetary-computer-tasks/tree/main/datasets/sentinel-1-grd ; https://github.com/microsoft/PlanetaryComputer/discussions/347
A06,A SAR imagery,Sentinel-1 SLC for South and Southeast Asia (AWS bucket sentinel1-slc-seasia-pds),"Unzipped IW SLC scenes for South and Southeast Asia, Taiwan, Korea and Japan, run by the Earth Observatory of Singapore (NTU).",Bucket listing shows years 2014 to 2024; the last day present is 2024-04-04 (Sentinel-1A). No S1C or S1D. Useful only for historical SLC work.,Not applicable (no new data since April 2024).,Inherits the ESA Sentinel data policy (registry).,Yes (Copernicus terms),VERIFIED (S3 listing on 2026-10-02; registry YAML sentinel1-slc-seasia-pds.yaml).,https://sentinel1-slc-seasia-pds.s3.ap-southeast-1.amazonaws.com/ ; https://github.com/awslabs/open-data-registry/blob/main/datasets/sentinel1-slc-seasia-pds.yaml
A07,A SAR imagery,"NISAR (NASA-ISRO), L-band and S-band",L-band SAR (NASA; products through ASF DAAC) and S-band SAR (ISRO; products through ISRO's Bhoonidhi portal).,Launched 30 July 2025. L-band: BETA products in Feb 2026; initial public release of calibrated PROVISIONAL products on 20 July 2026 for observations from 17 June 2026; first-year record expected by end of 2026. S-band: ISRO releases daily products from cycle 25 (began 8 July 2026). Design: global land and ice at 12-day regularity; coastal-ocean observation is an India-specific objective. Coverage of Vietnamese waters and ship-detection value: UNKNOWN.,Mission data policy: typically within a few hours (UNVERIFIED). Actual ASF latency UNKNOWN.,"Free and open, consistent with the NASA open data policy; Earthdata Login. S-band open data under the Indian Space Policy 2023 (UNVERIFIED).",Unclear (NASA open data policy suggests yes; not confirmed for NISAR; S-band terms unconfirmed),"VERIFIED (asf-search 14.0.3 source: NISAR dataset, product types and data-maturity filter; commit 0a31fbb). UNVERIFIED (search snippet): launch date, release dates, S-band policy, design coverage, latency, licence.",https://github.com/asfadmin/Discovery-asf_search ; https://www.earthdata.nasa.gov/news/now-nisar-launched-heres-what-you-can-expect-from-data ; https://asf.alaska.edu/notices/nisar-l-band-data-now-publicly-available/ ; https://www.earthdata.nasa.gov/news/nisar-l-band-data-released-expanding-record-surface-changes ; https://www.deccanchronicle.com/southern-states/andhra-pradesh/isro-releases-nisar-s-band-sar-data-for-public-access-1974131 ; https://2021.ursi.org/proceedings/procAP19/papers2019/URSIAPRASC2019RosenNISAR.pdf
A08,A SAR imagery,"ALOS-2 PALSAR-2 ScanSAR Level 2.2 (JAXA open data, L-band)","25 m ortho-rectified, radiometrically terrain-corrected, CARD4L-compatible backscatter from the wide-swath ScanSAR mode (350 km swath); mostly HH or HH+HV, rarely VV+VH.","Earth Engine collection JAXA/ALOS/PALSAR-2/Level2_2/ScanSAR: global extent from 2014-08-04 (a land-oriented product; ocean usefulness UNKNOWN). The AWS registry copy (jaxaalos2/palsar2/L2.2/Africa/) covers Africa only. Native ScanSAR resolution of about 100 m, so large ships only (UNVERIFIED).",Open data are released monthly after 42 days of observation (registry text).,"Free, subject to attribution requirements; JAXA G-Portal terms of service section 7 (catalog text; the terms were not read).","Yes, with conditions (attribution; G-Portal terms not read)","VERIFIED (cloned google/earthengine-catalog, catalog/JAXA/JAXA_ALOS_PALSAR-2_Level2_2_ScanSAR.jsonnet; AWS registry YAML jaxa-alos-palsar2-scansar.yaml). UNVERIFIED (search snippet): native resolution of about 100 m and detectability of large ships only.",https://github.com/google/earthengine-catalog/blob/main/catalog/JAXA/JAXA_ALOS_PALSAR-2_Level2_2_ScanSAR.jsonnet ; https://github.com/awslabs/open-data-registry/blob/main/datasets/jaxa-alos-palsar2-scansar.yaml ; https://data.nasa.gov/dataset/alos-2-palsar-2-level-1-scansar-product
A09,A SAR imagery,"ALOS-2 PALSAR-2 StripMap Level 2.1 emergency-observation set (JAXA, L-band)","3 m single-polarisation StripMap scenes released for disaster response after the January 2024 emergency observations in Japan, plus some archive data.","Earth Engine collection extent 2022-09-26 to 2024-01-08, global extent flag but a small set; no operational use for Vietnam.",Not applicable (fixed release).,Free of charge subject to noncommercial use only; JAXA G-Portal terms of service section 7 (catalog text; SPDX CC-BY-NC-SA-4.0).,No (noncommercial only),"VERIFIED (cloned google/earthengine-catalog, catalog/JAXA/JAXA_ALOS_PALSAR-2_Level2_1_StripMap_202401.jsonnet).",https://github.com/google/earthengine-catalog/blob/main/catalog/JAXA/JAXA_ALOS_PALSAR-2_Level2_1_StripMap_202401.jsonnet
A10,A SAR imagery,"ALOS-4 PALSAR-3 (JAXA, L-band, commercial distribution)","L-band SAR launched in July 2024 with 3 m resolution and a 200 km swath; data are distributed by private companies (Synspective, PASCO) and, for online sales until March 2028, Tenchijin.",Coverage of Vietnam UNKNOWN.,UNKNOWN.,Commercial sale; prices not found.,Contract (paid),UNVERIFIED (search snippet) for all statements.,https://synspective.com/data/alos-4-data/ ; https://smallsatnews.com/2025/01/27/pasco-to-provide-data-for-japans-newest-radar-satellite/ ; https://thesun.my/business/corporate-news/tenchijin-selected-as-data-service-provider-of-japan-space-agency-s-advanced-land-observing-satellite-4-alos-4-hg13736089/
A11,A SAR imagery,"RADARSAT Constellation Mission (RCM, Canadian Space Agency)",C-band SAR constellation of three satellites launched 12 June 2019. Open products through EODMS; an analysis-ready 30 m compact-polarization set over Canada on AWS (bucket rcm-ceos-ard).,"AWS set: Canada landmass only, every 12 days. Open 'Public Good' products over foreign waters: 100 m over ocean and 16 m over international land (UNVERIFIED, weak source). Foreign entities can apply for vetted accounts with wider access (UNVERIFIED).",UNKNOWN.,Free of charge to the broadest extent possible; acceptable uses are set by the RCM Public User License Agreement supplied with each product (registry text). The agreement itself could not be read.,Unclear (one snippet says the licence covers commercial use; not confirmed),"VERIFIED (AWS registry YAML rcm-ceos-ard.yaml). UNVERIFIED (search snippet): foreign-water open data, vetted accounts, commercial wording of the licence.",https://github.com/awslabs/open-data-registry/blob/main/datasets/rcm-ceos-ard.yaml ; https://www.asc-csa.gc.ca/eng/satellites/radarsat/access-to-data/public-user-license-agreement.asp ; https://www.asc-csa.gc.ca/eng/satellites/radarsat/access-to-data/about.asp ; https://asc-csa.gc.ca/eng/satellites/radarsat/access-to-data/how-to-become-a-user.asp ; https://wiki.gccollab.ca/Special:MobileDiff/15284
A12,A SAR imagery,ICEYE Open Data (bucket iceye-open-data-catalog),"Curated ICEYE X-band SAR scenes (GRD, SLC, QLK) with a STAC catalog.","557 STAC items, 2023-07-13 to 2026-10-01 (crawled 2026-10-02). Inside the Ca Mau AOI: 0. Inside the Gulf of Tonkin AOI: 1 (2026-08-12, near 107.2E, 20.9N). Inside the wider South China Sea AOI polygon (data/aoi.gpkg): 4.",Frequent additions (registry: new data added frequently); newest item dated 2026-10-01.,CC BY 4.0 (STAC collection field and registry).,"Yes, with conditions (CC BY 4.0, credit required; registry: any purpose, even commercially)",VERIFIED (S3 listing; STAC collection iceye-sar.json license field; registry YAML iceye-opendata.yaml; crawl of all 557 items).,https://iceye-open-data-catalog.s3.amazonaws.com/catalog.json ; https://iceye-open-data-catalog.s3.amazonaws.com/collections/iceye-sar.json ; https://github.com/awslabs/open-data-registry/blob/main/datasets/iceye-opendata.yaml
A13,A SAR imagery,Capella Space Open Data (bucket capella-open-data),"Capella X-band SAR collects (SLC, GEO, GEC, SICD, SIDD, CPHD) in Spotlight, Stripmap and Sliding Spotlight modes, with STAC; includes a maritime use-case subset.","9,999 STAC items (about 2,285 SLC products), 2021-02-06 to 2026-09-09. Inside the Ca Mau AOI: 0. Inside the Gulf of Tonkin AOI: 4 items from one collect (2024-11-24, 105.85E, 21.03N). Inside the wider South China Sea AOI polygon: 103 items from 15 distinct collect locations (repeated collects near 120.8E, 14.6N and 114.1E, 22.3N among them). Maritime use-case subset: 195 items, 2021-02 to 2025-03, none in the two AOIs.",Registry: new data added quarterly; newest item seen is dated 2026-09-09.,CC BY 4.0 (collection license link and registry).,"Yes, with conditions (CC BY 4.0, credit required)","VERIFIED (S3 listing; STAC collection links; registry YAML capella_opendata.yaml; full crawl, checked against catalog link counts on sample days).",https://capella-open-data.s3.amazonaws.com/stac/catalog.json ; https://github.com/awslabs/open-data-registry/blob/main/datasets/capella_opendata.yaml
A14,A SAR imagery,Umbra Open Data (bucket umbra-open-data-catalog),"Umbra X-band spotlight collects (GEC, SICD, SIDD, CPHD) with STAC.","1,556 STAC items, 2024-02-08 to 2025-08-13 (crawled 2026-10-02). Inside the Ca Mau and Gulf of Tonkin AOIs: 0. Inside the wider South China Sea AOI polygon: 32 items, mostly one repeated site at 114.12E, 22.34N.",Registry: new data added frequently; newest item seen is dated 2025-08-13.,CC BY 4.0 (STAC item license field and registry).,"Yes, with conditions (CC BY 4.0, credit required)","VERIFIED (S3 listing; STAC item license field; registry YAML umbra-open-data.yaml; crawl of all 1,556 items).",https://umbra-open-data-catalog.s3.amazonaws.com/stac/catalog.json ; https://github.com/awslabs/open-data-registry/blob/main/datasets/umbra-open-data.yaml
A15,A SAR imagery,"LOTUSat-1 (Vietnam, SAR satellite)","Vietnam's first radar Earth observation satellite, built by NEC under a 2019 agreement between the Vietnam National Space Center (VNSC) and Sumitomo Corporation, funded by a JICA ODA loan; ground system at Hoa Lac.",Not launched. Planned for Feb 2025; postponed after the Epsilon S ground-test failure of 26 Nov 2024. JAXA aims to fly Epsilon S in fiscal 2026; May 2026 reports say Japan aims at a 2027 launch and the Prime Minister asked for launch by 2027. An older launch listing gives 31 Dec 2026 (superseded).,Not applicable.,No data policy found.,Unclear (no data policy found),UNVERIFIED (search snippet) for all statements.,https://vietnamnews.vn/society/1693547/viet-nam-s-first-radar-satellite-lotusat-1-ready-for-orbit.html ; https://news.tuoitre.vn/japan-aims-for-2027-launch-of-vietnams-lotusat-1-earth-observation-satellite-103260504134743019.htm ; https://news.tuoitre.vn/vietnam-premier-urges-closer-coordination-with-japan-to-launch-lotusat-1-satellite-by-2027-103260316170501219.htm ; https://www.nippon.com/en/news/yjj2026020400871 ; https://www.nec.com/en/global/ad/cosmos/lotusat-1/index.html ; https://www.spacelaunchschedule.com/launch/epsilon-s-jv-lotusat-1/
A16,A SAR imagery,Viettel satellite plans (reported),Reported research toward remote-sensing and small dual-use satellites. No operational Viettel satellite or data product was found.,"A Viettel deputy chairman said Viettel is starting research on space technology, beginning with a remote-sensing satellite system. Viettel was reported as tasked by the Ministry of National Defence to research, build and launch small dual-use satellites by 2030. A Viettel R&D centre at Hoa Lac (VND 10 trillion, completion by 2030) lists remote-sensing satellites among its fields.",Not applicable.,Not applicable.,Not applicable,UNVERIFIED (search snippet) for all statements.,https://baochinhphu.vn/viettel-dang-nghien-cuu-ve-tinh-vien-tham-va-6g-102305576.htm ; https://mekongasean.vn/viettel-tham-vong-lam-chu-cong-nghe-6g-va-ve-tinh-vien-tham-5188.html ; https://cafef.vn/ve-tinh-sieu-nho-la-gi-ngon-ra-sao-de-ty-phu-pham-nhat-vuong-va-viettel-deu-quyet-tam-nhay-vao-188260415094847375.chn ; https://www.telecomreviewasia.com/news/industry-news/14416-viettel-strengthens-vietnams-digital-and-defense-ambitions/
B01,B Other sensors and ancillary layers,Sentinel-2 L2A (AWS buckets sentinel-cogs and sentinel-s2-l2a; also CDSE),"10 m multispectral optical imagery for visual confirmation of large vessels and for scene context. Use is limited by cloud and daylight (engineering judgement, not sourced).","Global. Anonymous listing of sentinel-cogs on 2026-10-02 shows MGRS tiles 48PTR, 48PUQ and 48PUR with data from 2017 to 2026-09 (48PUQ and 48PUR also 2026-10).",Registry text: added usually within a few hours of availability at Copernicus (not measured).,Free; Copernicus Sentinel terms (registry). sentinel-cogs and sentinel-s2-l2a are not requester-pays; sentinel-s2-l1c is.,Yes (Copernicus terms),VERIFIED (S3 listing; registry YAML sentinel-2.yaml and sentinel-2-l2a-cogs.yaml).,https://sentinel-cogs.s3.us-west-2.amazonaws.com/ ; https://sentinel-s2-l2a.s3.eu-central-1.amazonaws.com/ ; https://github.com/awslabs/open-data-registry/blob/main/datasets/sentinel-2.yaml ; https://github.com/awslabs/open-data-registry/blob/main/datasets/sentinel-2-l2a-cogs.yaml
B02,B Other sensors and ancillary layers,Landsat 8 (USGS) on AWS and Google Cloud,"30 m optical and thermal imagery; secondary confirmation only (coarse for small vessels, engineering judgement).",Registry: new Landsat 8 scenes added as soon as available. Google Cloud index gcp-public-data-landsat/index.csv.gz answered HTTP 200. Anonymous listing of usgs-landsat returned HTTP 403. Landsat 9 not checked (UNKNOWN).,Registry: added as soon as available (not measured).,Registry: no restrictions on the use of data received from USGS EROS or NASA LP DAAC unless stated at receipt.,Yes,VERIFIED (registry YAML landsat-8.yaml; HTTP probes on 2026-10-02).,https://github.com/awslabs/open-data-registry/blob/main/datasets/landsat-8.yaml ; https://storage.googleapis.com/gcp-public-data-landsat/index.csv.gz ; https://usgs-landsat.s3.us-west-2.amazonaws.com/
B03,B Other sensors and ancillary layers,"VIIRS Boat Detection (VBD), Earth Observation Group, Colorado School of Mines",Nightly detections of lit vessels (fishing boats with lights) from the VIIRS Day/Night Band. Detects only vessels that emit bright light.,Global. Studies of Southeast Asian waters exist (including a 2012 to 2023 review).,About 4 h in near real time (UNVERIFIED); access to recent data may be restricted and older data open (45-day and 60-day figures both appear in snippets; UNVERIFIED).,"Free registration (UNVERIFIED). EOG states that many of its datasets, including select subsets of VBD, are CC BY 4.0 (UNVERIFIED).",Unclear (CC BY 4.0 reported for select subsets only),UNVERIFIED (search snippet) for all statements.,https://payneinstitute.mines.edu/eog/viirs-boat-detection-vbd ; https://eogdata.mines.edu/products/vbd/ ; https://eogdata.mines.edu/files/EOG_products_CC_License.pdf ; https://essd.copernicus.org/articles/17/579/2025/ ; https://link.springer.com/chapter/10.1007/978-981-95-3075-5_1
B04,B Other sensors and ancillary layers,HawkEye 360 RF geolocation (commercial),Space-based radio-frequency geolocation; maritime analytics that associate RF geolocations with AIS and flag unassociated ones as DarkRF.,Global; no Vietnam-specific coverage figures found.,UNKNOWN.,"Subscription (RFGeo) with the maritime association analytics as an add-on, or through the Mission Space platform; prices not published (not found).",Contract (paid),UNVERIFIED (search snippet) for all statements.,https://www.bigdatawire.com/this-just-in/hawkeye-360-releases-dark-ship-maritime-analytics ; https://news.satnews.com/2022/04/25/dark-ship-maritime-analytics-capabilities-released-by-hawkeye-360
B05,B Other sensors and ancillary layers,Unseenlabs BRO constellation (commercial),"Space-based RF detection and geolocation of vessel emissions, including vessels not visible on AIS.",Global; BRO-19 and BRO-21 launch notices dated March and May 2026. No Vietnam-specific coverage figures found.,UNKNOWN.,"Commercial services for governments, NGOs, shipowners and others; prices not published (not found).",Contract (paid),UNVERIFIED (search snippet) for all statements.,https://unseenlabs.com/en/news/launch-bro-14-15/ ; https://unseenlabs.com/app/uploads/2026/03/pr_launchannouncebro19.pdf ; https://unseenlabs.com/app/uploads/2026/05/pr_successfulllaunch_bro21.pdf
B06,B Other sensors and ancillary layers,ESA WorldCover (land and water mask; used in the repo),"10 m land-cover map used as the sea mask (class 80 = permanent water; config.py uses v200, 2021).",Global. The bucket readme describes the 2020 v100 product; the repo reads v200 2021 from the same bucket.,Not applicable (annual product).,CC BY 4.0 (registry). Bucket readme asks for the credit '(c) ESA WorldCover project 2020 / Contains modified Copernicus Sentinel data (2020) processed by ESA WorldCover consortium' on published maps.,"Yes, with conditions (CC BY 4.0, credit required)",VERIFIED (registry YAML esa-worldcover.yaml; bucket readme.html).,https://esa-worldcover.s3.amazonaws.com/readme.html ; https://github.com/awslabs/open-data-registry/blob/main/datasets/esa-worldcover.yaml
B07,B Other sensors and ancillary layers,Copernicus DEM (GLO-30 Public and GLO-90; AWS buckets copernicus-dem-30m and -90m),Digital surface model for terrain correction if the pipeline moves from GRD ellipsoid to RTC.,GLO-90 worldwide; GLO-30 Public has limited gaps for some countries (bucket readme).,Not applicable.,Free for the general public under the Copernicus DEM licence; the licence text could not be read.,Unclear (licence text not read),VERIFIED (bucket readme.html; registry YAML copernicus-dem.yaml). Licence terms UNKNOWN.,https://copernicus-dem-30m.s3.amazonaws.com/readme.html ; https://github.com/awslabs/open-data-registry/blob/main/datasets/copernicus-dem.yaml
B08,B Other sensors and ancillary layers,Satlas marine infrastructure points (AI2; offshore platforms and wind turbines),"Monthly model-predicted points for offshore platforms and offshore wind turbines from Sentinel-2, with a score per point. Useful as a mask for fixed structures in SAR detections. Predictions, not ground truth.","Global snapshot latest.geojson (Last-Modified 2026-07-27): 39,582 points. Inside the Ca Mau box: 299 (133 platforms, 166 wind turbines). Inside the Gulf of Tonkin box: 48 (25 platforms, 23 turbines). Inside the wider South China Sea AOI polygon: 4,666 (2,885 platforms, 1,781 turbines).",Monthly snapshots; latest file dated 2026-07-27.,"ODC-BY (data licence file read: use subject only to attribution). The same bucket family holds Satlas model weights (AI2 fact: satlas-model-v1-*.pth, 0.4 to 0.5 GB each) and satlas-dataset-marine-infrastructure-v1.zip.","Yes, with conditions (ODC-BY attribution)",VERIFIED (GeoJSON downloaded and counted on 2026-10-02; GeospatialDataProducts.md and DataLicense read on GitHub; bucket facts as given by the session).,https://storage.googleapis.com/satlas-explorer-public/outputs/marine/latest.geojson ; https://github.com/allenai/satlas/blob/main/GeospatialDataProducts.md ; https://github.com/allenai/satlas/blob/main/DataLicense
C01,C AIS and VMS,"Global Fishing Watch (GFW) APIs: 4Wings, Vessels, Events, Insights, Datasets, Bulk Download","AIS apparent fishing effort, AIS vessel presence, SAR vessel detections matched to AIS (unmatched = dark), vessel identity, events including AIS-off gaps, and fixed offshore infrastructure detections from Sentinel-1 and Sentinel-2.",Global. 4Wings: 2017 to about 5 days ago; the SAR detections dataset id is public-global-sar-presence:latest; infrastructure dataset: 2017 to 3 months ago (client README and client source). AIS from Spire since 1 Jan 2023 (ORBCOMM dropped) and MarineTraffic added on 3 Jan 2024 (UNVERIFIED). GFW has worked with the Vietnamese government since 2019 (UNVERIFIED).,"SAR detections lag real time by about 5 days (client README). Another GFW page gives 72 hours for the dynamic layer, and an FAQ once gave about 4 days for AIS in the map (both UNVERIFIED).","CC BY-NC 4.0, noncommercial only. GFW's own repo licence: 'Noncommercial use only in accordance with the CC BY-NC 4.0 license. If you would like to use the services for commercial purposes, please contact us.' GFW reportedly has no public commercial licence or price, and applicants must warrant that they support sustainable use of ocean resources (UNVERIFIED). API token required.",No,"VERIFIED (GlobalFishingWatch/paper-industrial-activity LICENSE; gfw-api-python-client README for the API list and '~5 days'; gfwr and gfw-api-python-client source for the dataset id; PyPI gfw-api-python-client 1.4.0 of 2026-01-13, Apache-2.0 client code). UNVERIFIED (search snippet): API licence page, commercial-use FAQ, account warranty, rate limits, AIS providers, 72 h and 4 day figures, Vietnam partnership.",https://raw.githubusercontent.com/GlobalFishingWatch/paper-industrial-activity/main/LICENSE ; https://raw.githubusercontent.com/GlobalFishingWatch/gfw-api-python-client/main/README.md ; https://github.com/GlobalFishingWatch/gfwr/blob/main/R/gfw_endpoint.R ; https://pypi.org/pypi/gfw-api-python-client/json ; https://globalfishingwatch.org/our-apis/documentation/docs/license-rate-limits ; https://globalfishingwatch.org/faqs/can-i-use-global-fishing-watch-apis-for-commercial-purposes/ ; https://globalfishingwatch.org/faqs/data-source-updates ; https://globalfishingwatch.org/our-work-in-vietnam/
C02,C AIS and VMS,Global Fishing Watch Data Download Portal and public datasets,"Downloadable Sentinel-1 vessel detections (deep-learning classified, matched to AIS), fishing effort and vessel identity tables.","Vessel detections: 2017 to 5 days ago, global (UNVERIFIED). Legacy daily fishing effort 2012 to 2017 is in Earth Engine.",About 5 days (UNVERIFIED for the portal; see the API row).,Portal licence not read; treat current downloads as CC BY-NC 4.0 until read. The legacy 2012 to 2017 fishing-effort tables in the Earth Engine catalog are CC BY-SA 4.0 (read).,"Unclear, treat as No for current portal data (the legacy 2012-2017 set is CC BY-SA 4.0, see the licence cell)","VERIFIED (Earth Engine catalog GFW_GFF_V1 files, commit a16446d: licence and extent 2012-01-01 to 2017-01-01). UNVERIFIED (search snippet): portal contents and dates.",https://github.com/google/earthengine-catalog/blob/main/catalog/GFW/GFW_GFF_V1_fishing_hours.jsonnet ; https://globalfishingwatch.org/platform-update/2024-may-data-download-portal-new-dataset-released-featuring-vessel-detections-from-sentinel-1-sar/
C03,C AIS and VMS,Spire Maritime satellite and terrestrial AIS (includes exactEarth since 2021; now part of Kpler),"Real-time and historical AIS by API, NMEA feed, WMS and WFS; history since 2010; exactEarth added about 10 years of archive.","Global. Vendor claims: over 600K vessels seen, latency under 1 minute in open ocean. Spire acquired exactEarth in Nov 2021 (about USD 161 million). No Vietnam-specific coverage figures found.",Vendor claim: under 1 minute (UNVERIFIED).,Commercial subscription or one-off purchase; prices not published (not found).,Contract (paid),UNVERIFIED (search snippet) for all statements.,https://spire.com/?p=7420 ; https://spire.com/?p=5 ; https://www.satellitetoday.com/business/2021/09/14/spire-global-to-acquire-ais-provider-exactearth/ ; https://www.satellitetoday.com/business/2021/12/02/spire-global-adds-150-customers-with-exactearth-acquisition/
C04,C AIS and VMS,ORBCOMM satellite AIS,"Satellite AIS; a 2021 snippet calls ORBCOMM the only significant commercial competitor left after Spire bought exactEarth. ORBCOMM also supplies VMS hardware used in Vietnam by Vishipel (VIFISH 18 kit, 2019).",Global; no Vietnam-specific coverage figures found.,UNKNOWN.,Commercial; prices not published (not found).,Contract (paid),UNVERIFIED (search snippet) for all statements.,https://www.satellitetoday.com/business/2021/09/14/spire-global-to-acquire-ais-provider-exactearth/ ; https://www.globenewswire.com/news-release/2019/10/24/1934973/0/en/Vishipel-Selects-ORBCOMM-s-Vessel-Monitoring-System-for-Commercial-Fishing-Market-in-Vietnam.html
C05,C AIS and VMS,Kpler / MarineTraffic (including Spire Maritime),Commercial AIS portal and data; Kpler bought MarineTraffic and FleetMon in 2023 and Spire Maritime (reported USD 241 million) in 2024.,Global; no Vietnam-specific coverage figures found.,UNKNOWN.,Commercial; prices not published (not found). GFW has used MarineTraffic as an AIS source since 3 Jan 2024 (UNVERIFIED).,Contract (paid),UNVERIFIED (search snippet) for all statements.,https://maritime-executive.com/article/kpler-acquires-spire-maritime-to-enhance-maritime-data-and-analytics ; https://www.ship-technology.com/news/kpler-maritime-spire-maritime-acquisition/ ; https://gcaptain.com/kpler-acquires-spire-maritime-aiming-to-dominate-vessel-tracking/ ; https://globalfishingwatch.org/faqs/data-source-updates
C06,C AIS and VMS,AISHub (community AIS exchange),Aggregated AIS feed shared among contributors of raw NMEA feeds.,"Over 1,500 stations in 80 countries (UNVERIFIED); Vietnam coverage UNKNOWN.",Real time for API users who meet quality rules (maximum 10 s message delay; UNVERIFIED).,Access is earned by contributing a feed that meets quality thresholds; no pay-for-access tier. Terms on commercial use and redistribution not found.,Unclear (terms not found),UNVERIFIED (search snippet) for all statements.,https://www.aishub.net/join-us ; https://panbo.com/aishub-how-you-too-can-put-ais-targets-online/
C07,C AIS and VMS,aisstream.io (free AIS websocket API),Free websocket stream of AIS messages with an API key; subscription filters by MMSI and message type (README) and by area box (issue logs).,"Described as global AIS. Public issue reports in 2026 say coastal coverage is very limited and gappy, Class B vessels are rarely reported, and one user reports receiving no AIS around Vietnam in July 2026 (user reports, unanswered). Real coverage of the AOIs is UNKNOWN until measured.",Real time (websocket).,"No published terms of service or licence, per two users in Aug and Sep 2026 who asked for written permission for commercial use; several similar permission requests are open and unanswered in the tracker.","Unclear (no published terms; written permission requested by others, no reply seen)","VERIFIED (GitHub README of aisstream/aisstream; text of public issues aisstream/issues #221, #252, #284, #289, #299, #304 read through the GitHub search tool). The claims in those issues are user reports and are not confirmed by the service.",https://github.com/aisstream/aisstream ; https://github.com/aisstream/issues/issues/252 ; https://github.com/aisstream/issues/issues/221 ; https://github.com/aisstream/issues/issues/284 ; https://github.com/aisstream/issues/issues/289 ; https://github.com/aisstream/issues/issues/299
C08,C AIS and VMS,"NOAA / BOEM MarineCadastre AIS (US waters, from US Coast Guard NAIS)","Open AIS archive for US coastal waters, repackaged by NOAA and BOEM from the US Coast Guard network. A validation set outside Asia.",US coastal waters (Coast Guard Nationwide AIS). Bulk files from 2009 onward and GeoParquet for 2024 and 2025 (README); daily files filtered to one minute from 2015 (UNVERIFIED).,Annual and monthly releases; not real time.,Repo README: all content licensed CC0 1.0 (applies to the repo guidance; the data statement itself was not read). Order tool AccessAIS limits orders to about 2 GB.,Yes (CC0 per the repo README),"VERIFIED (README of ocm-marinecadastre/ais-vessel-traffic, updated 2025-07-30). UNVERIFIED (search snippet): year range, daily files from 2015. The download hosts are blocked from this environment.",https://raw.githubusercontent.com/ocm-marinecadastre/ais-vessel-traffic/main/README.md ; https://marinecadastre.gov/ais
C09,C AIS and VMS,Danish Maritime Authority (DMA) open AIS data,"Open historical AIS from the Danish shore-based AIS network; a validation set outside Asia in dense, well-covered waters.",Danish waters; data older than 24 months are published as open data for a limited period (UNVERIFIED).,Historical (older than 24 months in the open set; UNVERIFIED).,Free; access granted under the Danish PSI Act; 'Conditions for the use of data' apply (page not read). DMA may charge for web access and data flows.,Unclear (conditions not read),UNVERIFIED (search snippet) for all statements.,https://www.dma.dk/safety-at-sea/navigational-information/ais-data ; https://dma.dk/safety-at-sea/navigational-information/ais-data/ais-data-management-policy-
C10,C AIS and VMS,Other national open AIS: Norway (Kystverket) and Finland (Digitraffic),"Open AIS for Norwegian waters (real time or raw, no registration) and Finnish waters (open API); more validation sets outside Asia.",Norwegian economic zone and the protection zones off Svalbard and Jan Mayen; Finnish waters.,Real time.,Norway: Norwegian Licence for Open Government Data (NLOD). Finland: Creative Commons 4.0 Attribution; commercial and noncommercial use allowed with credit.,"Yes, with conditions (NLOD and CC BY 4.0, both reported)",UNVERIFIED (search snippet) for all statements.,https://www.kystverket.no/en/sea-transport-and-ports/ais/access-to-ais-data/ ; https://digitraffic.fi/en/marine-traffic ; https://www.digitraffic.fi/en/
C11,C AIS and VMS,Sentinel-1C and 1D onboard AIS payload,"AIS receiver on Sentinel-1C and 1D, planned to run alongside SAR acquisitions over ocean and coast.","Downlink described for European waters and the North Sea, not Southeast Asia (UNVERIFIED). No Sentinel-1 AIS collection appears anywhere in the CDSE documentation repo (a search of every text file for the word AIS found only a PAZ satellite description).",UNKNOWN.,Data restricted to entities that Copernicus participating states nominate; public download not planned (UNVERIFIED).,No (restricted; UNVERIFIED),"VERIFIED (negative result in the cloned CDSE docs repo, commit a73e234; absence in the docs is not proof of absence in the service). UNVERIFIED (search snippet): ESA state-of-play document and CDSE forum replies.",https://sentinel.esa.int/documents/d/sentinel/2025-03-04_eof_state_of_play ; https://forum.dataspace.copernicus.eu/t/availability-of-sentinel-1-ais-data/4798 ; https://forum.dataspace.copernicus.eu/t/will-the-ais-signal-data-on-the-sentinel-1c-be-available-for-public-download-in-the-future/3179
C12,C AIS and VMS,Vietnam fishing-vessel VMS rule (Fisheries Law 2017 as amended by Law 146/2025; Decree 41/2026/ND-CP; earlier Decrees 26/2019 and 37/2024),"Context: which fishing vessels must carry a satellite vessel monitoring device (VMS) and who may see the data. VMS is a government compliance stream, separate from AIS.","Vessels of 15 m maximum length and longer must carry VMS (Law 18/2017 Art. 50; the 2026 resolutions of Ca Mau and Da Nang fund VMS for vessels of that size and cite Decree 41/2026/ND-CP of 25 Jan 2026). No VMS duty found for vessels under 15 m. Quote the rule from the decree in force: Law 146/2025/QH15 (in force 1 Jan 2026) moved the licence conditions to Government decrees, and the text of Decree 41/2026 could not be read here. Details of the predecessor rules and of the enforcement texts are listed under the table. No public access to VMS data was found.",Not applicable (regulatory context).,"Not applicable. Under the predecessor decree a provider may release VMS data only to fisheries authorities, with approval of the ministry's fisheries authority (Decree 37/2024, rewritten Art. 44(6)(d)).",No (restricted to fisheries authorities under the predecessor decree; no open access found),"VERIFIED-SECONDARY (texts read in the third-party copy github.com/newnol/vn-legal-corpus, snapshot of 2026-04-15; own translation from the Vietnamese; not the official gazette): Law 18/2017/QH14, Law 146/2025/QH15, Decree 37/2024/ND-CP, Decree 301/2025/ND-CP, Decree 309/2025/ND-CP, Circular 81/2025/TT-BNNMT, Ca Mau Resolution 03/2026/NQ-HDND, Da Nang Resolution 01/2026/NQ-HDND. Not read: Decree 41/2026/ND-CP (absent from the copy; known only through citations). UNVERIFIED (search snippet): the 99% compliance figure and a 2-hour position interval.",https://raw.githubusercontent.com/newnol/vn-legal-corpus/main/vn/18-2017-qh14--126307.md ; https://raw.githubusercontent.com/newnol/vn-legal-corpus/main/vn/146-2025-qh15--186269.md ; https://raw.githubusercontent.com/newnol/vn-legal-corpus/main/vn/37-2024-nd-cp--166387.md ; https://raw.githubusercontent.com/newnol/vn-legal-corpus/main/vn/301-2025-nd-cp--186287.md ; https://raw.githubusercontent.com/newnol/vn-legal-corpus/main/vn/309-2025-nd-cp--186286.md ; https://raw.githubusercontent.com/newnol/vn-legal-corpus/main/vn/81-2025-tt-bnnmt--186332.md ; https://raw.githubusercontent.com/newnol/vn-legal-corpus/main/vn-3-ca-mau/03-2026-nq-hdnd--187161.md ; https://raw.githubusercontent.com/newnol/vn-legal-corpus/main/vn-6-da-nang/01-2026-nq-hdnd--187027.md ; https://english.luatvietnam.vn/nong-nghiep/decree-37-2024-nd-cp-amend-decree-26-2019-nd-cp-detailing-law-on-fisheries-310835-d1.html ; https://faolex.fao.org/docs/pdf/vie191156Eng.pdf ; https://en.vietnamplus.vn/can-tho-works-to-fix-vms-disconnections-ensure-full-monitoring-of-fishing-vessels-post332655.vnp ; https://www.malaymail.com/news/money/mediaoutreach/2024/12/19/vietnam-pushes-for-prompt-removal-of-the-iuu-yellow-card/351193 ; https://asianews.network/vietnam-pm-orders-comprehensive-fixes-to-shortcomings-in-fighting-iuu-fishing/
C13,C AIS and VMS,"Vietnam VMS service providers (Viettel S-Tracking, VNPT, Vishipel with ORBCOMM)",Context: companies that sell and run the VMS devices and send data to the Directorate of Fisheries data centre. Viettel's S-Tracking is a hybrid GPRS and Iridium VMS.,"Providers named in snippets: Binh Anh, Dinh vi Bach Khoa, Viettel, VNPT, Vishipel, Zunibal, Khanh Hoi, VAST. Iridium case study: 3,600 Iridium-connected S-Tracking systems and use by more than 3,500 vessels; another summary says more than 30,000 vessels (inconsistent; quote no number).",Not applicable.,"Commercial services; data flow to the authority; no open access. Under the predecessor decree a provider keeps the data at least 36 months on servers in Vietnam and may release them only to fisheries authorities, with approval of the ministry's fisheries authority (Decree 37/2024, rewritten Art. 44(6)).",Contract (paid; data held by authority and provider),"VERIFIED-SECONDARY for the data rules (Decree 37/2024 text in github.com/newnol/vn-legal-corpus, as in row C12). UNVERIFIED (search snippet) for provider names, counts and technology.",https://raw.githubusercontent.com/newnol/vn-legal-corpus/main/vn/37-2024-nd-cp--166387.md ; https://www.iridium.com/products/viettel-s-tracking-vessel-tracking-system/ ; https://www.iridium.com/case-studies/iridium-enables-vietnamese-fishing-fleets-to-stay-connected-with-viettel-vessel-management-systems/ ; https://www.globenewswire.com/news-release/2019/10/24/1934973/0/en/Vishipel-Selects-ORBCOMM-s-Vessel-Monitoring-System-for-Commercial-Fishing-Market-in-Vietnam.html ; https://vietnamnews.vn/society/1729254/over-500-fishing-vessels-in-hcm-city-affected-by-vnpt-tracking-system-disruption.html
C14,C AIS and VMS,AIS carriage rules (IMO SOLAS V/19; Vietnam Circular 39/2018/TT-BGTVT),Context: why many vessels have no AIS and are therefore dark by construction.,"SOLAS V/19: AIS on all ships of 300 GT and upwards on international voyages, cargo ships of 500 GT and upwards on other voyages, and all passenger ships; smaller fishing boats are generally exempt. Vietnam Circular 39/2018 (effective 31 Jan 2019) lists passenger ships carrying more than 20 passengers, high-speed passenger ships, some dangerous-goods vessels and container ships; fishing vessels are not named in the snippet.",Not applicable.,Not applicable.,Not applicable,UNVERIFIED (search snippet) for all statements.,https://imo.org/en/OurWork/Safety/Pages/AIS.aspx ; https://lawnet.vn/thong-tin-phap-luat/en/chinh-sach-moi/which-vessels-are-required-to-equip-ais-devices-163923.html
C15,C AIS and VMS,EU IUU yellow card for Vietnam (status in 2026),Context: the EU warning issued in October 2017 that drives Vietnamese VMS and registry reforms.,"Issued October 2017. Fifth EC inspection held in March 2026 (announced for 9 to 19 March; the Government received the delegation on 20 March). Decision No. 1516/QD-TTg of 10 August 2026 approves an action plan with the goal of lifting the card in 2026, so the card was still in force in mid-August 2026. EC focus areas: legal framework, fleet management, monitoring and control, traceability, enforcement.",Not applicable.,Not applicable.,Not applicable,UNVERIFIED (search snippet) for all statements.,https://europa.eu/rapid/press-release_IP-17-4064_en.htm ; https://en.vneconomy.vn/vietnam-targets-removal-of-eu-yellow-card-on-iuu-fishing-in-2026.htm ; https://vietnamnews.vn/society/1766612/ec-s-fifth-inspection-on-iuu-fishing-set-for-march-9-19.html ; https://english.vov.vn/en/politics/domestic/vietnam-steps-up-anti-iuu-drive-to-lift-ec-yellow-card-by-end-2026-post1319182.vov ; https://en.baochinhphu.vn/govt-chief-receives-ec-inspection-delegation-on-iuu-111260320103845622.htm
D01,D Labeled training data,"AI2 Skylight vessel-detection-sentinels (labels, code, trained weights)","61,655 Sentinel-1 vessel point labels and 17,582 attribute labels (length, width, heading, ship type, speed) in data/metadata.sqlite3; training code; trained Sentinel-1 detector (Faster R-CNN 'frcnn_cmp2', 6 input channels: VH, VV and overlap channels) and attribute predictor. The same models run in production in Skylight.","Sentinel-1 scenes dated 2020-04-11 to 2022-08-30 (4,315 images, 2,568 with point labels). Point labels by platform: 60,538 from S1A scenes, 1,117 from S1B; none from S1C or S1D. Inside the Ca Mau box: 4 labels in 2 scenes. Gulf of Tonkin box: 0. Wider South China Sea AOI polygon: 10,364 labels in 153 scenes. Southeast Asia box (95-125E, 10S-25N): 18,461 labels in 286 scenes. Attribute labels (all from S1A scenes) are dominated by large vessels: median length 115 m, 54 labels under 15 m, 481 from 15 to 25 m, 541 with AIS ship type 30 (fishing); the fields (ShipAndCargoType, Speed) suggest an AIS origin (inference). 40 of 40 randomly sampled labelled scenes exist on the AWS mirror. Repo last committed 2024-05-10.",Not applicable.,"Apache-2.0 (LICENSE file read). Imagery is Copernicus Sentinel data. Detector weights are a Git LFS object of 121,693,810 bytes (data/model_artifacts/sentinel-1/frcnn_cmp2/3dff445/best.pth), reachable through media.githubusercontent.com (HTTP 200 on HEAD, 2026-10-02).",Yes (Apache-2.0),"VERIFIED (cloned allenai/vessel-detection-sentinels, commit 60b003d of 2024-05-10: LICENSE, README, cfg.json; metadata.sqlite3 queried; label counts by platform, year and region computed from the database; HEAD request for the LFS object; sample check against the AWS bucket).",https://github.com/allenai/vessel-detection-sentinels ; https://raw.githubusercontent.com/allenai/vessel-detection-sentinels/main/LICENSE ; https://media.githubusercontent.com/media/allenai/vessel-detection-sentinels/main/data/model_artifacts/sentinel-1/frcnn_cmp2/3dff445/best.pth
D02,D Labeled training data,xView3-SAR (DIU and Global Fishing Watch; NeurIPS 2022 Datasets and Benchmarks),"991 Sentinel-1 IW GRD scenes with more than 220,000 labelled maritime objects and length labels, plus co-registered bathymetry, wind speed and wind quality rasters. Labels come from AIS-based automated extrapolation and human experts, with HIGH, MEDIUM or LOW confidence.",Scene regions and dates not read. Sentinel-1A and 1B era (the dataset predates S1C and S1D).,Not applicable.,Reference code: BSD-3-Clause (LICENSE read). Dataset licence: one search summary said CC BY-NC-SA 4.0 (the page behind it was not isolated); two follow-up searches did not confirm it; the terms at iuu.xview.us could not be opened. An account at iuu.xview.us is needed (UNVERIFIED).,"Unclear, treat as No until the terms are read (reported CC BY-NC-SA 4.0)",VERIFIED (LICENSE and README of DIUx-xView/xview3-reference: code licence only). VERIFIED-SECONDARY: scene count and content (curated GitHub list). UNVERIFIED (search snippet): dataset licence and sign-up requirement. Dataset terms UNKNOWN.,https://github.com/DIUx-xView/xview3-reference ; https://github.com/jasonmanesis/Satellite-Imagery-Datasets-Containing-Ships ; https://iuu.xview.us/ ; https://arxiv.org/abs/2206.00897 ; https://arxiv.org/html/2608.01963v1 ; https://proceedings.neurips.cc/paper_files/paper/2022/hash/f4d4a021f9051a6c18183b059117e8b5-Abstract.html
D03,D Labeled training data,"SARFish (DSTG Australia; Luckett et al., WACV 2024 workshops)","Coincident Sentinel-1 GRD and SLC products from the xView3-SAR scenes, for ship detection, classification and vessel-length regression; baseline FCOS model; three Kaggle challenge tracks. The labels are the xView3 label files, downloaded separately from iuu.xview.us.","753 coincident GRD and SLC products (3,293 GB compressed, 6,468 GB uncompressed) and a one-product sample (4.3 GB). Regions and dates not read. Hosted on Hugging Face (blocked here).",Not applicable.,"Challenge terms section 5.1: DSTG releases the SARFish dataset under CC BY-SA 3.0 IGO. Repo licence: Apache 2.0 (README header). The labels come from iuu.xview.us and carry the xView3 terms (UNKNOWN). Challenge participation has its own eligibility rules, separate from the dataset licence.","Yes, with conditions for the imagery (CC BY-SA 3.0 IGO, share-alike); the labels follow the xView3 terms (unclear)",VERIFIED (README and SARFish_Terms_and_Conditions.md of DIUx-xView/SARFish read on GitHub raw). UNVERIFIED (search snippet): the WACV paper summary. Label terms UNKNOWN.,https://github.com/DIUx-xView/SARFish ; https://raw.githubusercontent.com/DIUx-xView/SARFish/main/SARFish_Terms_and_Conditions.md ; https://openaccess.thecvf.com/content/WACV2024W/CDL/html/Luckett_The_SARFish_Dataset_and_Challenge_WACVW_2024_paper.html ; https://huggingface.co/datasets/ConnorLuckettDSTG/SARFish
D04,D Labeled training data,OpenSARShip 1.0 and 2.0 (Shanghai Jiao Tong University),"Sentinel-1 ship chips (30 to 120 px) each tied to an AIS message. Version 1.0: 11,346 chips from 41 images, 17 AIS ship types, mainly five Asian ports. Version 2.0: 34,528 chips from 87 images (52 GRD, 35 SLC) over ten busy marine traffic scenes. Chips, not full scenes.","Sentinel-1 IW, VV and VH; dates not read.",Not applicable.,Terms not found (site opensar.sjtu.edu.cn is blocked).,Unclear (terms not found),VERIFIED-SECONDARY (curated GitHub list read in full). Licence UNKNOWN.,https://github.com/jasonmanesis/Satellite-Imagery-Datasets-Containing-Ships ; http://opensar.sjtu.edu.cn/Data/Search
D05,D Labeled training data,"OSSDD, OpenSARShip Ship Detection Dataset (arXiv 2608.01963, August 2026)","Detection version of OpenSARShip: 15,197 Sentinel-1 amplitude patches (VV, VH), binary ship masks, axis-aligned and rotated boxes, 55,759 ships; on Hugging Face.",Built from OpenSARShip 1.0 scenes (reported).,Not applicable.,CC BY-NC-SA 4.0 (reported).,No (reported CC BY-NC-SA 4.0),UNVERIFIED (search snippet) for all statements.,https://arxiv.org/abs/2608.01963 ; https://arxiv.org/html/2608.01963v1 ; https://huggingface.co/datasets/sylviaHoch/OpenSARShip-Ship-Detection-Dataset
D06,D Labeled training data,LS-SSDD-v1.0 (Large-Scale SAR Ship Detection Dataset),"15 large Sentinel-1 IW scenes (VV and VH) cut into 9,000 sub-images of 800 x 800 px, for small-ship detection under large-scale backgrounds; ground truth labelled by SAR experts with AIS and Google Earth. The closest match to a small-boat Sentinel-1 set found here.",Regions and dates not read.,Not applicable.,Repo LICENSE is Apache-2.0 (read); the README states no dataset terms. Data are hosted at radars.ac.cn (blocked).,Unclear (repo Apache-2.0; dataset terms not stated),VERIFIED (README and LICENSE of TianwenZhang0825/LS-SSDD-v1.0-OPEN). VERIFIED-SECONDARY: scene size and split (curated list). Dataset terms UNKNOWN.,https://github.com/TianwenZhang0825/LS-SSDD-v1.0-OPEN ; https://raw.githubusercontent.com/TianwenZhang0825/LS-SSDD-v1.0-OPEN/master/LICENSE ; https://github.com/jasonmanesis/Satellite-Imagery-Datasets-Containing-Ships
D07,D Labeled training data,"SSDD (SAR Ship Detection Dataset, official 2021 release)","1,160 images (about 500 x 350 px) from RadarSat-2, TerraSAR-X and Sentinel-1, 1 to 15 m resolution, mixed polarisations. Ship count differs between sources: 2,456 (SL-SSDD README), 2,358 (curated list), 2,587 (SARDet-100K table).",Mixed sensors; regions and dates not read.,Not applicable.,"Repo LICENSE is Apache-2.0 (read); the README gives no dataset terms; data on Google Drive and Baidu. Part of the imagery is RadarSat-2 and TerraSAR-X, whose redistribution terms are unknown.",Unclear (repo Apache-2.0; dataset and imagery terms not stated),VERIFIED (README and LICENSE of TianwenZhang0825/Official-SSDD; SL-SSDD README of Han-Ke/SL-SSDD). VERIFIED-SECONDARY: sensors (curated list). Dataset terms UNKNOWN.,https://github.com/TianwenZhang0825/Official-SSDD ; https://raw.githubusercontent.com/TianwenZhang0825/Official-SSDD/main/LICENSE ; https://github.com/Han-Ke/SL-SSDD ; https://github.com/jasonmanesis/Satellite-Imagery-Datasets-Containing-Ships
D08,D Labeled training data,"HRSID (High-Resolution SAR Images Dataset; Wei et al., IEEE Access)","5,604 images (800 x 800 px) with 16,951 ship instances at 0.5, 1 and 3 m; built from 99 Sentinel-1B, 36 TerraSAR-X and 1 TanDEM-X scenes; inshore and offshore annotation, 400 pure-background images, COCO format.",Mixed sensors; regions and dates not read.,Not applicable.,Repo LICENSE is GPL-3.0 (read); the README gives no dataset terms; data on Google Drive and Baidu. TerraSAR-X and TanDEM-X imagery terms unknown.,Unclear (repo GPL-3.0; dataset and imagery terms not stated),VERIFIED (README and LICENSE of chaozhong2010/HRSID). VERIFIED-SECONDARY: source scenes (curated list). Dataset terms UNKNOWN.,https://github.com/chaozhong2010/HRSID ; https://raw.githubusercontent.com/chaozhong2010/HRSID/master/LICENSE ; https://github.com/jasonmanesis/Satellite-Imagery-Datasets-Containing-Ships
D09,D Labeled training data,"SAR-Ship-Dataset (Wang et al., Remote Sensing 2019)","43,819 ship chips of 256 x 256 px (59,535 ship instances per the curated list) from 102 Gaofen-3 and 108 Sentinel-1 images, for multi-scale and small-object detection.",Mixed Gaofen-3 and Sentinel-1; regions and dates not read.,Not applicable.,No LICENSE file and no terms in the README. Acknowledges the China Center for Resources Satellite Data and Application (Gaofen-3) and the Copernicus Open Access Hub (Sentinel-1).,Unclear (no licence stated),VERIFIED (README of CAESAR-Radi/SAR-Ship-Dataset; no LICENSE file found). VERIFIED-SECONDARY: instance count (curated list).,https://github.com/CAESAR-Radi/SAR-Ship-Dataset ; https://github.com/jasonmanesis/Satellite-Imagery-Datasets-Containing-Ships
D10,D Labeled training data,SRSDD-v1.0 (SAR Rotation Ship Detection Dataset),"666 images (1024 x 1024 px) from 30 Gaofen-3 spotlight tiles at 1 m, rotated boxes, 2,884 ships in six classes including fishing (288 instances).",Gaofen-3 only; regions not read.,Not applicable.,No LICENSE file and no terms in the README; the GitHub zip is reported broken and data are on Baidu.,Unclear (no licence stated),VERIFIED (README of HeuristicLU/SRSDD-V1.0). VERIFIED-SECONDARY: class counts (curated list).,https://github.com/HeuristicLU/SRSDD-V1.0 ; https://github.com/jasonmanesis/Satellite-Imagery-Datasets-Containing-Ships
D11,D Labeled training data,FUSAR-Ship v1.0 (Fudan University),"Gaofen-3 ship chips (512 x 512 px) matched to AIS, with 15 ship categories and 98 subcategories from 126 ultrafine strip-map scenes; more than 5,000 chips.",Gaofen-3 only; regions and dates not read.,Not applicable.,Terms not found (site emwlab.fudan.edu.cn blocked).,Unclear (terms not found),VERIFIED-SECONDARY (curated GitHub list). UNVERIFIED (search snippet): operator and content summary. Licence UNKNOWN.,https://github.com/jasonmanesis/Satellite-Imagery-Datasets-Containing-Ships ; https://emwlab.fudan.edu.cn/resources/list.htm
D12,D Labeled training data,"SARDet-100K (Li et al., NeurIPS 2024)","116,598 images and 245,653 instances merged from 10 existing SAR detection datasets (AIR-SARShip 1 and 2, HRSID, MSAR, SADD, SAR-AIRcraft, ShipDataset, SSDD, OGSOD, SIVED); multi-class, not ships only; only the train and val sets are released.",Mixed sensors; merged from the listed datasets.,Not applicable.,CC BY-NC 4.0 (README and LICENSE read). Does not remove the unclear terms of the source datasets.,No (CC BY-NC 4.0),VERIFIED (README and LICENSE of zcablii/SARDet_100K; counts from the README table).,https://github.com/zcablii/SARDet_100K ; https://raw.githubusercontent.com/zcablii/SARDet_100K/main/LICENSE
D13,D Labeled training data,NASTaR (NovaSAR S-band ship recognition dataset),"3,415 ship patches from NovaSAR S-band imagery labelled from AIS, 23 classes, inshore and offshore split, auxiliary wake subset. A different band and sensor, useful for sensor-agnostic tests.",NovaSAR only; regions and dates not read.,Not applicable.,Dataset reported as CC BY-NC-SA 4.0; the code repo LICENSE is Apache-2.0 (read).,No (reported CC BY-NC-SA 4.0),VERIFIED (README and LICENSE of benyaminhosseiny/nastar: code licence and content summary). UNVERIFIED (search snippet): dataset licence.,https://github.com/benyaminhosseiny/nastar ; https://raw.githubusercontent.com/benyaminhosseiny/nastar/main/LICENSE ; https://arxiv.org/abs/2512.18503v1
D14,D Labeled training data,Global Fishing Watch Paolo et al. 2024 code and data (Nature),"Code for a Sentinel-1 CFAR detector (Python Earth Engine API, with AIS and VMS matching scripts) and TensorFlow classifiers for vessels, infrastructure and fishing; training and evaluation data on Figshare (DOI 10.6084/m9.figshare.24309469) and analysis data (DOI 10.6084/m9.figshare.24309475).",Sentinel-1 analysis 2017 to 2021 (UNVERIFIED for the period); the repo was last committed 2024-03-20.,Not applicable.,"README: dual-licensed Apache-2.0 and CC BY-NC 4.0. LICENSE adds: 'Noncommercial Use Only ... If you would like to use the services for commercial purposes, please contact us.' Licence of the Figshare data not read.","No (noncommercial notice; ambiguous dual licence, needs legal review)","VERIFIED (cloned GlobalFishingWatch/paper-industrial-activity, commit c5fd585: README, LICENSE, detector/README.md, nnets/README.md). UNVERIFIED (search snippet): analysis period.",https://github.com/GlobalFishingWatch/paper-industrial-activity ; https://doi.org/10.6084/m9.figshare.24309469 ; https://doi.org/10.6084/m9.figshare.24309475 ; https://www.nature.com/articles/s41586-023-06825-8
D15,D Labeled training data,AI2 SatlasPretrain dataset and foundation models (bucket ai2-public-datasets/satlas),"SatlasPretrain: 302M labels under 137 categories with Sentinel-2, Sentinel-1, Landsat and NAIP imagery, and foundation models pre-trained on it for Sentinel-2, Sentinel-1, Landsat 8/9 and aerial imagery (satlaspretrain_models package). The bucket holds the weights (satlas-model-v1-*.pth, 0.4 to 0.5 GB each), TB-scale Sentinel-1 and Sentinel-2 datasets and satlas-dataset-marine-infrastructure-v1.zip (session S3 listing).",Global. Whether the label set holds SAR vessel labels: UNKNOWN. The Sentinel-1 foundation model is an untested option for pre-training the detector.,Not applicable.,"Models and new annotations: ODC-BY (SatlasPretrain.md and DataLicense read). Included imagery and labels keep their original licences: Sentinel data under the Copernicus notice, OpenStreetMap ODbL, WorldCover CC BY 4.0, NAIP and NOAA lidar public domain.","Yes, with conditions (ODC-BY credit; some included labels keep their own licences such as ODbL)","VERIFIED (README.md, SatlasPretrain.md and DataLicense of allenai/satlas read on GitHub; bucket contents as given by the session's S3 listing).",https://github.com/allenai/satlas ; https://github.com/allenai/satlas/blob/main/SatlasPretrain.md ; https://github.com/allenai/satlas/blob/main/DataLicense ; https://github.com/allenai/satlaspretrain_models
E01,E Existing systems,"Global Fishing Watch (map, APIs, SAR vessel detections)","Public platform. SAR detections from Sentinel-1 matched to AIS (Paolo et al. 2024, Nature, 'Satellite mapping reveals extensive industrial activity at sea'): 72 to 76% of industrial fishing vessels not publicly tracked, with much of that fishing around South Asia, Southeast Asia and Africa; 21 to 30% of transport and energy vessel activity missing from public tracking (all UNVERIFIED). Detector code (CFAR in Earth Engine plus TensorFlow classifiers) is public.","Global, 2017 onward; Vietnam partnership since 2019 (UNVERIFIED).",About 5 days for SAR detections (client README).,Free for noncommercial use; CC BY-NC 4.0; commercial users must contact GFW (repo LICENSE).,No,"VERIFIED (GFW repo LICENSE, README, detector/README; client README). UNVERIFIED (search snippet): Nature headline numbers, Vietnam partnership.",https://github.com/GlobalFishingWatch/paper-industrial-activity ; https://scholars.duke.edu/publication/1615401 ; https://e360.yale.edu/digest/dark-fishing-vessels-asia ; https://globalfishingwatch.org/our-work-in-vietnam/
E02,E Existing systems,Skylight (Allen Institute for AI),"Maritime intelligence web app and API: Sentinel-1 vessel detection plus AIS-based events (rendezvous, fishing, entry, speed range). The Sentinel-1 and Sentinel-2 detection models published in the open repo run in production in Skylight.",Reported to operate in more than 70 countries for over 200 organisations (UNVERIFIED).,UNKNOWN.,"Free to government, regional and non-governmental organisations worldwide (UNVERIFIED). Eligibility of a state-owned commercial company: UNKNOWN.",Unclear (commercial eligibility unknown),"VERIFIED (repo README: the models run in production in Skylight, described as a free maritime intelligence platform; spelling corrected from the source). UNVERIFIED (search snippet): users, eligibility, event types.",https://github.com/allenai/vessel-detection-sentinels ; https://www.skylight.global/platform ; https://skylight.global/case-studies ; https://developer.nvidia.com/blog/ai-model-offers-conservationists-new-tools-to-protect-fisheries-wildlife-at-scale
E03,E Existing systems,SeaVision (US DOT Volpe Center),Web-based maritime situational awareness tool combining AIS-based data networks and other feeds with rules-based alerts; an enhanced version with commercial RF data (HawkEye 360) is reported as offered to Indo-Pacific partners.,Global vessel traffic; participating partner nations.,UNKNOWN.,Free for US government personnel and partner nations in the Maritime Safety and Security Information System (MSSIS) programme.,No (government and MSSIS partners),UNVERIFIED (search snippet) for all statements.,https://en.wikipedia.org/wiki/SeaVision ; https://www.volpe.dot.gov/sites/volpe.dot.gov/files/2024-05/508_MSSIS2024_Infog_April17_120pm.pdf ; https://www.aspistrategist.org.au/new-satellite-based-technologies-a-game-changer-for-indo-pacific-maritime-security/
E04,E Existing systems,Starboard Maritime Intelligence (starboard.nz),"Subscription software combining AIS, satellite data, models and other intelligence; automated pipeline that detects vessels in satellite data and flags those without matching AIS.",Global; early adopters are New Zealand agencies and Pacific island authorities.,UNKNOWN.,"Subscription with Trial, Standard and Team plans (Team starts at 5 users); prices on starboard.nz/pricing were not read.",Contract (paid subscription),UNVERIFIED (search snippet) for all statements.,https://starboard.nz/ ; https://starboard.nz/pricing ; https://starboard.nz/software/fisheries-monitoring-and-surveillance
E05,E Existing systems,OceanMind (UK nonprofit),"Fisheries monitoring that combines AIS, satellite imagery including SAR for vessels that go dark, terrestrial sensors, registries and licensing data; direct enforcement support to governments.","Work in more than 20 countries; named examples include UK overseas territories, Costa Rica and Thailand; no Vietnam work found.",UNKNOWN.,Services to governments and supply-chain partners; terms and prices not found. Founded 2018 with support from Pew and the Draper Richards Kaplan Foundation.,Unclear (services model; terms not found),UNVERIFIED (search snippet) for all statements.,https://www.seafoodsource.com/news/supply-trade/uk-oceanmind-looks-to-provide-world-most-detailed-fishing-monitoring ; https://www.oceanmind.global/impact ; https://en.reset.org/how-oceanmind-uses-satellites-and-ai-to-catch-illegal-fishing/
E06,E Existing systems,"Trygg Mat Tracking (TMT, Norway)","Foundation (established 2013) that supports coastal states, mainly in developing countries, with fisheries intelligence analysis, the FACT analytical tool and the Combined IUU Vessel List; member of the Joint Analytical Cell with GFW, Skylight, C4ADS and the IMCS Network.",Coastal states in developing regions; no Vietnam work found.,UNKNOWN.,Support to authorities; terms not found.,Unclear (terms not found),UNVERIFIED (search snippet) for all statements.,https://www.tm-tracking.org/history ; https://seafoodsource.com/news/environment-sustainability/tmt-executive-director-gareth-johnstone-on-balance-between-technology-human-element-in-iuu-fight
E07,E Existing systems,Windward (Maritime AI),"Commercial maritime intelligence fusing AIS and remote-sensing signals with AI models to flag deceptive shipping, sanctions-related dark activity and GNSS manipulation.","Global; customers are government agencies, intelligence and law enforcement, and commercial shipping, insurance and trade firms.",UNKNOWN.,Commercial subscription and contracts; prices not published (not found).,Contract (paid),UNVERIFIED (search snippet) for all statements.,https://windward.ai/news/windward-expands-its-public-sector-customer-base-with-government-agencies-across-the-us-emea-and-latam-determined-to-crack-down-on-illicit-maritime-activity/ ; https://www.seafoodsource.com/news/supply-trade/maritime-ai-company-windward-announces-early-detection-program
E08,E Existing systems,Kpler (platform; owns MarineTraffic and Spire Maritime AIS),Commercial maritime intelligence and trade analytics built on MarineTraffic and Spire AIS data (see section C for the data side).,Global.,UNKNOWN.,Commercial; prices not published (not found).,Contract (paid),UNVERIFIED (search snippet) for all statements.,https://maritime-executive.com/article/kpler-acquires-spire-maritime-to-enhance-maritime-data-and-analytics ; https://gcaptain.com/kpler-acquires-spire-maritime-aiming-to-dominate-vessel-tracking/
E09,E Existing systems,SeaLight (Stanford Gordian Knot Center),"Maritime transparency project, launched 12 July 2023 and directed by Ray Powell, that publishes gray-zone activity in the Indo-Pacific, especially the South China Sea, built on commercially available data.","Indo-Pacific, emphasis on the South China Sea.",Not applicable (public reporting).,Public posts; not a data service.,Not applicable,UNVERIFIED (search snippet) for all statements.,https://www.sealight.live/posts/sea-light-light-up-the-maritime-gray-zone ; https://cimsec.org/sea-control-493-assertive-transparency-in-the-gray-zone-with-ray-powell/
E10,E Existing systems,"CSIS Asia Maritime Transparency Initiative (AMTI), South China Sea fishing fleets","Six-month study with Skylight that combined AIS, VIIRS, SAR and optical imagery to size and track fishing fleets in the Spratly Islands, finding large overcapacity and many vessels invisible to AIS alone.",Spratly Islands; detections cited from August and October 2018.,Not applicable (report).,Public report; not a data service.,Not applicable,UNVERIFIED (search snippet) for all statements.,https://ocean.csis.org/spotlights/illuminating-the-south-china-seas-dark-fishing-fleets/ ; https://amti.csis.org/illuminating-south-china-seas-dark-fishing-fleets/
F01,F Supporting data,OpenAlex snapshot (S3 bucket openalex),"Quarterly bibliographic snapshot (works, authors, institutions) in JSONL and Parquet; used by the repo's literature scan (src/darkvessel/biblio).",Global; latest release 2026-09-23 (release notes read). Reachable anonymously from this environment.,"Public releases on the second Wednesday of January, April, July and October (release notes).",CC0 (LICENSE.txt in the bucket).,Yes (CC0),"VERIFIED (S3 listing; LICENSE.txt, README.txt and RELEASE_NOTES.txt read; registry YAML openalex.yaml).",https://openalex.s3.amazonaws.com/LICENSE.txt ; https://openalex.s3.amazonaws.com/README.txt ; https://openalex.s3.amazonaws.com/RELEASE_NOTES.txt
F02,F Supporting data,OpenAlex API,Live search of the same data.,"Same as the snapshot, with fresher updates.",Near real time (UNKNOWN).,Requires an API key since 2026 (UNVERIFIED); host api.openalex.org is blocked from this environment.,Unclear (key terms not read),UNVERIFIED (search snippet): key requirement at developers.openalex.org/api-reference/authentication.,https://developers.openalex.org/api-reference/authentication
