id,name,category,adds,coverage_scs,latency,licence,commercial_use,access_from_container,verification,can_add_now,owner_action,sources
N01,"NOAA JPSS VIIRS DNB SDR and geolocation (buckets noaa-nesdis-snpp-pds, noaa-nesdis-n20-pds, noaa-nesdis-n21-pds; prefixes VIIRS-DNB-SDR, VIIRS-DNB-GEO)",night_lights,"Nightly lit-boat detection input at 750 m: calibrated DNB radiance per 86-second granule (768 x 4064 float32) with quality flags, plus geolocation with satellite, solar and lunar angles and moon illumination fraction. Covers the central sea that Sentinel-1 never images. Sees only boats that emit light; cloud and moonlight limit it.","Whole AOI every night from three satellites. Measured 2026-10-02: NOAA-20 17:40-17:43 UTC nadir 120.6-118.3E (56-65 percent of granule pixels in the AOI box); NOAA-21 18:21-18:27 UTC nadir 109.9-105.2E (26-72 percent); SNPP 19:01-19:04 UTC nadir 101.4-99.1E (50-58 percent); a granule spans about 30 degrees of longitude. Archive: SNPP and NOAA-21 from 2023, NOAA-20 Dec 2021 and from May 2023; NOAA-21 held 1,012 SDR granules on 2026-10-01.","Measured on 17:00-19:59 UTC granules of 2026-10-02: NOAA-21 median 32 min (13-60), NOAA-20 31 min (12-58), SNPP 65 min (21-113), granule start to S3 LastModified.",NOAA open data through NODD: can be used as desired; attribution requested; no implied endorsement; modified data may not be presented as original (registry text). DNB SDR and GEO exempt from the 90-day retention applied to a subset of JPSS products from 2026-09-14.,Yes,HTTP 200 anonymous listings of all three buckets; 28 geolocation granules (45-55 MB) and one SDR granule (9.7 MB) downloaded and read with h5py (2026-10-02).,"VERIFIED (S3 listings, downloads, h5py reads; open-data-registry noaa-jpss.yaml commit 0046286)",yes,"None (no account, key or payment). A lit-boat detector must be written; about 1 GB storage per night; SNS topics available for triggers.",https://noaa-nesdis-n21-pds.s3.amazonaws.com/?list-type=2&prefix=VIIRS-DNB-SDR/2026/10/02/&max-keys=5 ; https://noaa-nesdis-n20-pds.s3.amazonaws.com/?list-type=2&delimiter=/ ; https://noaa-nesdis-snpp-pds.s3.amazonaws.com/?list-type=2&delimiter=/ ; https://github.com/awslabs/open-data-registry/blob/main/datasets/noaa-jpss.yaml
N02,"VIIRS NCC EDR imagery and JRR Cloud Mask (same buckets; prefixes VIIRS-NCC-EDR, VIIRS-NCC-EDR-GEO, VIIRS-JRR-CloudMask)",night_lights,"Cloud screening for the night-light detector (JRR-CloudMask v3r2 NetCDF per granule) and a quick-look night image (Near Constant Contrast EDR, 1.5 MB per granule).","Same passes as N01. NOAA-21 on 2026-10-02: 942 NCC and 943 cloud-mask granules. Only 2026 present, consistent with a 90-day rolling retention.",NCC granule of 18:01 UTC uploaded 18:19 (18 min).,"NOAA open data, as N01.",Yes,HTTP 200 anonymous listings (2026-10-02).,VERIFIED (S3 listings; registry noaa-jpss.yaml),yes,None; mirror within 90 days.,https://noaa-nesdis-n21-pds.s3.amazonaws.com/?list-type=2&prefix=VIIRS-JRR-CloudMask/2026/10/02/&max-keys=5 ; https://github.com/awslabs/open-data-registry/blob/main/datasets/noaa-jpss.yaml
N03,"EOG VIIRS Boat Detection (VBD), Colorado School of Mines (upgrade of data_landscape row B03)",night_lights,"Ready-made nightly lit-boat detections (CSV, KMZ; monthly GeoTIFF grids); would save writing a detector.",Global; Southeast Asia reviews 2012-2023 published by EOG (B03).,"Nominal 4 h, files ready by 06:00 local; public access after 45 or 60 days (both figures appear). UNVERIFIED (search snippets).",Registration required; CC BY 4.0 reported by two third-party texts; automated download reported to need a paid subscription with OAuth2 token (nominal noncommercial fee) by one third-party text. EOG licence PDF not opened.,Unclear (CC BY 4.0 reported; fee-tier terms unknown),"Blocked: eogdata.mines.edu and payneinstitute.mines.edu (proxy CONNECT 403, 2026-10-02).","VERIFIED-SECONDARY (GitHub code search: inSileco/ceacws pubs/report/2_data.qmd; Undisclosedgroup/sil-globe-collector osiris-globe-collector/viirs_vbd.py; iadicarlo/seavigil scripts/fetch_viirs_vbd.py). UNVERIFIED (search snippet): latency, 45 and 60 day figures.",no,Register at EOG; allow the host; read the licence PDF; budget for the programmatic tier if needed.,https://eogdata.mines.edu/products/vbd/ ; https://payneinstitute.mines.edu/eog/viirs-boat-detection-vbd ; https://github.com/inSileco/ceacws ; https://github.com/iadicarlo/seavigil ; https://github.com/Undisclosedgroup/sil-globe-collector
N04,"NASA Black Marble VNP46A1 and VNP46A2 (Suomi NPP), VJ146A1 and VJ146A2 (NOAA-20)",night_lights,"Daily gridded DNB radiance at 15 arc-seconds (about 500 m): A1 at-sensor TOA, A2 moonlight-corrected night lights. Persistent-light maps (platforms, flares) and a gridded night layer; an NRT VNP46A1 exists. Point lights are better detected on the raw SDR (N01).",Global daily since 2012-01-19 (Earth Engine extent).,Standard products lag by days (exact figure UNKNOWN); NRT version exists (UNVERIFIED snippet).,"NASA data freely accessible, citation requested (Earth Engine terms text); registry marks NASA JPSS entries CC BY 4.0.",Yes,"Blocked: ladsweb.modaps.eosdis.nasa.gov, blackmarble.gsfc.nasa.gov, earthdata.nasa.gov. Earthdata cloud bucket prod-lads: HTTP 403 AccessDenied anonymous. Earth Engine holds both (not sovereign).","VERIFIED (earthengine-catalog d846f23 VNP46A1 and VNP46A2 entries; registry nasa-jpss.yaml lists prod-lads/VJ146A1, VJ146A2, VJ102DNB, VJ103DNB; worldbank/blackmarblepy README; prod-lads probe). UNVERIFIED (search snippet): VNP46A1_NRT.",no,Earthdata account and token; allow LAADS hosts.,https://github.com/google/earthengine-catalog/blob/main/catalog/NOAA/NOAA_VIIRS_001_VNP46A1.jsonnet ; https://github.com/awslabs/open-data-registry/blob/main/datasets/nasa-jpss.yaml ; https://github.com/worldbank/blackmarblepy ; https://catalog.data.gov/dataset/viirs-npp-daily-gridded-day-night-band-500m-linear-lat-lon-grid-night-nrt-73990
N05,World Bank Light Every Night (bucket globalnightlight),night_lights,"Nightly DNB radiance COGs per 6-minute aggregated granule (SVDNB rade9.co.tif, 160-310 MB) with line/sample geolocation rasters and VIIRS flag rasters; DMSP-OLS 1992-2013. Archive for training a lit-boat detector and a night-light climatology of the AOI.",Global. Registry says VIIRS 2012-2020; bucket holds SNPP months to npp_202512 (last granule 2025-12-08) and NOAA-20 months j01_202306 to j01_202508; nothing for 2026.,Late-2025 months written April-May 2026 (4-10 months behind); registry: quarterly. Not for the live pipeline.,Registry: World Bank Open Database License (ODbL) with a link to CC BY 4.0; project README states CC BY 4.0.,"Yes, with conditions (credit; share-alike if ODbL applies)",HTTP 200 anonymous listings (2026-10-02).,VERIFIED (S3 listings; registry wb-light-every-night.yaml; README of worldbank/OpenNightLights),yes,None (history and training use only).,https://globalnightlight.s3.amazonaws.com/?list-type=2&delimiter=/&prefix=npp_202 ; https://github.com/awslabs/open-data-registry/blob/main/datasets/wb-light-every-night.yaml ; https://github.com/worldbank/OpenNightLights
N06,"SDGSAT-1 Glimmer Imager (Chinese Academy of Sciences, CBAS)",night_lights,10 m panchromatic and 40 m colour night-light imagery; the only open high-resolution night optical found; could resolve fleets and confirm VIIRS lit-boat detections.,Tasked acquisitions; AOI coverage UNKNOWN.,UNKNOWN.,"Free for research through the SDGSAT-1 Open Science Program: registration at sdgsat.ac.cn, verification takes days, initial quota 20 images, proposal for more; shared free with users in more than 104 countries. Terms not read.",Unclear (research use; treat as noncommercial until read),"Blocked: www.sdgsat.ac.cn, sdg.casearth.cn, sdgs.un.org (CONNECT 403).",UNVERIFIED (search snippet) for all statements,no,"Register, submit a proposal, read the terms, allow the host.",https://sdgs.un.org/sites/default/files/2025-08/CBAS%20SDGSAT-1%20User%20Manual.pdf ; https://english.cas.cn/newsroom/news/202209/t20220923_320728.shtml ; https://www.mdpi.com/2072-4292/14/21/5544 ; https://un-spider.org/links-and-resources/data-sources/sdgsat-1-cbas
N07,"Luojia-1 (LJ1-01), Wuhan University",night_lights,"130 m night-light imagery, 250 km swath.",Launched 2018-06-02; reported decommissioned; archive 2018-2019 after registration.,Not applicable.,Registration; terms not read.,Unclear,Not probed (no current data).,UNVERIFIED (search snippet),no,Not worth it.,https://space.skyrocket.de/doc_sdat/luojia-1.htm ; https://darkersky4ce.inaf.it/?p=888 ; https://pmc.ncbi.nlm.nih.gov/articles/PMC6263765/
N08,Jilin-1 night imagery (CG Satellite; resellers such as Apollo Mapping),night_lights,"0.92 m colour night imagery, 11 x 4.5 km footprint; could identify one lit vessel.",Tasking only (new collection with cloud guarantee); no night archive sales.,Tasking lead time UNKNOWN.,Commercial; night price list on request; daytime archive quoted at USD 6-8 per km2 and tasking USD 12-15 per km2 by a reseller.,Contract (paid),"Blocked: apollomapping.com, www.jl1mall.com, www.charmingglobe.com.",UNVERIFIED (search snippet),no,Quote and payment; only for a named target.,https://apollomapping.com/blog/new-lower-priced-92-cm-nighttime-tasking-on-jilin-1 ; https://apollomapping.com/blog/featured-product-high-resolution-video-nighttime-mono-jilin-1-imagery ; https://apollomapping.com/blog/featured-product-jilin-1-imagery-now-with-50-cm-resolution
W01,NOAA GFS 0.25 degree (bucket noaa-gfs-bdp-pds; atmos pgrb2.0p25 and GFS-Wave gridded 0.25),weather_sea_state,"10 m wind (UGRD, VGRD), gust, rain rate (PRATE), significant wave height, wind-sea and swell (HTSGW, WVHGT, SWELL); hourly steps to 120 h. Explains wind clutter and small-boat visibility; wind and sea-state attributes per detection.","Global; archive from gfs.20210101; cycles 00, 06, 12, 18 UTC; 495-540 MB per atmospheric step with .idx; 11.8 MB per wave step.","Measured 2026-10-02: f000 uploaded 3 h 32 min to 3 h 49 min after cycle time (00z 03:49, 06z 09:32, 12z 15:34, 18z 21:37 UTC).",NOAA open data; attribution requested.,Yes,"HTTP 200 anonymous; byte-range read of the two 10 m wind records (2.56 MB) returned HTTP 206 with GRIB headers. Dynamical.org Zarr mirror (bucket dynamical-noaa-gfs, CC BY 4.0) also listable.","VERIFIED (S3 listings, .idx files, range reads; registry noaa-gfs-bdp-pds.yaml and dynamical-noaa-gfs.yaml)",yes,None.,https://noaa-gfs-bdp-pds.s3.amazonaws.com/gfs.20261002/12/atmos/gfs.t12z.pgrb2.0p25.f000.idx ; https://noaa-gfs-bdp-pds.s3.amazonaws.com/gfs.20261002/12/wave/gridded/gfswave.t12z.global.0p25.f000.grib2.idx ; https://github.com/awslabs/open-data-registry/blob/main/datasets/noaa-gfs-bdp-pds.yaml
W02,"ECMWF open data, IFS 0.25 degree (bucket ecmwf-forecasts)",weather_sea_state,"oper stream 10u, 10v, 10fg, tp, msl; wave stream swh, mwd, mwp, pp1d and partitions; ensembles and AIFS. Independent cross-check of GFS.","Global; archive from 2023-01-18; cycles 00, 06, 12 present on 2026-10-02; 139-143 MB per step with JSON .index.","Measured 2026-10-02: 0 h files uploaded 6 h 27 min to 7 h 34 min after cycle time (00z 07:34, 06z 12:27, 12z 19:34 UTC).",CC BY 4.0 plus ECMWF terms of use (registry).,"Yes, with conditions (credit)",HTTP 200 anonymous; byte-range read of the 10u record (875 KB) returned HTTP 206 with a GRIB header.,"VERIFIED (S3 listings, .index, range read; registry ecmwf-forecasts.yaml)",yes,None.,https://ecmwf-forecasts.s3.amazonaws.com/20261002/12z/ifs/0p25/oper/20261002120000-0h-oper-fc.index ; https://github.com/awslabs/open-data-registry/blob/main/datasets/ecmwf-forecasts.yaml
W03,ERA5 reanalysis: ARCO-ERA5 (Google Cloud bucket gcp-public-data-arco-era5) and NSF NCAR copy (bucket nsf-ncar-era5); era5-pds closed,weather_sea_state,"Hourly 0.25 degree 10 m wind, gust, waves and more for the 90-day coverage study and an AOI wind climatology.","Global. ARCO Zarr attributes: 1940-01-01 to 2026-06-30 (ERA5) and to 2026-09-26 (ERA5T), last updated 2026-10-02. NCAR NetCDF by month to 2026-06 (June 2026 10u file 1.49 GB).",ARCO README: ERA5T about one week behind; final ERA5 monthly with three-month delay. NCAR: June 2026 uploaded 2026-09-04.,"Copernicus licence on the data (ARCO README link; Planette registry text: free to share and adapt for any purpose, even commercially, with credit; licence PDF not opened). NCAR adds UCAR terms of use (not read).","Yes, with conditions (credit)",ARCO HTTP 200 (listing and Zarr metadata); NCAR HTTP 200 anonymous listing; era5-pds HTTP 403 AccessDenied; cds.climate.copernicus.eu blocked. Earthmover and Planette Zarr copies listable (not inspected).,"VERIFIED (GCS and S3 reads; google-research/arco-era5 README; registry nsf-ncar-era5.yaml, ecmwf-era5.yaml, planette_era5_reanalysis.yaml, earthmover-era5.yaml)",yes,None.,https://storage.googleapis.com/gcp-public-data-arco-era5/ar/full_37-1h-0p25deg-chunk-1.zarr-v3/.zattrs ; https://github.com/google-research/arco-era5 ; https://nsf-ncar-era5.s3.amazonaws.com/?list-type=2&delimiter=/&prefix=e5.oper.an.sfc/2026 ; https://era5-pds.s3.amazonaws.com/?list-type=2&max-keys=5
W04,Himawari-9 AHI (bucket noaa-himawari9; Himawari-8 archive in noaa-himawari8),weather_sea_state,"Full-disk L1b every 10 minutes, 16 bands in 10 segments (160 bz2 files per slot, 1-8 MB each; band 13 segments 1.3-2.5 MB) and NOAA L2 cloud mask, height and phase (CMSK 356 MB, CHGT 769 MB, CPHS 86 MB per slot). Convective rain cells at the SAR minute.",Geostationary at 140.7E; whole AOI inside the disk. FLDK years 2022-2026 in the Himawari-9 bucket; registry: archive back to July 2015 across both buckets.,Measured 2026-10-02: 22:00 UTC slot files uploaded 22:10-22:12; L2 cloud products 22:18.,JMA data distributed by NOAA freely and openly; attribution to NOAA and JMA requested (registry).,"Yes, with conditions (credit)",HTTP 200 anonymous listings.,VERIFIED (S3 listings; registry noaa-himawari.yaml),yes,None; read band 13 (and 8) only to limit volume.,https://noaa-himawari9.s3.amazonaws.com/?list-type=2&prefix=AHI-L1b-FLDK/2026/10/02/2200/&max-keys=5 ; https://github.com/awslabs/open-data-registry/blob/main/datasets/noaa-himawari.yaml
W05,GPM IMERG V07 Early and Late (NASA GES DISC; Dynamical.org Zarr mirror; Earth Engine),weather_sea_state,Half-hourly 0.1 degree rain estimates; second rain screen where Himawari is ambiguous; rain climatology.,Global 60N-60S; 1998 to present.,"Early about 4 h, Late 12-14 h, Final 3.5 months (UNVERIFIED snippets). Dynamical registry entry: updated every 30 minutes.",NASA: CC BY 4.0 (registry) and freely available (Earth Engine terms). Dynamical: CC BY 4.0.,"Yes, with conditions (credit)",Earthdata cloud bucket gesdisc-cumulus-prod-protected HTTP 403 anonymous; gpm.nasa.gov and gpm1.gesdisc.eosdis.nasa.gov blocked. Dynamical bucket dynamical-nasa-imerg HTTP 200 anonymous listing (Icechunk store v0.1.0; recency not verified; dynamical.org blocked).,"VERIFIED (registry nasa-gpm3imerghhe.yaml, nasa-gpm3imerghhl.yaml, dynamical-nasa-imerg.yaml; bucket probes; earthengine-catalog NASA_GPM_L3_IMERG_V07). UNVERIFIED (search snippet): latencies.",partial,"Through Dynamical after a client test (icechunk, zarr); otherwise Earthdata login.",https://dynamical-nasa-imerg.s3.us-west-2.amazonaws.com/?list-type=2&delimiter=/ ; https://github.com/awslabs/open-data-registry/blob/main/datasets/dynamical-nasa-imerg.yaml ; https://gpm.nasa.gov/resources/faq/what-determines-latency-imerg
W06,"ASCAT ocean winds, MetOp-B and MetOp-C (EUMETSAT OSI SAF via KNMI; NASA PO.DAAC NRT copies)",weather_sea_state,"Observed 10 m wind at 12.5 km sampling (25 km effective), twice daily per satellite; validation of GFS and SAR wind.",Global swaths.,About 2 hours (UNVERIFIED snippet).,OSI SAF: free of charge with the credit copyright (year) EUMETSAT (snippet). PO.DAAC copies: CC BY 4.0 (registry).,"Yes, with conditions (credit)","Blocked: scatterometer.knmi.nl, data.eumetsat.int, osi-saf.eumetsat.int, podaac.jpl.nasa.gov; Earthdata cloud bucket podaac-ops-cumulus-protected needs credentials.","VERIFIED (registry nasa-metop.yaml lists ASCATB and ASCATC L2 coastal NRT). UNVERIFIED (search snippet): latency, OSI SAF terms.",no,Earthdata login or EUMETSAT account; allow the hosts.,https://github.com/awslabs/open-data-registry/blob/main/datasets/nasa-metop.yaml ; https://osi-saf.eumetsat.int/products/osi-104-c ; https://www.earthdata.nasa.gov/data/catalog/pocloud-ascatb-l2-coastal-operational-near-real-time
W07,Wind from Sentinel-1 itself: (a) Level-2 OCN products (OWI 1 km) from CDSE; (b) in-house CMOD on the GRD already in hand,weather_sea_state,Wind speed at SAR pixel scale; rain and clutter diagnosis; direct link between sea state and small-boat visibility.,(a) CDSE documents an on-demand Level-0 to IW_OCN__2S workflow; OCN availability for S1C and S1D UNKNOWN; AWS mirror holds GRD only. (b) Every scene in the pipeline.,(a) UNKNOWN. (b) None beyond scene processing.,"Copernicus terms (A01). xsarsea 2.1.2 (MIT, 2026-02-19) implements the CMOD geophysical model functions.",Yes,(a) CDSE hosts blocked. (b) All inputs present (GRD on the AWS mirror; GFS wind direction).,VERIFIED (eu-cdse/documentation a73e234 On-Demand Production API.qmd; PyPI JSON xsarsea). UNVERIFIED (search snippet): OWI 1 km description.,partial,(b) none; (a) CDSE keys already requested in docs/STATUS.md plus CDSE hosts.,https://github.com/eu-cdse/documentation/blob/publish/APIs/On-Demand%20Production%20API.qmd ; https://pypi.org/pypi/xsarsea/json ; https://catalogue.ceda.ac.uk/uuid/74b47589019e45c187fb5e81b3ad4a31/
O01,"Landsat 9 (USGS), OLI-2 and TIRS-2",optical,30 m multispectral and 15 m panchromatic daytime confirmation of large vessels; doubles the Landsat revisit of B02.,Global land and coastal scenes; Earth Engine LC09 collections from 2021-10-31; 16-day revisit per satellite.,Registry: new scenes daily.,No restrictions; data-source statement requested (registry).,Yes,"AWS usgs-landsat requester-pays (HTTP 403: anonymous users cannot invoke requests against Requester Pays buckets). Google Cloud public bucket lists LC08, LE07, LM01-LM05, LO08, LT04, LT05, LT08 and no LC09. landsatlook.usgs.gov, m2m.cr.usgs.gov, earthexplorer.usgs.gov blocked. Earth Engine holds it (not sovereign).",VERIFIED (bucket probes; GCS listing; earthengine-catalog LANDSAT_LC09_C02_T1_L2.jsonnet; registry usgs-landsat.yaml),no,"AWS credentials and payment of requester fees, or the USGS hosts.",https://usgs-landsat.s3.us-west-2.amazonaws.com/?list-type=2&max-keys=5 ; https://storage.googleapis.com/storage/v1/b/gcp-public-data-landsat/o?delimiter=/&maxResults=20 ; https://github.com/google/earthengine-catalog/blob/main/catalog/LANDSAT/LANDSAT_LC09_C02_T1_L2.jsonnet ; https://github.com/awslabs/open-data-registry/blob/main/datasets/usgs-landsat.yaml
O02,Sentinel-3 OLCI (300 m) and SLSTR (1 km) (AWS bucket meeo-s3; CDSE; NASA LAADS copies),optical,Little: 300 m optical cannot confirm vessels; 1 km night thermal does not see boats.,"Global about every two days (OLCI). AWS mirror lags: S3A OL_1_EFR NRT months end 2026/02, S3B 2025/01; STAC catalog temporal extent ends 2021-05-02.",Not applicable here.,Copernicus terms.,Yes,HTTP 200 anonymous (meeo-s3); CDSE blocked; LAADS copies need Earthdata.,"VERIFIED (S3 listings and catalog.json; registry sentinel-3.yaml, nasa-sentinel-3a.yaml; earthengine-catalog COPERNICUS_S3_OLCI)",no,Not worth it.,https://meeo-s3.s3.amazonaws.com/catalog.json ; https://github.com/awslabs/open-data-registry/blob/main/datasets/sentinel-3.yaml
S01,"SAOCOM-1A and 1B (CONAE, L-band)",sar,L-band wide-swath SAR; looks over the central sea if tasked.,ESA Third Party Mission access limited to the ASI Zone of Exclusivity (mainly Europe and nearby waters) with registration and licence; data acquired outside Europe distributed commercially worldwide by e-GEOS and VENG.,UNKNOWN.,Free only inside the ESA/ASI zone; commercial elsewhere.,Contract (paid),"Blocked: catalog.saocom.conae.gov.ar, www.conae.gov.ar, catalogos.conae.gov.ar; esa.int blocked.",UNVERIFIED (search snippet),no,Not worth it without budget.,https://dragon3.esa.int/eogateway/documents/20142/4278082/SAOCOM-CONAE-Terms-of-Applicability.pdf ; https://www.geoconnexion.com/news/the-italian-company-e-geos-and-the-argentinian-company-veng-have-signed-a-strategic-agreement-for-the-world-wide-distribution-of-satellite-data-from-the-saocom-constellation
S02,"Gaofen-3 (China, C-band)",sar,C-band SAR at 1-500 m.,No access route for foreign users found; the 2019 open-data announcement covers 16 m optical data of Gaofen-1 and Gaofen-6.,UNKNOWN.,UNKNOWN.,Unclear,"Blocked: www.cresda.com, www.sasclouds.com, www.chinageoss.cn.",UNVERIFIED (search snippet); access route UNKNOWN,no,None identified.,https://directory.eoportal.org/satellite-missions/gaofen-3 ; https://old.earthobservations.org/article.php?id=388
S03,"KOMPSAT-5 (KARI; distributed by SI Imaging Services, also on UP42)",sar,Taskable X-band SAR.,Commercial worldwide.,UNKNOWN.,"USD 800-3,800 per scene by mode, archive or tasking, standard licence 1-5 users (reseller snippet).",Contract (paid),Blocked: www.si-imaging.com.,UNVERIFIED (search snippet),no,Quote.,https://www.si-imaging.com/51_en/34 ; https://geoconnexion.com/news/up42-expands-optical-and-sar-data-offering-with-si-imaging-services-of-korea
S04,NovaSAR-1 (SSTL; CSIRO NovaSAR-1 National Facility share),sar,S-band SAR with 400 km Maritime mode and 6 m StripMap; a third band for the sensor-agnostic design (compare D13 NASTaR).,"Archive 2019 to present under CSIRO's share, mostly Australia; users anywhere can register and request tasking.",UNKNOWN.,Free registration and EULA acceptance; limited non-transferable licence for internal use; commercial and operational activities reported as not supported.,No (reported),"Blocked: data.csiro.au, research.csiro.au.",UNVERIFIED (search snippet),no,Register (research only); keep out of the Viettel path.,https://research.csiro.au/cceo/novasar/data/ ; https://research.csiro.au/cceo/wp-content/uploads/sites/252/2025/01/NovaSAR-1-EULA-v2.pdf ; https://data.gov.au/data/dataset/fedora-pid_csiro-57774
S05,"TerraSAR-X and TanDEM-X (DLR) and PAZ (Hisdesat, INTA)",sar,X-band 1-40 m SAR under scientific quotas.,"Science proposals to DLR and INTA; joint CSA, DLR and INTA call closed 2024-09-30; accepted proposals get a quota under a scientific-use licence. TerraSAR-X (TX01) is a Copernicus Contributing Mission in CDSE with access limited to six CCM user categories and an application answered within one business day.",UNKNOWN.,"Scientific-use licence (non-exclusive, non-transferable, for the approved investigation); commercial sales exist separately (not researched).",No for science data,"Blocked: geoservice.dlr.de, www.inta.es, dataspace.copernicus.eu.",VERIFIED (eu-cdse/documentation a73e234: Data/Others/CCM.qmd lists TX01; FAQ.qmd CCM user categories). UNVERIFIED (search snippet): proposal process and licence.,no,Science proposal (papers only).,https://github.com/eu-cdse/documentation/blob/publish/Data/Others/CCM.qmd ; https://github.com/eu-cdse/documentation/blob/publish/FAQ.qmd ; https://www.inta.es/export/sites/default/.galleries/Paz-Ciencia-Descarga/Joint-CSA-DLR-INTA-Call_v1.0.pdf ; https://geoservice.dlr.de/resources/licenses/tsx/TSX-TDX-user-license-v2.2.pdf
S06,"ALOS-4 PALSAR-3 (JAXA, L-band); update of data_landscape row A10",sar,3 m L-band SAR with 200 km swath.,"Standard products via data service providers or JAXA agreements and joint research (JAXA EORC page). PASCO distribution began 2025-11-10; Tenchijin sells until March 2028. G-Portal ALOS-series Open and Free distribution suspended from October 2025, resumed 2026-03-23; content UNKNOWN (ALOS-2 ScanSAR L2.2 is the known open product). No open ALOS-4 tier found.",UNKNOWN.,Commercial; prices not found.,Contract (paid),"Blocked: www.eorc.jaxa.jp, gportal.jaxa.jp, satpf.jp.",UNVERIFIED (search snippet),no,Quote; check G-Portal once allowed.,https://www.eorc.jaxa.jp/ALOS/en/alos-4/a4_data_e.htm ; https://satpf.jp/spf_atl/ ; https://gportal.jaxa.jp/gpr/notice/notice/view/1455
S07,"Sentinel Asia (APRSAF, JAXA)",sar,Emergency observations by member agencies' satellites (ALOS-2 named) after a disaster.,Asia-Pacific; only on an Emergency Observation Request by a Joint Project Team member for a major disaster; data under each provider's policy; not for routine monitoring.,Not applicable.,Member rules.,Not applicable,Blocked: sentinel-asia.org.,UNVERIFIED (search snippet),no,Not worth it except in a disaster case.,https://sentinel-asia.org/e-learning/SentinelAsiaProcedures/PEOR.pdf ; https://sentinel-asia.org/e-learning/TrainingMaterials/Indonesia_training/D01_20250616_Overview_of_Sentinel_Asia.pdf
V01,"VNREDSat-1 (VAST, operated with VNSC)",vietnam,Vietnamese high-resolution daytime optical imagery; confirmation over Ca Mau and the Gulf of Tonkin under national control.,Launched 2013-05-07; in 2026 still providing data in its 14th year; control-system faults resolved and normal operations resumed May 2025; expected to deliver one to two more years.,UNKNOWN.,No open portal found; access by agreement.,Unclear,"Blocked: www.vnsc.org.vn, vnredsat.vnsc.org.vn, sti.vast.vn, vast.gov.vn.",UNVERIFIED (search snippet),no,Ask VNSC for archive or tasking over the sub-areas.,https://vietnamnews.vn/Sci-Tech/1799183/vnredsat-1-programme-lays-foundation-for-viet-nam-france-space-technology-cooperation.html ; https://news.tuoitre.vn/vietnams-earth-observation-satellite-vnredsat-1-resumes-normal-operations-103250502150722124.htm
V02,Vietnam Data Cube (VNSC with CSIRO),vietnam,"National Open Data Cube of Landsat, Sentinel and ALOS imagery with free tools (200 TB server); duplicates sources the pipeline already reads.",Vietnam; 2026 status UNKNOWN (news items 2018-2019).,Not applicable.,Described as free.,Unclear,Blocked: datacube.vnsc.org.vn.,UNVERIFIED (search snippet),no,Not worth it.,https://vietnamnet.vn/en/new-satellite-data-sharing-system-introduced-E196898.html ; https://ceos.org/document_management/Working_Groups/WGDisasters/MeetingsWGD/WGDisasters_Mtg-10_Naples/08-CEOS%20Data%20Cube%20and%20Vietnam.pdf
V03,"Decree 41/2026/ND-CP of 25 January 2026 (VMS rules; context row, closes part of open item O16 in data_landscape.md)",vietnam,Nothing new for data access: VMS data (position and track) stored in the state VMS software under the Ministry of Agriculture and Environment; provider software must connect to and share data with central and local management agencies; at most two devices per vessel; device rules in Appendix VII (Article 26).,Vietnam; in force from issuance.,Not applicable.,Not applicable.,Not applicable,"Full text hosted at cdn.haiphong.gov.vn (PDF) and stp.quangngai.gov.vn (DOC); both blocked, as is hethongphapluat.com.",UNVERIFIED (search snippet),no,Open the PDF to confirm whether the provider-release limits of the predecessor decree survive.,https://cdn.haiphong.gov.vn/gov-hpg/5892/tintuc/2026/1/nd-41-cua-cp639051840336894571.pdf ; https://stp.quangngai.gov.vn/upload/2006755/20260618/NGHI_DINH_41_238b8.doc ; https://hethongphapluat.com/nghi-dinh-41-2026-nd-cp-huong-dan-luat-thuy-san/dieu-26
