mission,pol,inc_bin,median,q25,q75,n
S1A,VH,30.5,-23.35,-23.51,-23.14,355
S1A,VH,31.5,-23.92,-24.17,-23.59,2702
S1A,VH,32.5,-24.33,-24.52,-24.09,2792
S1A,VH,33.5,-24.53,-24.72,-24.28,2838
S1A,VH,34.5,-24.89,-25.07,-24.63,2880
S1A,VH,35.5,-24.84,-25.06,-24.52,2946
S1A,VH,36.5,-24.38,-24.77,-24.03,3003
S1A,VH,37.5,-25.99,-26.28,-25.66,3063
S1A,VH,38.5,-26.76,-26.94,-26.55,3132
S1A,VH,39.5,-27.02,-27.16,-26.81,3193
S1A,VH,40.5,-26.54,-26.8,-26.27,3283
S1A,VH,41.5,-25.52,-26.08,-24.98,3349
S1A,VH,42.5,-28.75,-29.38,-28.03,3433
S1A,VH,43.5,-30.19,-30.4,-29.83,3516
S1A,VH,44.5,-29.26,-29.79,-28.69,3606
S1A,VH,45.5,-26.27,-27.22,-25.21,3432
S1A,VV,30.5,-23.86,-24.09,-23.64,355
S1A,VV,31.5,-24.44,-24.72,-24.08,2702
S1A,VV,32.5,-24.81,-25.07,-24.56,2792
S1A,VV,33.5,-25.01,-25.25,-24.72,2838
S1A,VV,34.5,-25.38,-25.62,-25.09,2880
S1A,VV,35.5,-25.32,-25.58,-24.96,2946
S1A,VV,36.5,-24.85,-25.25,-24.48,3003
S1A,VV,37.5,-26.44,-26.75,-26.1,3063
S1A,VV,38.5,-27.26,-27.47,-27.04,3132
S1A,VV,39.5,-27.57,-27.76,-27.36,3193
S1A,VV,40.5,-27.14,-27.42,-26.86,3283
S1A,VV,41.5,-26.05,-26.51,-25.52,3349
S1A,VV,42.5,-28.83,-29.41,-28.12,3433
S1A,VV,43.5,-30.22,-30.43,-29.85,3516
S1A,VV,44.5,-29.36,-29.85,-28.82,3606
S1A,VV,45.5,-26.42,-27.35,-25.37,3432
S1C,VH,30.5,-25.59,-25.73,-25.38,103
S1C,VH,31.5,-25.96,-26.26,-25.66,2857
S1C,VH,32.5,-26.38,-26.59,-26.06,2916
S1C,VH,33.5,-26.52,-26.73,-26.2,2951
S1C,VH,34.5,-26.8,-27.03,-26.48,3013
S1C,VH,35.5,-26.67,-26.93,-26.37,3075
S1C,VH,36.5,-26.13,-26.62,-25.71,3156
S1C,VH,37.5,-27.89,-28.36,-27.43,3216
S1C,VH,38.5,-28.67,-29.22,-28.34,3287
S1C,VH,39.5,-28.83,-29.44,-28.59,3357
S1C,VH,40.5,-28.43,-28.91,-28.01,3420
S1C,VH,41.5,-27.2,-28.0,-26.55,3510
S1C,VH,42.5,-30.48,-31.08,-29.78,3637
S1C,VH,43.5,-31.75,-32.13,-31.43,3720
S1C,VH,44.5,-31.0,-31.48,-30.46,3820
S1C,VH,45.5,-28.23,-29.09,-27.23,3532
S1C,VV,30.5,-25.51,-25.65,-25.31,103
S1C,VV,31.5,-25.92,-26.19,-25.61,2857
S1C,VV,32.5,-26.32,-26.53,-26.06,2916
S1C,VV,33.5,-26.51,-26.72,-26.24,2951
S1C,VV,34.5,-26.83,-27.04,-26.55,3013
S1C,VV,35.5,-26.71,-26.95,-26.42,3075
S1C,VV,36.5,-26.18,-26.66,-25.75,3156
S1C,VV,37.5,-27.92,-28.3,-27.5,3216
S1C,VV,38.5,-28.72,-29.11,-28.43,3287
S1C,VV,39.5,-28.92,-29.33,-28.69,3357
S1C,VV,40.5,-28.51,-28.87,-28.14,3420
S1C,VV,41.5,-27.28,-27.95,-26.64,3510
S1C,VV,42.5,-30.37,-30.94,-29.66,3637
S1C,VV,43.5,-31.62,-31.91,-31.37,3720
S1C,VV,44.5,-30.85,-31.29,-30.32,3820
S1C,VV,45.5,-28.06,-28.92,-27.07,3532
S1D,VH,30.5,-25.11,-25.33,-24.78,156
S1D,VH,31.5,-25.76,-26.11,-25.38,2857
S1D,VH,32.5,-26.35,-26.6,-25.97,2934
S1D,VH,33.5,-26.51,-26.76,-26.12,2957
S1D,VH,34.5,-26.73,-26.98,-26.35,3020
S1D,VH,35.5,-26.65,-26.92,-26.25,3089
S1D,VH,36.5,-26.16,-26.56,-25.72,3164
S1D,VH,37.5,-27.84,-28.33,-27.43,3226
S1D,VH,38.5,-28.8,-29.11,-28.27,3294
S1D,VH,39.5,-29.02,-29.3,-28.45,3371
S1D,VH,40.5,-28.41,-28.84,-27.99,3442
S1D,VH,41.5,-27.25,-27.87,-26.69,3524
S1D,VH,42.5,-30.09,-30.75,-29.39,3610
S1D,VH,43.5,-31.57,-31.79,-30.91,3702
S1D,VH,44.5,-30.54,-31.13,-30.01,3796
S1D,VH,45.5,-27.59,-28.54,-26.5,3764
S1D,VV,30.5,-24.97,-25.2,-24.71,156
S1D,VV,31.5,-25.65,-25.97,-25.32,2857
S1D,VV,32.5,-26.2,-26.45,-25.93,2934
S1D,VV,33.5,-26.39,-26.64,-26.12,2957
S1D,VV,34.5,-26.66,-26.91,-26.39,3020
S1D,VV,35.5,-26.58,-26.84,-26.29,3089
S1D,VV,36.5,-26.27,-26.85,-25.78,3164
S1D,VV,37.5,-28.24,-28.62,-27.86,3226
S1D,VV,38.5,-29.12,-29.38,-28.79,3294
S1D,VV,39.5,-29.36,-29.57,-28.97,3371
S1D,VV,40.5,-28.79,-29.13,-28.48,3442
S1D,VV,41.5,-27.57,-27.97,-27.08,3524
S1D,VV,42.5,-29.94,-30.51,-29.23,3610
S1D,VV,43.5,-31.27,-31.49,-30.95,3702
S1D,VV,44.5,-30.4,-30.86,-29.85,3796
S1D,VV,45.5,-27.4,-28.36,-26.31,3764
