mission,product_id,VH,VV
S1A,S1A_IW_GRDH_1SDV_20220103T215506_20220103T215531_041302_04E8DF_0EC4,-26.33,-26.83
S1A,S1A_IW_GRDH_1SDV_20220329T101717_20220329T101742_042534_0512C9_821F,-26.32,-26.75
S1A,S1A_IW_GRDH_1SDV_20220403T224832_20220403T224857_042615_051586_1B8C,-25.77,-26.16
S1A,S1A_IW_GRDH_1SDV_20220410T223951_20220410T224016_042717_051900_BCDA,-26.32,-26.76
S1A,S1A_IW_GRDH_1SDV_20220412T114322_20220412T114347_042740_0519A7_E724,-26.29,-26.55
S1A,S1A_IW_GRDH_1SDV_20220427T224833_20220427T224858_042965_052127_BCBA,-25.78,-26.26
S1A,S1A_IW_GRDH_1SDV_20220428T215025_20220428T215050_042979_05219D_F5D3,-25.92,-26.48
S1A,S1A_IW_GRDH_1SDV_20220428T215255_20220428T215320_042979_05219D_DE39,-26.2,-26.77
S1A,S1A_IW_GRDH_1SDV_20220508T112533_20220508T112558_043118_052642_4137,-25.85,-26.14
S1A,S1A_IW_GRDH_1SDV_20220607T225515_20220607T225544_043563_053399_9C78,-25.81,-26.3
S1A,S1A_IW_GRDH_1SDV_20220621T101756_20220621T101825_043759_05396E_96C2,-26.26,-26.64
S1A,S1A_IW_GRDH_1SDV_20220629T213553_20220629T213618_043883_053D21_4D19,-25.96,-26.26
S1A,S1A_IW_GRDH_1SDV_20220704T231802_20220704T231827_043957_053F4D_5B25,-26.16,-26.55
S1A,S1A_IW_GRDH_1SDV_20220708T224838_20220708T224906_044015_054101_511B,-25.7,-26.19
S1A,S1A_IW_GRDH_1SDV_20220711T231157_20220711T231222_044059_054255_121F,-26.2,-26.73
S1A,S1A_IW_GRDH_1SDV_20220809T214426_20220809T214451_044481_054EE1_B962,-26.21,-26.55
S1A,S1A_IW_GRDH_1SDV_20220816T105651_20220816T105716_044577_055208_38DB,-25.99,-26.41
S1A,S1A_IW_GRDH_1SDV_20220821T214157_20220821T214222_044656_0554C5_912F,-26.29,-26.75
S1A,S1A_IW_GRDH_1SDV_20220824T112810_20220824T112835_044694_055605_5778,-26.19,-26.68
S1C,S1C_IW_GRDH_1SDV_20260704T095842_20260704T095907_008392_0109AC_2458,-28.68,-28.41
S1C,S1C_IW_GRDH_1SDV_20260704T095947_20260704T100017_008392_0109AD_3303,-28.54,-28.36
S1C,S1C_IW_GRDH_1SDV_20260712T224252_20260712T224321_008516_010DC0_56BE,-28.08,-28.19
S1C,S1C_IW_GRDH_1SDV_20260721T100558_20260721T100623_008640_0111E9_79D0,-27.39,-27.35
S1C,S1C_IW_GRDH_1SDV_20260728T095909_20260728T095923_008742_011531_0D89,-29.22,-29.05
S1C,S1C_IW_GRDH_1SDV_20260731T223537_20260731T223602_008793_0116E2_A418,-27.6,-27.69
S1C,S1C_IW_GRDH_1SDV_20260802T100559_20260802T100624_008815_0117B0_60B5,-27.41,-27.5
S1C,S1C_IW_GRDH_1SDV_20260802T100624_20260802T100649_008815_0117B0_C189,-27.42,-27.45
S1C,S1C_IW_GRDH_1SDV_20260803T104843_20260803T104917_008830_01183F_5B25,-28.25,-28.11
S1C,S1C_IW_GRDH_1SDV_20260805T224253_20260805T224322_008866_011962_DB1A,-28.03,-28.15
S1C,S1C_IW_GRDH_1SDV_20260829T224254_20260829T224323_009216_0124FB_BB3C,-28.14,-28.13
S1C,S1C_IW_GRDH_1SDV_20260904T215313_20260904T215343_009303_0127E5_047B,-28.54,-28.46
S1C,S1C_IW_GRDH_1SDV_20260907T100535_20260907T100600_009340_012936_37F3,-28.1,-28.07
S1C,S1C_IW_GRDH_1SDV_20260907T100600_20260907T100625_009340_012936_EDE7,-27.52,-27.68
S1C,S1C_IW_GRDH_1SDV_20260907T100625_20260907T100650_009340_012936_A162,-27.55,-27.66
S1C,S1C_IW_GRDH_1SDV_20260907T100650_20260907T100723_009340_012936_4C68,-28.17,-28.09
S1C,S1C_IW_GRDH_1SDV_20260920T104845_20260920T104919_009530_012F70_A595,-28.25,-28.31
S1C,S1C_IW_GRDH_1SDV_20260927T225047_20260927T225116_009639_0132F9_A4BB,-27.8,-27.92
S1C,S1C_IW_GRDH_1SDV_20260928T111933_20260928T111958_009647_01333F_51CB,-28.04,-28.0
S1C,S1C_IW_GRDH_1SDV_20260929T223604_20260929T223629_009668_0133F9_DB47,-27.69,-27.73
S1D,S1D_IW_GRDH_1SDV_20260704T104923_20260704T104948_003523_0063E9_4BE1,-27.27,-27.71
S1D,S1D_IW_GRDH_1SDV_20260707T111049_20260707T111114_003567_006566_AF0A,-27.4,-27.77
S1D,S1D_IW_GRDH_1SDV_20260710T100003_20260710T100032_003610_0066D8_CF2F,-28.13,-28.41
S1D,S1D_IW_GRDH_1SDV_20260721T105620_20260721T105645_003771_006C51_4C85,-28.28,-28.28
S1D,S1D_IW_GRDH_1SDV_20260727T222342_20260727T222407_003865_006F93_D0C1,-28.29,-28.34
S1D,S1D_IW_GRDH_1SDV_20260802T230904_20260802T230929_003953_0072B4_A8D6,-27.38,-27.72
S1D,S1D_IW_GRDH_1SDV_20260809T104925_20260809T104950_004048_0075F0_D5AD,-27.16,-27.66
S1D,S1D_IW_GRDH_1SDV_20260810T112624_20260810T112649_004063_007671_9A1E,-28.17,-28.26
S1D,S1D_IW_GRDH_1SDV_20260812T214712_20260812T214737_004098_0077A9_2092,-28.09,-28.26
S1D,S1D_IW_GRDH_1SDV_20260813T101649_20260813T101718_004106_0077EC_257E,-27.66,-27.98
S1D,S1D_IW_GRDH_1SDV_20260829T215611_20260829T215636_004346_008057_5BD6,-28.05,-28.17
S1D,S1D_IW_GRDH_1SDV_20260907T105621_20260907T105646_004471_0084B6_61D4,-28.21,-28.23
S1D,S1D_IW_GRDH_1SDV_20260909T225424_20260909T225453_004507_0085FD_328C,-27.73,-28.04
S1D,S1D_IW_GRDH_1SDV_20260909T225453_20260909T225518_004507_0085FD_DD3C,-27.2,-27.62
S1D,S1D_IW_GRDH_1SDV_20260912T110447_20260912T110512_004544_00873C_0DEE,-27.59,-27.93
S1D,S1D_IW_GRDH_1SDV_20260914T230157_20260914T230222_004580_00887A_8300,-28.28,-28.35
S1D,S1D_IW_GRDH_1SDV_20260916T224257_20260916T224326_004609_00897C_AC48,-28.09,-28.47
S1D,S1D_IW_GRDH_1SDV_20260922T215637_20260922T215702_004696_008C74_876B,-27.72,-28.06
S1D,S1D_IW_GRDH_1SDV_20260923T223955_20260923T224020_004711_008CFE_5C4B,-28.22,-28.31
S1D,S1D_IW_GRDH_1SDV_20260928T224506_20260928T224531_004784_008F8A_9B63,-27.91,-27.99
