product_id,platform,mission,mode,polarization,pols,start_utc,stop_utc,orbit_abs,orbit_rel,pass_dir,source,path,aoi_overlap_km2,aoi_coverage,search_start,search_end
S1D_IW_GRDH_1SDV_20260706T224502_20260706T224527_003559_006527_2B65,SENTINEL-1D,S1D,IW,DV,VV+VH,2026-07-06 22:45:02,2026-07-06 22:45:27,3559,18,DESCENDING,aws:sentinel-s1-l1c,GRD/2026/7/6/IW/DV/S1D_IW_GRDH_1SDV_20260706T224502_20260706T224527_003559_006527_2B65,9934.3,0.142,2026-07-04,2026-10-02
S1D_IW_GRDH_1SDV_20260706T224527_20260706T224546_003559_006527_D64E,SENTINEL-1D,S1D,IW,DV,VV+VH,2026-07-06 22:45:27,2026-07-06 22:45:46,3559,18,DESCENDING,aws:sentinel-s1-l1c,GRD/2026/7/6/IW/DV/S1D_IW_GRDH_1SDV_20260706T224527_20260706T224546_003559_006527_D64E,21891.7,0.313,2026-07-04,2026-10-02
S1D_IW_GRDH_1SDV_20260707T111020_20260707T111049_003567_006566_C4D4,SENTINEL-1D,S1D,IW,DV,VV+VH,2026-07-07 11:10:20,2026-07-07 11:10:49,3567,26,ASCENDING,aws:sentinel-s1-l1c,GRD/2026/7/7/IW/DV/S1D_IW_GRDH_1SDV_20260707T111020_20260707T111049_003567_006566_C4D4,29507.0,0.422,2026-07-04,2026-10-02
S1D_IW_GRDH_1SDV_20260707T111049_20260707T111114_003567_006566_AF0A,SENTINEL-1D,S1D,IW,DV,VV+VH,2026-07-07 11:10:49,2026-07-07 11:11:14,3567,26,ASCENDING,aws:sentinel-s1-l1c,GRD/2026/7/7/IW/DV/S1D_IW_GRDH_1SDV_20260707T111049_20260707T111114_003567_006566_AF0A,2768.0,0.04,2026-07-04,2026-10-02
S1D_IW_GRDH_1SDV_20260712T111822_20260712T111847_003640_0067DA_C54B,SENTINEL-1D,S1D,IW,DV,VV+VH,2026-07-12 11:18:22,2026-07-12 11:18:47,3640,99,ASCENDING,aws:sentinel-s1-l1c,GRD/2026/7/12/IW/DV/S1D_IW_GRDH_1SDV_20260712T111822_20260712T111847_003640_0067DA_C54B,23231.5,0.332,2026-07-04,2026-10-02
S1D_IW_GRDH_1SDV_20260712T111847_20260712T111912_003640_0067DA_6AB8,SENTINEL-1D,S1D,IW,DV,VV+VH,2026-07-12 11:18:47,2026-07-12 11:19:12,3640,99,ASCENDING,aws:sentinel-s1-l1c,GRD/2026/7/12/IW/DV/S1D_IW_GRDH_1SDV_20260712T111847_20260712T111912_003640_0067DA_6AB8,14828.4,0.212,2026-07-04,2026-10-02
S1D_IW_GRDH_1SDV_20260718T224503_20260718T224528_003734_006B1A_A548,SENTINEL-1D,S1D,IW,DV,VV+VH,2026-07-18 22:45:03,2026-07-18 22:45:28,3734,18,DESCENDING,aws:sentinel-s1-l1c,GRD/2026/7/18/IW/DV/S1D_IW_GRDH_1SDV_20260718T224503_20260718T224528_003734_006B1A_A548,9935.6,0.142,2026-07-04,2026-10-02
S1D_IW_GRDH_1SDV_20260718T224528_20260718T224547_003734_006B1A_8027,SENTINEL-1D,S1D,IW,DV,VV+VH,2026-07-18 22:45:28,2026-07-18 22:45:47,3734,18,DESCENDING,aws:sentinel-s1-l1c,GRD/2026/7/18/IW/DV/S1D_IW_GRDH_1SDV_20260718T224528_20260718T224547_003734_006B1A_8027,21898.0,0.313,2026-07-04,2026-10-02
S1D_IW_GRDH_1SDV_20260719T111021_20260719T111050_003742_006B5D_B23F,SENTINEL-1D,S1D,IW,DV,VV+VH,2026-07-19 11:10:21,2026-07-19 11:10:50,3742,26,ASCENDING,aws:sentinel-s1-l1c,GRD/2026/7/19/IW/DV/S1D_IW_GRDH_1SDV_20260719T111021_20260719T111050_003742_006B5D_B23F,29506.5,0.422,2026-07-04,2026-10-02
S1D_IW_GRDH_1SDV_20260719T111050_20260719T111115_003742_006B5D_EB7B,SENTINEL-1D,S1D,IW,DV,VV+VH,2026-07-19 11:10:50,2026-07-19 11:11:15,3742,26,ASCENDING,aws:sentinel-s1-l1c,GRD/2026/7/19/IW/DV/S1D_IW_GRDH_1SDV_20260719T111050_20260719T111115_003742_006B5D_EB7B,2765.4,0.04,2026-07-04,2026-10-02
S1D_IW_GRDH_1SDV_20260724T111822_20260724T111847_003815_006DD9_C6AA,SENTINEL-1D,S1D,IW,DV,VV+VH,2026-07-24 11:18:22,2026-07-24 11:18:47,3815,99,ASCENDING,aws:sentinel-s1-l1c,GRD/2026/7/24/IW/DV/S1D_IW_GRDH_1SDV_20260724T111822_20260724T111847_003815_006DD9_C6AA,23227.4,0.332,2026-07-04,2026-10-02
S1D_IW_GRDH_1SDV_20260724T111847_20260724T111912_003815_006DD9_F65B,SENTINEL-1D,S1D,IW,DV,VV+VH,2026-07-24 11:18:47,2026-07-24 11:19:12,3815,99,ASCENDING,aws:sentinel-s1-l1c,GRD/2026/7/24/IW/DV/S1D_IW_GRDH_1SDV_20260724T111847_20260724T111912_003815_006DD9_F65B,14818.2,0.212,2026-07-04,2026-10-02
S1D_IW_GRDH_1SDV_20260730T224504_20260730T224529_003909_00711D_61DD,SENTINEL-1D,S1D,IW,DV,VV+VH,2026-07-30 22:45:04,2026-07-30 22:45:29,3909,18,DESCENDING,aws:sentinel-s1-l1c,GRD/2026/7/30/IW/DV/S1D_IW_GRDH_1SDV_20260730T224504_20260730T224529_003909_00711D_61DD,9937.0,0.142,2026-07-04,2026-10-02
S1D_IW_GRDH_1SDV_20260730T224529_20260730T224548_003909_00711D_233A,SENTINEL-1D,S1D,IW,DV,VV+VH,2026-07-30 22:45:29,2026-07-30 22:45:48,3909,18,DESCENDING,aws:sentinel-s1-l1c,GRD/2026/7/30/IW/DV/S1D_IW_GRDH_1SDV_20260730T224529_20260730T224548_003909_00711D_233A,21896.0,0.313,2026-07-04,2026-10-02
S1D_IW_GRDH_1SDV_20260731T111021_20260731T111051_003917_00715F_67BF,SENTINEL-1D,S1D,IW,DV,VV+VH,2026-07-31 11:10:21,2026-07-31 11:10:51,3917,26,ASCENDING,aws:sentinel-s1-l1c,GRD/2026/7/31/IW/DV/S1D_IW_GRDH_1SDV_20260731T111021_20260731T111051_003917_00715F_67BF,29504.4,0.422,2026-07-04,2026-10-02
S1D_IW_GRDH_1SDV_20260731T111051_20260731T111116_003917_00715F_B3B8,SENTINEL-1D,S1D,IW,DV,VV+VH,2026-07-31 11:10:51,2026-07-31 11:11:16,3917,26,ASCENDING,aws:sentinel-s1-l1c,GRD/2026/7/31/IW/DV/S1D_IW_GRDH_1SDV_20260731T111051_20260731T111116_003917_00715F_B3B8,2766.4,0.04,2026-07-04,2026-10-02
S1D_IW_GRDH_1SDV_20260804T225311_20260804T225335_003982_0073B1_F5F5,SENTINEL-1D,S1D,IW,DV,VV+VH,2026-08-04 22:53:11,2026-08-04 22:53:35,3982,91,DESCENDING,aws:sentinel-s1-l1c,GRD/2026/8/4/IW/DV/S1D_IW_GRDH_1SDV_20260804T225311_20260804T225335_003982_0073B1_F5F5,1372.1,0.02,2026-07-04,2026-10-02
S1D_IW_GRDH_1SDV_20260805T111823_20260805T111848_003990_0073F4_3D73,SENTINEL-1D,S1D,IW,DV,VV+VH,2026-08-05 11:18:23,2026-08-05 11:18:48,3990,99,ASCENDING,aws:sentinel-s1-l1c,GRD/2026/8/5/IW/DV/S1D_IW_GRDH_1SDV_20260805T111823_20260805T111848_003990_0073F4_3D73,23241.5,0.332,2026-07-04,2026-10-02
S1D_IW_GRDH_1SDV_20260805T111848_20260805T111913_003990_0073F4_ACE5,SENTINEL-1D,S1D,IW,DV,VV+VH,2026-08-05 11:18:48,2026-08-05 11:19:13,3990,99,ASCENDING,aws:sentinel-s1-l1c,GRD/2026/8/5/IW/DV/S1D_IW_GRDH_1SDV_20260805T111848_20260805T111913_003990_0073F4_ACE5,14832.0,0.212,2026-07-04,2026-10-02
S1D_IW_GRDH_1SDV_20260811T224505_20260811T224530_004084_007730_0CBC,SENTINEL-1D,S1D,IW,DV,VV+VH,2026-08-11 22:45:05,2026-08-11 22:45:30,4084,18,DESCENDING,aws:sentinel-s1-l1c,GRD/2026/8/11/IW/DV/S1D_IW_GRDH_1SDV_20260811T224505_20260811T224530_004084_007730_0CBC,9939.0,0.142,2026-07-04,2026-10-02
S1D_IW_GRDH_1SDV_20260811T224530_20260811T224548_004084_007730_83B6,SENTINEL-1D,S1D,IW,DV,VV+VH,2026-08-11 22:45:30,2026-08-11 22:45:48,4084,18,DESCENDING,aws:sentinel-s1-l1c,GRD/2026/8/11/IW/DV/S1D_IW_GRDH_1SDV_20260811T224530_20260811T224548_004084_007730_83B6,21894.3,0.313,2026-07-04,2026-10-02
S1D_IW_GRDH_1SDV_20260812T111022_20260812T111051_004092_007771_3991,SENTINEL-1D,S1D,IW,DV,VV+VH,2026-08-12 11:10:22,2026-08-12 11:10:51,4092,26,ASCENDING,aws:sentinel-s1-l1c,GRD/2026/8/12/IW/DV/S1D_IW_GRDH_1SDV_20260812T111022_20260812T111051_004092_007771_3991,29501.8,0.422,2026-07-04,2026-10-02
S1D_IW_GRDH_1SDV_20260812T111051_20260812T111116_004092_007771_B4CB,SENTINEL-1D,S1D,IW,DV,VV+VH,2026-08-12 11:10:51,2026-08-12 11:11:16,4092,26,ASCENDING,aws:sentinel-s1-l1c,GRD/2026/8/12/IW/DV/S1D_IW_GRDH_1SDV_20260812T111051_20260812T111116_004092_007771_B4CB,2765.8,0.04,2026-07-04,2026-10-02
S1D_IW_GRDH_1SDV_20260817T111823_20260817T111848_004165_0079F6_FF00,SENTINEL-1D,S1D,IW,DV,VV+VH,2026-08-17 11:18:23,2026-08-17 11:18:48,4165,99,ASCENDING,aws:sentinel-s1-l1c,GRD/2026/8/17/IW/DV/S1D_IW_GRDH_1SDV_20260817T111823_20260817T111848_004165_0079F6_FF00,23242.7,0.332,2026-07-04,2026-10-02
S1D_IW_GRDH_1SDV_20260817T111848_20260817T111913_004165_0079F6_63C4,SENTINEL-1D,S1D,IW,DV,VV+VH,2026-08-17 11:18:48,2026-08-17 11:19:13,4165,99,ASCENDING,aws:sentinel-s1-l1c,GRD/2026/8/17/IW/DV/S1D_IW_GRDH_1SDV_20260817T111848_20260817T111913_004165_0079F6_63C4,14831.0,0.212,2026-07-04,2026-10-02
S1D_IW_GRDH_1SDV_20260823T224511_20260823T224536_004259_007D52_E273,SENTINEL-1D,S1D,IW,DV,VV+VH,2026-08-23 22:45:11,2026-08-23 22:45:36,4259,18,DESCENDING,aws:sentinel-s1-l1c,GRD/2026/8/23/IW/DV/S1D_IW_GRDH_1SDV_20260823T224511_20260823T224536_004259_007D52_E273,16789.3,0.24,2026-07-04,2026-10-02
S1D_IW_GRDH_1SDV_20260823T224536_20260823T224549_004259_007D52_51E8,SENTINEL-1D,S1D,IW,DV,VV+VH,2026-08-23 22:45:36,2026-08-23 22:45:49,4259,18,DESCENDING,aws:sentinel-s1-l1c,GRD/2026/8/23/IW/DV/S1D_IW_GRDH_1SDV_20260823T224536_20260823T224549_004259_007D52_51E8,15035.8,0.215,2026-07-04,2026-10-02
S1D_IW_GRDH_1SDV_20260824T111023_20260824T111052_004267_007D96_6021,SENTINEL-1D,S1D,IW,DV,VV+VH,2026-08-24 11:10:23,2026-08-24 11:10:52,4267,26,ASCENDING,aws:sentinel-s1-l1c,GRD/2026/8/24/IW/DV/S1D_IW_GRDH_1SDV_20260824T111023_20260824T111052_004267_007D96_6021,29500.7,0.422,2026-07-04,2026-10-02
S1D_IW_GRDH_1SDV_20260824T111052_20260824T111117_004267_007D96_36E3,SENTINEL-1D,S1D,IW,DV,VV+VH,2026-08-24 11:10:52,2026-08-24 11:11:17,4267,26,ASCENDING,aws:sentinel-s1-l1c,GRD/2026/8/24/IW/DV/S1D_IW_GRDH_1SDV_20260824T111052_20260824T111117_004267_007D96_36E3,2763.9,0.04,2026-07-04,2026-10-02
S1D_IW_GRDH_1SDV_20260828T225312_20260828T225336_004332_007FE0_26C5,SENTINEL-1D,S1D,IW,DV,VV+VH,2026-08-28 22:53:12,2026-08-28 22:53:36,4332,91,DESCENDING,aws:sentinel-s1-l1c,GRD/2026/8/28/IW/DV/S1D_IW_GRDH_1SDV_20260828T225312_20260828T225336_004332_007FE0_26C5,1372.5,0.02,2026-07-04,2026-10-02
S1D_IW_GRDH_1SDV_20260829T111824_20260829T111849_004340_008021_5E51,SENTINEL-1D,S1D,IW,DV,VV+VH,2026-08-29 11:18:24,2026-08-29 11:18:49,4340,99,ASCENDING,aws:sentinel-s1-l1c,GRD/2026/8/29/IW/DV/S1D_IW_GRDH_1SDV_20260829T111824_20260829T111849_004340_008021_5E51,23239.8,0.332,2026-07-04,2026-10-02
S1D_IW_GRDH_1SDV_20260829T111849_20260829T111914_004340_008021_AF14,SENTINEL-1D,S1D,IW,DV,VV+VH,2026-08-29 11:18:49,2026-08-29 11:19:14,4340,99,ASCENDING,aws:sentinel-s1-l1c,GRD/2026/8/29/IW/DV/S1D_IW_GRDH_1SDV_20260829T111849_20260829T111914_004340_008021_AF14,14831.1,0.212,2026-07-04,2026-10-02
S1D_IW_GRDH_1SDV_20260904T224505_20260904T224530_004434_008373_CB5A,SENTINEL-1D,S1D,IW,DV,VV+VH,2026-09-04 22:45:05,2026-09-04 22:45:30,4434,18,DESCENDING,aws:sentinel-s1-l1c,GRD/2026/9/4/IW/DV/S1D_IW_GRDH_1SDV_20260904T224505_20260904T224530_004434_008373_CB5A,9931.7,0.142,2026-07-04,2026-10-02
S1D_IW_GRDH_1SDV_20260904T224530_20260904T224549_004434_008373_2D92,SENTINEL-1D,S1D,IW,DV,VV+VH,2026-09-04 22:45:30,2026-09-04 22:45:49,4434,18,DESCENDING,aws:sentinel-s1-l1c,GRD/2026/9/4/IW/DV/S1D_IW_GRDH_1SDV_20260904T224530_20260904T224549_004434_008373_2D92,21891.3,0.313,2026-07-04,2026-10-02
S1D_IW_GRDH_1SDV_20260905T111023_20260905T111052_004442_0083B4_A1C0,SENTINEL-1D,S1D,IW,DV,VV+VH,2026-09-05 11:10:23,2026-09-05 11:10:52,4442,26,ASCENDING,aws:sentinel-s1-l1c,GRD/2026/9/5/IW/DV/S1D_IW_GRDH_1SDV_20260905T111023_20260905T111052_004442_0083B4_A1C0,29491.1,0.422,2026-07-04,2026-10-02
S1D_IW_GRDH_1SDV_20260905T111052_20260905T111117_004442_0083B4_4D84,SENTINEL-1D,S1D,IW,DV,VV+VH,2026-09-05 11:10:52,2026-09-05 11:11:17,4442,26,ASCENDING,aws:sentinel-s1-l1c,GRD/2026/9/5/IW/DV/S1D_IW_GRDH_1SDV_20260905T111052_20260905T111117_004442_0083B4_4D84,2762.6,0.039,2026-07-04,2026-10-02
S1D_IW_GRDH_1SDV_20260909T225312_20260909T225336_004507_0085FC_B366,SENTINEL-1D,S1D,IW,DV,VV+VH,2026-09-09 22:53:12,2026-09-09 22:53:36,4507,91,DESCENDING,aws:sentinel-s1-l1c,GRD/2026/9/9/IW/DV/S1D_IW_GRDH_1SDV_20260909T225312_20260909T225336_004507_0085FC_B366,1379.7,0.02,2026-07-04,2026-10-02
S1D_IW_GRDH_1SDV_20260910T111824_20260910T111849_004515_00863D_42C2,SENTINEL-1D,S1D,IW,DV,VV+VH,2026-09-10 11:18:24,2026-09-10 11:18:49,4515,99,ASCENDING,aws:sentinel-s1-l1c,GRD/2026/9/10/IW/DV/S1D_IW_GRDH_1SDV_20260910T111824_20260910T111849_004515_00863D_42C2,23247.3,0.332,2026-07-04,2026-10-02
S1D_IW_GRDH_1SDV_20260910T111849_20260910T111914_004515_00863D_39BD,SENTINEL-1D,S1D,IW,DV,VV+VH,2026-09-10 11:18:49,2026-09-10 11:19:14,4515,99,ASCENDING,aws:sentinel-s1-l1c,GRD/2026/9/10/IW/DV/S1D_IW_GRDH_1SDV_20260910T111849_20260910T111914_004515_00863D_39BD,14836.6,0.212,2026-07-04,2026-10-02
S1D_IW_GRDH_1SDV_20260916T224506_20260916T224531_004609_00897C_72C9,SENTINEL-1D,S1D,IW,DV,VV+VH,2026-09-16 22:45:06,2026-09-16 22:45:31,4609,18,DESCENDING,aws:sentinel-s1-l1c,GRD/2026/9/16/IW/DV/S1D_IW_GRDH_1SDV_20260916T224506_20260916T224531_004609_00897C_72C9,9942.1,0.142,2026-07-04,2026-10-02
S1D_IW_GRDH_1SDV_20260916T224531_20260916T224550_004609_00897C_6C04,SENTINEL-1D,S1D,IW,DV,VV+VH,2026-09-16 22:45:31,2026-09-16 22:45:50,4609,18,DESCENDING,aws:sentinel-s1-l1c,GRD/2026/9/16/IW/DV/S1D_IW_GRDH_1SDV_20260916T224531_20260916T224550_004609_00897C_6C04,21913.0,0.313,2026-07-04,2026-10-02
S1D_IW_GRDH_1SDV_20260917T111023_20260917T111053_004617_0089BE_C1F7,SENTINEL-1D,S1D,IW,DV,VV+VH,2026-09-17 11:10:23,2026-09-17 11:10:53,4617,26,ASCENDING,aws:sentinel-s1-l1c,GRD/2026/9/17/IW/DV/S1D_IW_GRDH_1SDV_20260917T111023_20260917T111053_004617_0089BE_C1F7,29502.3,0.422,2026-07-04,2026-10-02
S1D_IW_GRDH_1SDV_20260917T111053_20260917T111118_004617_0089BE_7507,SENTINEL-1D,S1D,IW,DV,VV+VH,2026-09-17 11:10:53,2026-09-17 11:11:18,4617,26,ASCENDING,aws:sentinel-s1-l1c,GRD/2026/9/17/IW/DV/S1D_IW_GRDH_1SDV_20260917T111053_20260917T111118_004617_0089BE_7507,2763.0,0.04,2026-07-04,2026-10-02
S1D_IW_GRDH_1SDV_20260921T225313_20260921T225337_004682_008BFD_52D4,SENTINEL-1D,S1D,IW,DV,VV+VH,2026-09-21 22:53:13,2026-09-21 22:53:37,4682,91,DESCENDING,aws:sentinel-s1-l1c,GRD/2026/9/21/IW/DV/S1D_IW_GRDH_1SDV_20260921T225313_20260921T225337_004682_008BFD_52D4,1376.9,0.02,2026-07-04,2026-10-02
S1D_IW_GRDH_1SDV_20260922T111825_20260922T111850_004690_008C3D_1624,SENTINEL-1D,S1D,IW,DV,VV+VH,2026-09-22 11:18:25,2026-09-22 11:18:50,4690,99,ASCENDING,aws:sentinel-s1-l1c,GRD/2026/9/22/IW/DV/S1D_IW_GRDH_1SDV_20260922T111825_20260922T111850_004690_008C3D_1624,23238.4,0.332,2026-07-04,2026-10-02
S1D_IW_GRDH_1SDV_20260922T111850_20260922T111915_004690_008C3D_11BF,SENTINEL-1D,S1D,IW,DV,VV+VH,2026-09-22 11:18:50,2026-09-22 11:19:15,4690,99,ASCENDING,aws:sentinel-s1-l1c,GRD/2026/9/22/IW/DV/S1D_IW_GRDH_1SDV_20260922T111850_20260922T111915_004690_008C3D_11BF,14822.5,0.212,2026-07-04,2026-10-02
S1D_IW_GRDH_1SDV_20260928T224506_20260928T224531_004784_008F8A_9B63,SENTINEL-1D,S1D,IW,DV,VV+VH,2026-09-28 22:45:06,2026-09-28 22:45:31,4784,18,DESCENDING,aws:sentinel-s1-l1c,GRD/2026/9/28/IW/DV/S1D_IW_GRDH_1SDV_20260928T224506_20260928T224531_004784_008F8A_9B63,9934.8,0.142,2026-07-04,2026-10-02
S1D_IW_GRDH_1SDV_20260928T224531_20260928T224550_004784_008F8A_C300,SENTINEL-1D,S1D,IW,DV,VV+VH,2026-09-28 22:45:31,2026-09-28 22:45:50,4784,18,DESCENDING,aws:sentinel-s1-l1c,GRD/2026/9/28/IW/DV/S1D_IW_GRDH_1SDV_20260928T224531_20260928T224550_004784_008F8A_C300,21880.9,0.313,2026-07-04,2026-10-02
S1D_IW_GRDH_1SDV_20260929T111023_20260929T111053_004792_008FC8_A5CA,SENTINEL-1D,S1D,IW,DV,VV+VH,2026-09-29 11:10:23,2026-09-29 11:10:53,4792,26,ASCENDING,aws:sentinel-s1-l1c,GRD/2026/9/29/IW/DV/S1D_IW_GRDH_1SDV_20260929T111023_20260929T111053_004792_008FC8_A5CA,29473.4,0.421,2026-07-04,2026-10-02
S1D_IW_GRDH_1SDV_20260929T111053_20260929T111118_004792_008FC8_6B16,SENTINEL-1D,S1D,IW,DV,VV+VH,2026-09-29 11:10:53,2026-09-29 11:11:18,4792,26,ASCENDING,aws:sentinel-s1-l1c,GRD/2026/9/29/IW/DV/S1D_IW_GRDH_1SDV_20260929T111053_20260929T111118_004792_008FC8_6B16,2764.5,0.04,2026-07-04,2026-10-02
