night,region,lit_clear,clear_sea_km2,lit_per_1000km2_clear,wind_mean_ms,moon_illum_pct
2026-09-05,Gulf of Tonkin,947,198676,4.767,3.8,32.9
2026-09-05,North shelf,1165,645153,1.806,3.6,32.9
2026-09-05,Gulf of Thailand,1099,401744,2.736,5.3,32.9
2026-09-05,South Vietnam shelf,794,361181,2.198,8.0,32.9
2026-09-05,Central sea,695,797418,0.872,7.3,32.9
2026-09-05,Southern sea,549,949812,0.578,6.7,32.9
2026-09-06,Gulf of Tonkin,901,163068,5.525,2.3,22.5
2026-09-06,North shelf,1826,1026626,1.779,2.8,22.5
2026-09-06,Gulf of Thailand,982,363612,2.701,5.6,22.5
2026-09-06,South Vietnam shelf,1626,731535,2.223,7.1,22.5
2026-09-06,Central sea,1064,1697462,0.627,6.1,22.5
2026-09-06,Southern sea,554,878448,0.631,6.7,22.5
2026-09-07,Gulf of Tonkin,1624,232107,6.997,1.8,13.7
2026-09-07,North shelf,1461,1008223,1.449,2.1,13.7
2026-09-07,Gulf of Thailand,699,235596,2.967,5.9,13.7
2026-09-07,South Vietnam shelf,1293,460298,2.809,7.3,13.7
2026-09-07,Central sea,664,1217454,0.545,6.3,13.7
2026-09-07,Southern sea,425,976893,0.435,5.8,13.7
2026-09-08,Gulf of Tonkin,3358,408634,8.218,1.9,6.8
2026-09-08,North shelf,914,817388,1.118,4.1,6.8
2026-09-08,Gulf of Thailand,504,159693,3.156,5.9,6.8
2026-09-08,South Vietnam shelf,430,202190,2.127,7.7,6.8
2026-09-08,Central sea,149,541564,0.275,6.1,6.8
2026-09-08,Southern sea,612,888290,0.689,6.6,6.8
2026-09-09,Gulf of Tonkin,1341,388484,3.452,5.1,2.2
2026-09-09,North shelf,578,843952,0.685,8.1,2.2
2026-09-09,Gulf of Thailand,9,1855,,5.5,2.2
2026-09-09,South Vietnam shelf,0,201,,7.1,2.2
2026-09-09,Central sea,72,166478,0.432,6.5,2.2
2026-09-09,Southern sea,107,191778,0.558,6.1,2.2
2026-09-10,Gulf of Tonkin,322,328615,0.98,7.3,0.1
2026-09-10,North shelf,297,469763,0.632,10.1,0.1
2026-09-10,Gulf of Thailand,0,110,,5.1,0.1
2026-09-10,South Vietnam shelf,2,427,,6.6,0.1
2026-09-10,Central sea,109,149128,0.731,6.1,0.1
2026-09-10,Southern sea,301,484860,0.621,6.2,0.1
2026-09-11,Gulf of Tonkin,25,31759,0.787,9.1,0.6
2026-09-11,North shelf,112,125171,0.895,10.1,0.6
2026-09-11,Gulf of Thailand,69,36489,1.891,4.3,0.6
2026-09-11,South Vietnam shelf,26,15047,1.728,6.0,0.6
2026-09-11,Central sea,126,194605,0.647,6.1,0.6
2026-09-11,Southern sea,42,108837,0.386,5.2,0.6
2026-09-12,Gulf of Tonkin,0,354,,9.7,3.3
2026-09-12,North shelf,143,139673,1.024,7.9,3.3
2026-09-12,Gulf of Thailand,156,59945,2.602,4.6,3.3
2026-09-12,South Vietnam shelf,362,210121,1.723,4.7,3.3
2026-09-12,Central sea,164,582269,0.282,4.8,3.3
2026-09-12,Southern sea,139,332880,0.418,4.4,3.3
2026-09-13,Gulf of Tonkin,14,25407,0.551,9.0,7.9
2026-09-13,North shelf,341,562601,0.606,5.7,7.9
2026-09-13,Gulf of Thailand,36,38446,0.936,4.3,7.9
2026-09-13,South Vietnam shelf,337,196021,1.719,3.2,7.9
2026-09-13,Central sea,706,1176856,0.6,5.0,7.9
2026-09-13,Southern sea,273,936191,0.292,5.1,7.9
2026-09-14,Gulf of Tonkin,0,33177,0.0,6.3,14.2
2026-09-14,North shelf,336,330015,1.018,6.9,14.2
2026-09-14,Gulf of Thailand,28,24545,1.141,3.8,14.2
2026-09-14,South Vietnam shelf,1174,340126,3.452,2.3,14.2
2026-09-14,Central sea,264,1043788,0.253,4.8,14.2
2026-09-14,Southern sea,290,494222,0.587,5.1,14.2
2026-09-15,Gulf of Tonkin,11,10838,1.015,4.7,21.6
2026-09-15,North shelf,549,963974,0.57,7.6,21.6
2026-09-15,Gulf of Thailand,62,47872,1.295,2.5,21.6
2026-09-15,South Vietnam shelf,722,210885,3.424,2.6,21.6
2026-09-15,Central sea,1433,2321927,0.617,5.3,21.6
2026-09-15,Southern sea,255,385867,0.661,4.7,21.6
2026-09-16,Gulf of Tonkin,873,201358,4.336,4.5,30.2
2026-09-16,North shelf,715,1015987,0.704,7.5,30.2
2026-09-16,Gulf of Thailand,47,27987,1.679,5.7,30.2
2026-09-16,South Vietnam shelf,7,12816,0.546,5.5,30.2
2026-09-16,Central sea,1270,2388214,0.532,4.7,30.2
2026-09-16,Southern sea,484,586694,0.825,5.6,30.2
2026-09-17,Gulf of Tonkin,835,154049,5.42,4.5,39.4
2026-09-17,North shelf,1127,984285,1.145,7.6,39.4
2026-09-17,Gulf of Thailand,99,25782,3.84,5.2,39.4
2026-09-17,South Vietnam shelf,42,65858,0.638,6.5,39.4
2026-09-17,Central sea,845,1349292,0.626,4.7,39.4
2026-09-17,Southern sea,256,373265,0.686,5.0,39.4
2026-09-18,Gulf of Tonkin,597,184613,3.234,5.3,48.6
2026-09-18,North shelf,876,884821,0.99,7.3,48.6
2026-09-18,Gulf of Thailand,7,2008,,5.0,48.6
2026-09-18,South Vietnam shelf,195,145366,1.341,5.3,48.6
2026-09-18,Central sea,805,1813982,0.444,4.9,48.6
2026-09-18,Southern sea,110,424410,0.259,4.5,48.6
2026-09-19,Gulf of Tonkin,958,191382,5.006,4.7,57.8
2026-09-19,North shelf,1530,1118098,1.368,5.3,57.8
2026-09-19,Gulf of Thailand,172,47297,3.637,3.1,57.8
2026-09-19,South Vietnam shelf,451,130949,3.444,3.9,57.8
2026-09-19,Central sea,670,1567284,0.427,4.2,57.8
2026-09-19,Southern sea,87,329651,0.264,4.5,57.8
2026-09-20,Gulf of Tonkin,2281,425922,5.355,3.4,67.0
2026-09-20,North shelf,1410,1295792,1.088,3.4,67.0
2026-09-20,Gulf of Thailand,2,3010,,3.4,67.0
2026-09-20,South Vietnam shelf,31,102698,0.302,5.6,67.0
2026-09-20,Central sea,645,1954556,0.33,3.8,67.0
2026-09-20,Southern sea,33,246926,0.134,4.3,67.0
2026-09-21,Gulf of Tonkin,2257,471317,4.789,2.5,75.8
2026-09-21,North shelf,930,1139362,0.816,4.8,75.8
2026-09-21,Gulf of Thailand,10,8628,1.159,4.6,75.8
2026-09-21,South Vietnam shelf,0,1684,,6.0,75.8
2026-09-21,Central sea,228,807167,0.282,5.2,75.8
2026-09-21,Southern sea,23,33843,0.68,4.3,75.8
2026-09-22,Gulf of Tonkin,291,142416,2.043,4.3,83.5
2026-09-22,North shelf,664,970271,0.684,6.2,83.5
2026-09-22,Gulf of Thailand,1,937,,5.0,83.5
2026-09-22,South Vietnam shelf,0,6156,0.0,6.5,83.5
2026-09-22,Central sea,289,593091,0.487,4.3,83.5
2026-09-22,Southern sea,8,44454,0.18,4.6,83.5
2026-09-23,Gulf of Tonkin,208,199924,1.04,4.9,90.3
2026-09-23,North shelf,1164,1081746,1.076,6.1,90.3
2026-09-23,Gulf of Thailand,0,2,,6.8,90.3
2026-09-23,South Vietnam shelf,0,1095,,6.1,90.3
2026-09-23,Central sea,127,458568,0.277,2.6,90.3
2026-09-23,Southern sea,141,308355,0.457,4.4,90.3
2026-09-24,Gulf of Tonkin,493,250379,1.969,4.0,95.5
2026-09-24,North shelf,1832,940251,1.948,4.5,95.5
2026-09-24,Gulf of Thailand,0,143,,5.1,95.5
2026-09-24,South Vietnam shelf,20,34448,0.581,2.8,95.5
2026-09-24,Central sea,550,930238,0.591,3.1,95.5
2026-09-24,Southern sea,8,147522,0.054,3.7,95.5
2026-09-25,Gulf of Tonkin,460,297572,1.546,4.4,98.8
2026-09-25,North shelf,2285,1303339,1.753,2.6,98.8
2026-09-25,Gulf of Thailand,7,19588,0.357,5.4,98.8
2026-09-25,South Vietnam shelf,2,12321,0.162,3.5,98.8
2026-09-25,Central sea,1500,1356701,1.106,2.3,98.8
2026-09-25,Southern sea,10,109556,0.091,3.7,98.8
2026-09-26,Gulf of Tonkin,1641,447643,3.666,4.6,99.9
2026-09-26,North shelf,2488,1382720,1.799,3.2,99.9
2026-09-26,Gulf of Thailand,23,24690,0.932,4.4,99.9
2026-09-26,South Vietnam shelf,33,183191,0.18,2.3,99.9
2026-09-26,Central sea,1809,2365432,0.765,2.5,99.9
2026-09-26,Southern sea,76,425236,0.179,3.3,99.9
2026-09-27,Gulf of Tonkin,918,379230,2.421,6.7,98.6
2026-09-27,North shelf,3266,1249748,2.613,5.3,98.6
2026-09-27,Gulf of Thailand,1,2009,,5.3,98.6
2026-09-27,South Vietnam shelf,2,27413,0.073,4.4,98.6
2026-09-27,Central sea,1638,1846106,0.887,2.5,98.6
2026-09-27,Southern sea,1,22839,0.044,4.5,98.6
2026-09-28,Gulf of Tonkin,936,423243,2.211,5.8,94.6
2026-09-28,North shelf,2821,1327639,2.125,4.5,94.6
2026-09-28,Gulf of Thailand,54,36679,1.472,4.4,94.6
2026-09-28,South Vietnam shelf,491,269425,1.822,3.0,94.6
2026-09-28,Central sea,1128,998187,1.13,2.8,94.6
2026-09-28,Southern sea,234,339976,0.688,3.6,94.6
2026-09-29,Gulf of Tonkin,1913,616923,3.101,5.5,88.3
2026-09-29,North shelf,2548,1189686,2.142,4.1,88.3
2026-09-29,Gulf of Thailand,1444,808838,1.785,2.4,88.3
2026-09-29,South Vietnam shelf,1381,800106,1.726,2.1,88.3
2026-09-29,Central sea,2493,2682696,0.929,2.6,88.3
2026-09-29,Southern sea,1395,1406340,0.992,2.8,88.3
2026-09-30,Gulf of Tonkin,1955,445979,4.384,4.7,79.9
2026-09-30,North shelf,2389,1301834,1.835,2.9,79.9
2026-09-30,Gulf of Thailand,800,396629,2.017,2.9,79.9
2026-09-30,South Vietnam shelf,549,432524,1.269,1.4,79.9
2026-09-30,Central sea,1212,2616657,0.463,2.6,79.9
2026-09-30,Southern sea,88,346339,0.254,2.5,79.9
2026-10-01,Gulf of Tonkin,2477,461103,5.372,3.9,69.8
2026-10-01,North shelf,1557,1275434,1.221,3.1,69.8
2026-10-01,Gulf of Thailand,332,137564,2.413,1.7,69.8
2026-10-01,South Vietnam shelf,185,124196,1.49,1.7,69.8
2026-10-01,Central sea,780,1691631,0.461,2.3,69.8
2026-10-01,Southern sea,410,615015,0.667,2.5,69.8
