det_id,scene_id,mmsi,vessel_name,call_sign,flag,ship_type,ais_class,identity_source,lon,lat,row,col,az_time_utc,confidence,cnn_score,length_est_m,length_ais_m,length_ratio,match_dist_m,match_dist_uncorr_m,az_shift_m,match_dt_s,match_quality,match_gate_m,ais_sog_kn,velocity_source,pred_method,n_reports_window,before_dt_s,before_dist_m,before_sog_kn,before_cog_deg,before_nav_status,after_dt_s,after_dist_m,after_sog_kn,after_cog_deg,after_nav_status,pred_lon,pred_lat,pred_uncorr_lon,pred_uncorr_lat,check_dist_m,n_other_ais_1km,nearest_other_ais_m,other_ais_1km,n_other_contacts_1km,nearest_other_contact_m,other_contacts_1km,static_seen_utc,gear_beacon_like,check,identity_label,caveat,sample,grade,reason,reviewed_utc
S1D_20261010T103247_07981,S1D_IW_GRDH_1SDV_20261010T103247_20261010T103316_004952_009571_44B5,414311000,XIN XIANG FA ZHAN,BQEW,China (People's Republic of),cargo,A,"aisstream static message (ITU-R M.1371 msg 5 or 24) for name, call sign, IMO, type, length; flag from the MMSI MID (ITU table)",113.85388,22.10654,13769.620649740711,17848.230020697752,2026-10-10T10:33:08.273271Z,medium,0.9921,387.3,225.0,1.72,38.1,72.1,-42.3,342.643663,medium,1091.6105877346993,9.199999809265137,sog_cog,extrap,1,,,,,,335.9,1656.5,9.199999809265137,355.8999938964844,0,113.853552,22.106693,113.853478,22.107069,37.9,0,,,0,,,,False,no report before,live AIS relayed by aisstream.io; terms UNVERIFIED,"'Dark' means only that no AIS position was matched to this radar detection. It does not mean illegal. Many vessels are not required to carry AIS, AIS can be off for lawful reasons, and satellite AIS misses messages in busy coastal waters. Treat every unmatched detection as a lead for review, not as evidence of wrongdoing.",all_matched,confirmed,"isolated bright return 38 m from the expected position, dead-reckoned 5.6 min from one report at 9.2 kn; nothing else within 1 km; its VH half is an oversized object 49 m away",2026-10-10
S1D_20261010T103247_08287,S1D_IW_GRDH_1SDV_20261010T103247_20261010T103316_004952_009571_44B5,413693580,ZHONGFUSHUN,BPYJ9,China (People's Republic of),cargo,A,"aisstream static message (ITU-R M.1371 msg 5 or 24) for name, call sign, IMO, type, length; flag from the MMSI MID (ITU table)",114.0511,22.14157,13783.364599800203,19919.31778977299,2026-10-10T10:33:08.293860Z,high,0.9776,120.8,96.0,1.26,181.7,283.4,405.9,1094.590631,low,1117.3328245306016,9.600000381469727,track,interp,2,-1101.4,5640.9,9.600000381469727,269.3999938964844,0,1098.0,5311.4,9.600000381469727,270.8999938964844,0,114.051903,22.143029,114.052604,22.139426,181.7,0,,,0,,,,False,report before 18 min away; report after 18 min away,live AIS relayed by aisstream.io; terms UNVERIFIED,"'Dark' means only that no AIS position was matched to this radar detection. It does not mean illegal. Many vessels are not required to carry AIS, AIS can be off for lawful reasons, and satellite AIS misses messages in busy coastal waters. Treat every unmatched detection as a lead for review, not as evidence of wrongdoing.",all_matched,plausible,"the only return within 1 km and the lengths agree (121 m against 96 m), but the track is interpolated across 18 min either side with no SOG near the scene and the expected position is 182 m off",2026-10-10
S1D_20261010T103247_08604,S1D_IW_GRDH_1SDV_20261010T103247_20261010T103316_004952_009571_44B5,477996907,ZHONG RAN 310,VRS6195,China (People's Republic of) - Hong Kong (Special Administrative Region of China),tanker,A,"aisstream static message (ITU-R M.1371 msg 5 or 24) for name, call sign, IMO, type, length; flag from the MMSI MID (ITU table)",114.10506,22.19989,14310.606201222166,20580.86050086608,2026-10-10T10:33:09.081931Z,high,0.9449,350.9,78.0,4.5,78.4,187.2,118.4,165.096794,low,1239.51325,11.5,sog_cog,extrap,12,,,,,,157.5,771.6,11.5,335.79998779296875,0,114.104719,22.199255,114.104919,22.198202,78.7,0,,,4,249.7,S1D_20261010T103247_08694 medium 94 m unmatched 250 m; S1D_20261010T103247_08601 high 20 m unmatched 652 m; S1D_20261010T103247_08600 high 30 m unmatched 708 m; S1D_20261010T103247_08599 high 55 m unmatched 834 m,,False,no report before; length ratio 4.50,live AIS relayed by aisstream.io; terms UNVERIFIED,"'Dark' means only that no AIS position was matched to this radar detection. It does not mean illegal. Many vessels are not required to carry AIS, AIS can be off for lawful reasons, and satellite AIS misses messages in busy coastal waters. Treat every unmatched detection as a lead for review, not as evidence of wrongdoing.",all_matched,plausible,"78 m from the expected position, dead-reckoned 2.6 min from one report at 11.5 kn; the radar extent 351 m against 78 m is azimuth smear (outside the length bands)",2026-10-10
S1D_20261010T103247_08736,S1D_IW_GRDH_1SDV_20261010T103247_20261010T103316_004952_009571_44B5,210601000,MSC NEW JERSEY 3,5BNY6,Cyprus (Republic of),cargo,A,"aisstream static message (ITU-R M.1371 msg 5 or 24) for name, call sign, IMO, type, length; flag from the MMSI MID (ITU table)",114.42157,22.12686,12951.33098306619,23650.82359430674,2026-10-10T10:33:07.050327Z,high,0.9914,306.2,213.0,1.44,86.2,331.6,308.0,25.703469,high,950.1385,7.0,sog_cog,interp,23,-199.5,938.5,7.199999809265137,274.3999938964844,0,20.2,302.8,7.0,274.1000061035156,0,114.422404,22.12689,114.422929,22.124155,86.2,0,,,0,,,,False,consistent,live AIS relayed by aisstream.io; terms UNVERIFIED,"'Dark' means only that no AIS position was matched to this radar detection. It does not mean illegal. Many vessels are not required to carry AIS, AIS can be off for lawful reasons, and satellite AIS misses messages in busy coastal waters. Treat every unmatched detection as a lead for review, not as evidence of wrongdoing.",all_matched,confirmed,the AIS track runs 330 m from the return and the predicted 308 m azimuth shift puts the vessel 86 m from it; isolated return; 306 m against 213 m,2026-10-10
S1D_20261010T103247_08742,S1D_IW_GRDH_1SDV_20261010T103247_20261010T103316_004952_009571_44B5,477190600,SITC QINGDAO,VRLI4,China (People's Republic of) - Hong Kong (Special Administrative Region of China),cargo,A,"aisstream static message (ITU-R M.1371 msg 5 or 24) for name, call sign, IMO, type, length; flag from the MMSI MID (ITU table)",114.37919,22.13407,13105.428368014807,23234.641678831264,2026-10-10T10:33:07.280643Z,high,0.9751,259.8,144.0,1.8,95.5,505.4,498.0,78.950076,high,1213.7910745306017,11.100000381469727,sog_cog,interp,9,-465.7,2841.9,11.100000381469727,267.20001220703125,0,73.2,549.8,11.100000381469727,265.79998779296875,0,114.380095,22.134241,114.380944,22.129816,95.3,0,,,0,,,,False,consistent,live AIS relayed by aisstream.io; terms UNVERIFIED,"'Dark' means only that no AIS position was matched to this radar detection. It does not mean illegal. Many vessels are not required to carry AIS, AIS can be off for lawful reasons, and satellite AIS misses messages in busy coastal waters. Treat every unmatched detection as a lead for review, not as evidence of wrongdoing.",all_matched,confirmed,the track runs 505 m from the return and the 498 m shift brings the expected position to 96 m; isolated return; 260 m against 144 m,2026-10-10
S1D_20261010T103247_08819,S1D_IW_GRDH_1SDV_20261010T103247_20261010T103316_004952_009571_44B5,413584660,YUN DA YOU 11,BPPL2,China (People's Republic of),tanker,A,"aisstream static message (ITU-R M.1371 msg 5 or 24) for name, call sign, IMO, type, length; flag from the MMSI MID (ITU table)",114.2984,22.23396,14324.938407242298,22608.23214751482,2026-10-10T10:33:09.103400Z,medium,0.0201,61.0,96.0,0.64,239.1,84.9,323.7,144.059516,medium,1059.4578377346993,8.699999809265137,sog_cog,interp,4,-584.5,2583.9,8.800000190734863,211.3000030517578,0,136.5,667.6,8.699999809265137,226.10000610351562,0,114.298052,22.236088,114.298595,22.233215,238.6,0,,,1,365.7,S1D_20261010T103247_08786 high 20 m unmatched 366 m,,False,consistent,live AIS relayed by aisstream.io; terms UNVERIFIED,"'Dark' means only that no AIS position was matched to this radar detection. It does not mean illegal. Many vessels are not required to carry AIS, AIS can be off for lawful reasons, and satellite AIS misses messages in busy coastal waters. Treat every unmatched detection as a lead for review, not as evidence of wrongdoing.",all_matched,doubtful,"a faint VH-only return (4 px, CNN 0.02) 3 m inside the tested sea, 239 m from the expected position and 85 m from the unshifted AIS position; the chip shows a bright return (VV +6 dB) at the expected position after the 324 m shift, about 130 m inside the 1 km shore buffer where the detector tests nothing: that is the tanker's image, and this contact is probably its wake or smear, not the vessel",2026-10-10
S1D_20261010T103247_08837,S1D_IW_GRDH_1SDV_20261010T103247_20261010T103316_004952_009571_44B5,538011302,ADS ARENDAL,V7A6929,Marshall Islands (Republic of the),cargo,A,"aisstream static message (ITU-R M.1371 msg 5 or 24) for name, call sign, IMO, type, length; flag from the MMSI MID (ITU table)",114.51652,22.10715,12567.81370859826,24576.53401700956,2026-10-10T10:33:06.477115Z,medium,0.9957,321.2,229.0,1.4,64.6,562.1,-530.6,355.430068,medium,1252.3743377346993,11.699999809265137,sog_cog,interp,10,-419.0,2714.5,11.699999809265137,88.0,0,350.5,2050.9,11.699999809265137,90.19999694824219,0,114.51592,22.107305,114.515019,22.112021,64.3,0,,,2,116.6,S1D_20261010T103247_08795 medium 20 m unmatched 117 m; S1D_20261010T103247_08838 medium 32 m unmatched 322 m,,False,consistent,live AIS relayed by aisstream.io; terms UNVERIFIED,"'Dark' means only that no AIS position was matched to this radar detection. It does not mean illegal. Many vessels are not required to carry AIS, AIS can be off for lawful reasons, and satellite AIS misses messages in busy coastal waters. Treat every unmatched detection as a lead for review, not as evidence of wrongdoing.",all_matched,confirmed,the track runs 562 m from the return and the 531 m shift puts the vessel 65 m from it; the two small returns 117 m and 322 m away are too short to be a 229 m ship (held back as ambiguous before the length rule),2026-10-10
S1D_20261010T103247_10178,S1D_IW_GRDH_1SDV_20261010T103247_20261010T103316_004952_009571_44B5,413539530,XIN SHI TAI 628,BPIR7,China (People's Republic of),cargo,A,"aisstream static message (ITU-R M.1371 msg 5 or 24) for name, call sign, IMO, type, length; flag from the MMSI MID (ITU table)",113.83873,22.3257,16148.208247211616,18131.07724185448,2026-10-10T10:33:11.828494Z,high,0.9805,320.2,81.0,3.95,27.8,158.3,186.0,25.872416,medium,917.98575,6.5,sog_cog,interp,17,-165.5,453.7,6.400000095367432,209.39999389648438,0,15.5,201.8,6.5,213.39999389648438,0,113.838673,22.325943,113.838999,22.324292,27.5,0,,,0,,,,False,consistent,live AIS relayed by aisstream.io; terms UNVERIFIED,"'Dark' means only that no AIS position was matched to this radar detection. It does not mean illegal. Many vessels are not required to carry AIS, AIS can be off for lawful reasons, and satellite AIS misses messages in busy coastal waters. Treat every unmatched detection as a lead for review, not as evidence of wrongdoing.",all_matched,confirmed,the AIS track passes through the return and the expected position lies 28 m from it after a 186 m shift; radar 320 m against 81 m is the smeared extent of a moving ship,2026-10-10
S1D_20261010T103247_10270,S1D_IW_GRDH_1SDV_20261010T103247_20261010T103316_004952_009571_44B5,477997083,XIN MING ZHU X,SSD,China (People's Republic of) - Hong Kong (Special Administrative Region of China),high speed craft,A,"aisstream static message (ITU-R M.1371 msg 5 or 24) for name, call sign, IMO, type, length; flag from the MMSI MID (ITU table)",114.06423,22.27142,15153.059925556183,20305.28673234582,2026-10-10T10:33:10.341119Z,high,0.747,38.3,45.0,0.85,1887.5,1921.0,-233.1,1240.085188,low,2000.0,29.100000381469727,track,interp,9,-1341.0,5612.6,9.899999618530273,296.8999938964844,8,1231.2,1689.0,29.100000381469727,80.30000305175781,8,114.046004,22.269867,114.045611,22.271937,1887.9,0,,,0,,,,False,report before 22 min away; report after 21 min away,live AIS relayed by aisstream.io; terms UNVERIFIED,"'Dark' means only that no AIS position was matched to this radar detection. It does not mean illegal. Many vessels are not required to carry AIS, AIS can be off for lawful reasons, and satellite AIS misses messages in busy coastal waters. Treat every unmatched detection as a lead for review, not as evidence of wrongdoing.",all_matched,doubtful,"a 29 kn craft interpolated across a 43 min gap with no SOG near the scene; the return lies 1,888 m from that estimate; the pairing is a coincidence of the 2 km gate",2026-10-10
S1D_20261010T103247_10272,S1D_IW_GRDH_1SDV_20261010T103247_20261010T103316_004952_009571_44B5,620800540,FOEVER,D6A4540,Comoros (Union of the),cargo,A,"aisstream static message (ITU-R M.1371 msg 5 or 24) for name, call sign, IMO, type, length; flag from the MMSI MID (ITU table)",114.06636,22.31078,15571.587782075017,20402.793725114665,2026-10-10T10:33:10.966685Z,high,0.9943,170.8,97.0,1.76,29.6,31.3,-4.0,435.86303,high,506.43055009582264,0.10000000149011612,sog_cog,extrap,3,-445.3,54.2,0.10000000149011612,102.30000305175781,1,,,,,,114.066076,22.31083,114.066069,22.310865,29.8,3,759.4,"268269903 YOSHIN 759 m (L 135 m, gate 500 m); 413847198 LIANFU2886 809 m (L 90 m, gate 545 m); 413997355 GUI FENG 2 965 m (L 49 m, gate 506 m)",3,745.9,S1D_20261010T103247_10327 medium 129 m unmatched 746 m; S1D_20261010T103247_10273 high 232 m matched 268269903 748 m; S1D_20261010T103247_10271 medium 104 m unmatched 757 m,,False,no report after,live AIS relayed by aisstream.io; terms UNVERIFIED,"'Dark' means only that no AIS position was matched to this radar detection. It does not mean illegal. Many vessels are not required to carry AIS, AIS can be off for lawful reasons, and satellite AIS misses messages in busy coastal waters. Treat every unmatched detection as a lead for review, not as evidence of wrongdoing.",all_matched,confirmed,"at anchor (0.1 kn), last report 7.4 min before the scene 54 m from the return; 30 m from the expected position; next AIS vessel 759 m away",2026-10-10
S1D_20261010T103247_10273,S1D_IW_GRDH_1SDV_20261010T103247_20261010T103316_004952_009571_44B5,268269903,YOSHIN,T7FM2,San Marino (Republic of),cargo,A,"aisstream static message (ITU-R M.1371 msg 5 or 24) for name, call sign, IMO, type, length; flag from the MMSI MID (ITU table)",114.06723,22.31749,15642.02715710376,20424.55084526632,2026-10-10T10:33:11.071970Z,high,0.9884,231.6,135.0,1.72,64.1,64.1,0.0,103.526437,high,500.0,0.0,sog_cog,interp,3,-1526.4,73.7,0.0,316.29998779296875,1,94.0,63.9,0.0,316.29998779296875,1,114.066627,22.317628,114.066627,22.317628,64.0,2,747.6,"620800540 FOEVER 748 m (L 97 m, gate 506 m); 314239000 NACC PROCIDA 946 m (L 119 m, gate 500 m)",1,759.4,S1D_20261010T103247_10272 high 171 m matched 620800540 759 m,,False,report before 25 min away,live AIS relayed by aisstream.io; terms UNVERIFIED,"'Dark' means only that no AIS position was matched to this radar detection. It does not mean illegal. Many vessels are not required to carry AIS, AIS can be off for lawful reasons, and satellite AIS misses messages in busy coastal waters. Treat every unmatched detection as a lead for review, not as evidence of wrongdoing.",all_matched,confirmed,"at anchor, reports 25 min before and 1.6 min after both within 74 m of the return; next AIS vessel 748 m away",2026-10-10
S1D_20261010T103247_10277,S1D_IW_GRDH_1SDV_20261010T103247_20261010T103316_004952_009571_44B5,477046500,HAI TONG,VRDR7,China (People's Republic of) - Hong Kong (Special Administrative Region of China),towing,A,"aisstream static message (ITU-R M.1371 msg 5 or 24) for name, call sign, IMO, type, length; flag from the MMSI MID (ITU table)",114.01501,22.34205,16001.082790080458,19944.145519236103,2026-10-10T10:33:11.608631Z,high,0.9571,70.1,37.0,1.9,659.6,714.8,-244.1,1417.916744,low,937.2774122653008,6.800000190734863,track,interp,6,-1621.6,4717.9,7.0,89.0999984741211,0,1407.8,5024.6,6.800000190734863,106.5999984741211,0,114.021244,22.343391,114.02083,22.345559,659.6,0,,,1,979.4,S1D_20261010T103247_10331 medium 20 m unmatched 979 m,,False,report before 27 min away; report after 23 min away,live AIS relayed by aisstream.io; terms UNVERIFIED,"'Dark' means only that no AIS position was matched to this radar detection. It does not mean illegal. Many vessels are not required to carry AIS, AIS can be off for lawful reasons, and satellite AIS misses messages in busy coastal waters. Treat every unmatched detection as a lead for review, not as evidence of wrongdoing.",all_matched,doubtful,"a 37 m tug interpolated across gaps of 27 and 23 min with no SOG near the scene; no return at its expected position, the paired return lies 660 m away; the return is not tied to this vessel",2026-10-10
S1D_20261010T103247_10358,S1D_IW_GRDH_1SDV_20261010T103247_20261010T103316_004952_009571_44B5,412501840,HANG SHENG DA,BMVC,China (People's Republic of),cargo,A,"aisstream static message (ITU-R M.1371 msg 5 or 24) for name, call sign, IMO, type, length; flag from the MMSI MID (ITU table)",114.09543,22.28511,15243.13049046637,20647.642064679414,2026-10-10T10:33:10.475754Z,high,0.9796,136.6,97.0,1.41,45.5,291.7,313.1,23.444857,high,1040.1661754693985,8.399999618530273,sog_cog,interp,14,-165.5,587.3,8.399999618530273,235.3000030517578,0,14.5,332.8,8.399999618530273,229.3000030517578,0,114.095024,22.285267,114.09555,22.282485,45.4,1,960.6,"477241900 KING LOONG 961 m (L 225 m, gate 500 m)",2,764.4,S1D_20261010T103247_10408 medium 20 m unmatched 764 m; S1D_20261010T103247_10359 medium 110 m unmatched 856 m,,False,consistent,live AIS relayed by aisstream.io; terms UNVERIFIED,"'Dark' means only that no AIS position was matched to this radar detection. It does not mean illegal. Many vessels are not required to carry AIS, AIS can be off for lawful reasons, and satellite AIS misses messages in busy coastal waters. Treat every unmatched detection as a lead for review, not as evidence of wrongdoing.",all_matched,confirmed,the track passes the return and the 313 m shift brings the expected position to 46 m; 137 m against 97 m,2026-10-10
S1D_20261010T103247_10362,S1D_IW_GRDH_1SDV_20261010T103247_20261010T103316_004952_009571_44B5,413492390,XIN HAI WEI,BSZX,China (People's Republic of),high speed craft,A,"aisstream static message (ITU-R M.1371 msg 5 or 24) for name, call sign, IMO, type, length; flag from the MMSI MID (ITU table)",114.13755,22.30149,15342.323678146582,21105.54514792422,2026-10-10T10:33:10.624026Z,high,0.9564,59.9,42.0,1.43,91.6,831.4,743.6,4.976854,high,1638.207399061203,17.700000762939453,sog_cog,interp,21,-14.1,868.5,17.700000762939453,274.79998779296875,0,46.3,950.2,26.200000762939453,262.70001220703125,0,114.137429,22.300676,114.138683,22.294063,91.1,2,584.9,"477937300 THE COTAI STRIP EXPO 585 m (L 47 m, gate 1503 m); 412379470 CHANG YI 10 844 m (L 80 m, gate 506 m)",2,802.8,S1D_20261010T103247_10365 high 102 m unmatched 803 m; S1D_20261010T103247_10367 high 130 m unmatched 968 m,,False,consistent,live AIS relayed by aisstream.io; terms UNVERIFIED,"'Dark' means only that no AIS position was matched to this radar detection. It does not mean illegal. Many vessels are not required to carry AIS, AIS can be off for lawful reasons, and satellite AIS misses messages in busy coastal waters. Treat every unmatched detection as a lead for review, not as evidence of wrongdoing.",all_matched,confirmed,high-speed craft at 18 to 26 kn: the 744 m shift moves the expected position from 831 m to 92 m from the return; next AIS vessel 585 m away,2026-10-10
S1D_20261010T103247_10364,S1D_IW_GRDH_1SDV_20261010T103247_20261010T103316_004952_009571_44B5,412704780,FANGZHOU25,BPDR6,China (People's Republic of),cargo,A,"aisstream static message (ITU-R M.1371 msg 5 or 24) for name, call sign, IMO, type, length; flag from the MMSI MID (ITU table)",114.12739,22.30168,15362.899780367297,21003.07624614713,2026-10-10T10:33:10.654778Z,high,0.9582,189.2,91.0,2.08,111.9,109.2,12.3,39.629198,high,525.7222003832907,0.4000000059604645,sog_cog,interp,26,-48.8,108.7,0.4000000059604645,214.6999969482422,0,51.3,107.4,0.10000000149011612,214.0,0,114.126307,22.301785,114.126328,22.301676,112.3,15,237.7,"413318540 CHANG YUAN 769 238 m (L 92 m, gate 500 m); 412379470 CHANG YI 10 256 m (L 80 m, gate 506 m); 412402680 SHI HE ZHONG HAO 405 m (L 84 m, gate 500 m); 413475520 YUEHANG881 500 m (L 92 m, gate 500 m); 412469620 FULI518 502 m (L 78 m, gate 506 m); 477996491 SEA SILVER 535 m (L 32 m, gate 1503 m)",15,277.9,S1D_20261010T103247_10369 fixed 106 m matched 412402680 278 m; S1D_20261010T103247_10367 high 130 m unmatched 324 m; S1D_20261010T103247_10370 high 123 m unmatched 397 m; S1D_20261010T103247_10365 high 102 m unmatched 410 m; S1D_20261010T103247_10415 fixed 88 m unmatched 533 m; S1D_20261010T103247_10410 medium 89 m unmatched 589 m,,False,consistent,live AIS relayed by aisstream.io; terms UNVERIFIED,"'Dark' means only that no AIS position was matched to this radar detection. It does not mean illegal. Many vessels are not required to carry AIS, AIS can be off for lawful reasons, and satellite AIS misses messages in busy coastal waters. Treat every unmatched detection as a lead for review, not as evidence of wrongdoing.",all_matched,plausible,"at anchor in a dense anchorage (15 AIS vessels within 1 km); 112 m from a bright return while the next AIS vessel lies 238 m and the next return 278 m away: inside the ambiguity margin, not by much",2026-10-10
S1D_20261010T103247_10369,S1D_IW_GRDH_1SDV_20261010T103247_20261010T103316_004952_009571_44B5,412402680,SHI HE ZHONG HAO,,China (People's Republic of),cargo,A,"aisstream static message (ITU-R M.1371 msg 5 or 24) for name, call sign, IMO, type, length; flag from the MMSI MID (ITU table)",114.12458,22.30371,15389.765909221256,20978.56727990415,2026-10-10T10:33:10.694934Z,fixed,0.8624,106.4,84.0,1.27,59.1,59.1,0.0,63.214061,high,500.0,0.0,sog_cog,extrap,10,,,,,,54.0,59.0,0.0,211.39999389648438,1,114.124027,22.303572,114.124027,22.303572,59.1,23,226.6,"413475520 YUEHANG881 227 m (L 92 m, gate 500 m); 412469620 FULI518 263 m (L 78 m, gate 506 m); 412704780 FANGZHOU25 278 m (L 91 m, gate 526 m); 413318540 CHANG YUAN 769 308 m (L 92 m, gate 500 m); 413900789 HUIHONGXIN23 396 m (L 49 m, gate 506 m); 413998165 HUIYUE01 410 m (L 70 m, gate 519 m)",20,253.2,S1D_20261010T103247_10415 fixed 88 m unmatched 253 m; S1D_20261010T103247_10370 high 123 m unmatched 309 m; S1D_20261010T103247_10377 fixed 74 m unmatched 378 m; S1D_20261010T103247_10364 high 189 m matched 412704780 405 m; S1D_20261010T103247_10412 medium 95 m matched 413906965 441 m; S1D_20261010T103247_10379 fixed 54 m unmatched 465 m,,False,no report before,live AIS relayed by aisstream.io; terms UNVERIFIED,"'Dark' means only that no AIS position was matched to this radar detection. It does not mean illegal. Many vessels are not required to carry AIS, AIS can be off for lawful reasons, and satellite AIS misses messages in busy coastal waters. Treat every unmatched detection as a lead for review, not as evidence of wrongdoing.",all_matched,plausible,"at anchor on a fixed return (bright at the same spot on the two earlier passes) among 23 AIS vessels within 1 km; 59 m against 227 m for the next vessel; a long stay at one berth fits, a structure cannot be ruled out",2026-10-10
S1D_20261010T103247_10378,S1D_IW_GRDH_1SDV_20261010T103247_20261010T103316_004952_009571_44B5,355474000,CAIYUNHE,H3MN,Panama (Republic of),cargo,A,"aisstream static message (ITU-R M.1371 msg 5 or 24) for name, call sign, IMO, type, length; flag from the MMSI MID (ITU table)",114.09375,22.30347,15443.25979373994,20666.019976546755,2026-10-10T10:33:10.774882Z,medium,0.9645,336.9,183.0,1.84,62.5,236.7,285.8,21.69243,high,1207.3605,11.0,sog_cog,interp,23,-74.8,234.3,10.5,204.39999389648438,0,12.4,301.4,11.0,206.60000610351562,0,114.093332,22.303875,114.093812,22.301336,62.2,1,716.2,"636013119 YM INTERACTION 716 m (L 172 m, gate 1490 m)",1,974.2,S1D_20261010T103247_10424 medium 71 m unmatched 974 m,,False,consistent,live AIS relayed by aisstream.io; terms UNVERIFIED,"'Dark' means only that no AIS position was matched to this radar detection. It does not mean illegal. Many vessels are not required to carry AIS, AIS can be off for lawful reasons, and satellite AIS misses messages in busy coastal waters. Treat every unmatched detection as a lead for review, not as evidence of wrongdoing.",all_matched,confirmed,the track crosses the return and the 286 m shift brings the expected position to 62 m; 337 m against 183 m,2026-10-10
S1D_20261010T103247_10387,S1D_IW_GRDH_1SDV_20261010T103247_20261010T103316_004952_009571_44B5,352002368,A GORYU,3E2296,Panama (Republic of),cargo,A,"aisstream static message (ITU-R M.1371 msg 5 or 24) for name, call sign, IMO, type, length; flag from the MMSI MID (ITU table)",114.0766,22.30462,15486.824893729616,20494.57417284028,2026-10-10T10:33:10.839994Z,high,0.9744,260.0,142.0,1.83,79.6,79.6,0.0,43.709344,high,500.0,0.0,sog_cog,interp,12,-716.7,76.1,0.0,37.79999923706055,0,34.4,79.9,0.0,230.89999389648438,0,114.075912,22.304948,114.075912,22.304948,79.7,0,,,1,987.1,S1D_20261010T103247_10388 medium 170 m unmatched 987 m,,False,report before 12 min away,live AIS relayed by aisstream.io; terms UNVERIFIED,"'Dark' means only that no AIS position was matched to this radar detection. It does not mean illegal. Many vessels are not required to carry AIS, AIS can be off for lawful reasons, and satellite AIS misses messages in busy coastal waters. Treat every unmatched detection as a lead for review, not as evidence of wrongdoing.",all_matched,confirmed,"at anchor, reports 12 min before and 34 s after within 80 m of the return; no other AIS vessel within 1 km",2026-10-10
S1D_20261010T103247_10397,S1D_IW_GRDH_1SDV_20261010T103247_20261010T103316_004952_009571_44B5,566850000,NOZOMI,9V7674,Singapore (Republic of),cargo,A,"aisstream static message (ITU-R M.1371 msg 5 or 24) for name, call sign, IMO, type, length; flag from the MMSI MID (ITU table)",114.07251,22.32742,15739.01605287302,20497.075783853827,2026-10-10T10:33:11.216938Z,high,0.9859,279.3,190.0,1.47,79.1,79.0,0.3,1183.374666,high,506.43055009582264,0.10000000149011612,track,interp,4,-1193.1,74.5,0.10000000149011612,105.9000015258789,1,1687.8,85.3,0.0,250.5,1,114.071749,22.327516,114.071749,22.327513,79.2,2,383.5,"412468450 CHANGSHENG802 384 m (L 27 m, gate 905 m); 477996391 CHEC 9 967 m (L 2 m, gate 1291 m)",3,538.9,S1D_20261010T103247_10398 high 38 m matched 412468450 539 m; S1D_20261010T103247_10399 high 100 m unmatched 944 m; S1D_20261010T103247_10400 high 32 m unmatched 999 m,,False,report before 20 min away; report after 28 min away,live AIS relayed by aisstream.io; terms UNVERIFIED,"'Dark' means only that no AIS position was matched to this radar detection. It does not mean illegal. Many vessels are not required to carry AIS, AIS can be off for lawful reasons, and satellite AIS misses messages in busy coastal waters. Treat every unmatched detection as a lead for review, not as evidence of wrongdoing.",all_matched,confirmed,"at anchor (0 kn), reports 20 min before and 28 min after both 75 to 85 m from the return; next AIS vessel 384 m away",2026-10-10
S1D_20261010T103247_10398,S1D_IW_GRDH_1SDV_20261010T103247_20261010T103316_004952_009571_44B5,412468450,CHANGSHENG802,,China (People's Republic of),tug,A,"aisstream static message (ITU-R M.1371 msg 5 or 24) for name, call sign, IMO, type, length; flag from the MMSI MID (ITU table)",114.07697,22.32729,15729.529750287533,20542.0,2026-10-10T10:33:11.202760Z,high,0.9164,38.3,27.0,1.42,76.9,249.3,-216.1,33.807771,high,905.1246622653007,6.300000190734863,sog_cog,interp,14,-205.9,1006.8,7.599999904632568,123.69999694824219,5,24.1,174.3,6.300000190734863,116.9000015258789,5,114.07623,22.327371,114.075866,22.329293,76.9,1,538.9,"566850000 NOZOMI 539 m (L 190 m, gate 506 m)",1,383.6,S1D_20261010T103247_10397 high 279 m matched 566850000 384 m,,False,consistent,live AIS relayed by aisstream.io; terms UNVERIFIED,"'Dark' means only that no AIS position was matched to this radar detection. It does not mean illegal. Many vessels are not required to carry AIS, AIS can be off for lawful reasons, and satellite AIS misses messages in busy coastal waters. Treat every unmatched detection as a lead for review, not as evidence of wrongdoing.",all_matched,confirmed,"tug at 6 to 8 kn, track next to the return; 77 m after a 216 m shift; 38 m against 27 m",2026-10-10
S1D_20261010T103247_10412,S1D_IW_GRDH_1SDV_20261010T103247_20261010T103316_004952_009571_44B5,413906965,CHENGXIANG398,,China (People's Republic of),cargo,B,"aisstream static message (ITU-R M.1371 msg 5 or 24) for name, call sign, IMO, type, length; flag from the MMSI MID (ITU table)",114.11997,22.3023,15383.022797219455,20929.16665074043,2026-10-10T10:33:10.684854Z,medium,0.888,94.7,60.0,1.58,43.5,46.5,7.8,145.219113,high,512.8611001916453,0.20000000298023224,sog_cog,interp,5,-154.4,45.5,0.20000000298023224,234.10000610351562,,1107.0,46.3,0.20000000298023224,17.200000762939453,,114.119597,22.302116,114.11961,22.302047,43.6,23,205.4,"413858768 ZHONGHANG915 205 m (L 50 m, gate 506 m); 412469620 FULI518 267 m (L 78 m, gate 506 m); 413998165 HUIYUE01 321 m (L 70 m, gate 519 m); 413901623 JIANGHANG988 325 m (L 50 m, gate 506 m); 412402680 SHI HE ZHONG HAO 441 m (L 84 m, gate 500 m); 413865483 BOYUN118 500 m (L 50 m, gate 506 m)",19,166.6,S1D_20261010T103247_10414 medium 55 m unmatched 167 m; S1D_20261010T103247_10413 medium 68 m unmatched 242 m; S1D_20261010T103247_10416 fixed 55 m unmatched 491 m; S1D_20261010T103247_10410 medium 89 m unmatched 530 m; S1D_20261010T103247_10369 fixed 106 m matched 412402680 543 m; S1D_20261010T103247_10381 fixed 74 m unmatched 553 m,,False,report after 18 min away,live AIS relayed by aisstream.io; terms UNVERIFIED,"'Dark' means only that no AIS position was matched to this radar detection. It does not mean illegal. Many vessels are not required to carry AIS, AIS can be off for lawful reasons, and satellite AIS misses messages in busy coastal waters. Treat every unmatched detection as a lead for review, not as evidence of wrongdoing.",all_matched,confirmed,"at anchor at the edge of an anchorage; 44 m from the return, the next AIS vessel 205 m and the next return 167 m away; 95 m against 60 m",2026-10-10
S1D_20261010T103247_10426,S1D_IW_GRDH_1SDV_20261010T103247_20261010T103316_004952_009571_44B5,413345280,JUN FENG 889,,China (People's Republic of),cargo,A,"aisstream static message (ITU-R M.1371 msg 5 or 24) for name, call sign, IMO, type, length; flag from the MMSI MID (ITU table)",114.31659,22.24692,14431.213759223116,22818.603479169076,2026-10-10T10:33:09.262252Z,high,0.9721,322.5,84.0,3.84,62.9,246.5,-184.1,193.434705,medium,853.68025,5.5,sog_cog,extrap,2,-201.2,456.9,5.5,38.0,0,,,,,,114.316396,22.24746,114.316087,22.249098,63.2,1,752.0,"413293620 ? 752 m (L nan m, gate 989 m)",1,641.8,S1D_20261010T103247_10429 high 284 m matched 413293620 642 m,,False,no report after,live AIS relayed by aisstream.io; terms UNVERIFIED,"'Dark' means only that no AIS position was matched to this radar detection. It does not mean illegal. Many vessels are not required to carry AIS, AIS can be off for lawful reasons, and satellite AIS misses messages in busy coastal waters. Treat every unmatched detection as a lead for review, not as evidence of wrongdoing.",all_matched,confirmed,dead-reckoned 3.4 min from one report at 5.5 kn to 63 m from an isolated return; radar 322 m against 84 m is the smeared extent,2026-10-10
S1D_20261010T103247_10429,S1D_IW_GRDH_1SDV_20261010T103247_20261010T103316_004952_009571_44B5,413293620,XIN FENG TAI 668,,China (People's Republic of),,A,MMSI only: no static message recorded for it; name (if any) from position report metadata; flag from the MMSI MID (ITU table),114.31407,22.25283,14499.207429046917,22804.362122000195,2026-10-10T10:33:09.363880Z,high,0.9847,284.4,,,50.4,260.4,301.0,103.833838,high,988.7217938673497,7.599999904632568,sog_cog,interp,9,-111.7,322.5,7.599999904632568,231.8000030517578,0,118.7,661.3,7.5,217.8000030517578,0,114.313737,22.253156,114.314241,22.250484,49.9,1,641.3,"413345280 JUN FENG 889 641 m (L 84 m, gate 854 m)",1,751.3,S1D_20261010T103247_10426 high 322 m matched 413345280 751 m,,False,consistent,live AIS relayed by aisstream.io; terms UNVERIFIED,"'Dark' means only that no AIS position was matched to this radar detection. It does not mean illegal. Many vessels are not required to carry AIS, AIS can be off for lawful reasons, and satellite AIS misses messages in busy coastal waters. Treat every unmatched detection as a lead for review, not as evidence of wrongdoing.",all_matched,confirmed,the track passes the return and the 301 m shift brings the expected position to 50 m; no AIS length to compare,2026-10-10
S1D_20261010T103247_10709,S1D_IW_GRDH_1SDV_20261010T103247_20261010T103316_004952_009571_44B5,413314270,KAI HANG 128,,China (People's Republic of),,A,MMSI only: no static message recorded for it; name (if any) from position report metadata; flag from the MMSI MID (ITU table),113.77711,22.38088,16853.31270232977,17619.085850440024,2026-10-10T10:33:12.882385Z,high,0.9428,425.9,,,259.2,295.1,96.3,506.526456,medium,1104.4716754693986,9.399999618530273,sog_cog,extrap,1,-517.9,2725.1,9.399999618530273,335.0,0,,,,,,113.779627,22.380807,113.779796,22.379953,259.5,0,,,1,991.4,S1D_20261010T103247_10834 medium 20 m unmatched 991 m,,False,no report after,live AIS relayed by aisstream.io; terms UNVERIFIED,"'Dark' means only that no AIS position was matched to this radar detection. It does not mean illegal. Many vessels are not required to carry AIS, AIS can be off for lawful reasons, and satellite AIS misses messages in busy coastal waters. Treat every unmatched detection as a lead for review, not as evidence of wrongdoing.",all_matched,plausible,"dead-reckoned 8.6 min from one report at 9.4 kn (2.5 km); 259 m from an elongated return, the only one within 1 km; no AIS length to compare",2026-10-10
S1D_20261010T103247_10720,S1D_IW_GRDH_1SDV_20261010T103247_20261010T103316_004952_009571_44B5,412479780,JIN ZHU HU,BYNU,China (People's Republic of),code 0,A,"aisstream static message (ITU-R M.1371 msg 5 or 24) for name, call sign, IMO, type, length; flag from the MMSI MID (ITU table)",113.84417,22.41817,17130.278507267125,18370.56565483939,2026-10-10T10:33:13.296376Z,high,0.9856,109.9,41.0,2.68,441.7,651.2,-834.0,483.441752,low,2000.0,29.899999618530273,sog_cog,extrap,7,,,,,,471.6,6612.3,29.899999618530273,127.30000305175781,0,113.841392,22.415126,113.839935,22.422536,442.4,0,,,1,784.5,S1D_20261010T103247_10845 medium 32 m unmatched 785 m,,False,no report before,live AIS relayed by aisstream.io; terms UNVERIFIED,"'Dark' means only that no AIS position was matched to this radar detection. It does not mean illegal. Many vessels are not required to carry AIS, AIS can be off for lawful reasons, and satellite AIS misses messages in busy coastal waters. Treat every unmatched detection as a lead for review, not as evidence of wrongdoing.",all_matched,doubtful,"dead-reckoned 7.9 min back from a single report at 29.9 kn (7.3 km); the return lies 442 m from that estimate, well inside its error; the pairing cannot be told from chance",2026-10-10
S1D_20261010T103247_10782,S1D_IW_GRDH_1SDV_20261010T103247_20261010T103316_004952_009571_44B5,413239730,JIANXIN19,BPHF4,China (People's Republic of),cargo,A,"aisstream static message (ITU-R M.1371 msg 5 or 24) for name, call sign, IMO, type, length; flag from the MMSI MID (ITU table)",113.74969,22.4891,18064.44189714909,17559.95178323335,2026-10-10T10:33:14.692629Z,high,0.9824,440.1,158.0,2.79,57.3,49.4,-8.0,510.704253,medium,1098.041162265301,9.300000190734863,sog_cog,extrap,4,-523.9,2563.0,9.300000190734863,350.70001220703125,0,,,,,,113.749871,22.488617,113.749857,22.488687,56.7,0,,,4,296.2,S1D_20261010T103247_10786 high 40 m unmatched 296 m; S1D_20261010T103247_10863 medium 100 m unmatched 483 m; S1D_20261010T103247_10788 high 151 m unmatched 497 m; S1D_20261010T103247_10791 high 140 m unmatched 517 m,,False,no report after,live AIS relayed by aisstream.io; terms UNVERIFIED,"'Dark' means only that no AIS position was matched to this radar detection. It does not mean illegal. Many vessels are not required to carry AIS, AIS can be off for lawful reasons, and satellite AIS misses messages in busy coastal waters. Treat every unmatched detection as a lead for review, not as evidence of wrongdoing.",all_matched,confirmed,dead-reckoned 8.7 min from one report at 9.3 kn yet only 57 m from a bright return; next return 296 m away; 440 m against 158 m,2026-10-10
S1D_20261010T103247_10873,S1D_IW_GRDH_1SDV_20261010T103247_20261010T103316_004952_009571_44B5,413268980,DA WAN QU ER HAO,BOOC8,China (People's Republic of),passenger,A,"aisstream static message (ITU-R M.1371 msg 5 or 24) for name, call sign, IMO, type, length; flag from the MMSI MID (ITU table)",113.8673,22.36671,16535.774613931542,18501.37159505021,2026-10-10T10:33:12.407789Z,high,0.9619,380.0,72.0,5.28,130.3,165.0,-252.8,97.373749,low,1091.6105877346993,9.199999809265137,sog_cog,interp,8,-193.6,1048.7,12.699999809265137,28.0,0,86.5,600.3,9.199999809265137,30.899999618530273,0,113.866766,22.365644,113.866326,22.367887,130.4,0,,,0,,,,False,length ratio 5.28,live AIS relayed by aisstream.io; terms UNVERIFIED,"'Dark' means only that no AIS position was matched to this radar detection. It does not mean illegal. Many vessels are not required to carry AIS, AIS can be off for lawful reasons, and satellite AIS misses messages in busy coastal waters. Treat every unmatched detection as a lead for review, not as evidence of wrongdoing.",all_matched,plausible,"the AIS track passes through the return and the expected position lies 130 m from it, but the radar extent 380 m against 72 m (5.3 times) is far outside the bands: a smeared or merged return",2026-10-10
S1D_20261010T103247_10880,S1D_IW_GRDH_1SDV_20261010T103247_20261010T103316_004952_009571_44B5,563053700,INTERASIA PROGRESS,9V9662,Singapore (Republic of),cargo,A,"aisstream static message (ITU-R M.1371 msg 5 or 24) for name, call sign, IMO, type, length; flag from the MMSI MID (ITU table)",113.88835,22.40832,16943.654345527357,18796.10122606255,2026-10-10T10:33:13.017443Z,high,0.9961,379.5,211.0,1.8,74.7,76.2,-1.8,4.095505,high,795.8052938673496,4.599999904632568,sog_cog,interp,22,-7.4,91.9,4.599999904632568,169.0,0,172.5,407.0,5.800000190734863,166.0,0,113.887851,22.408807,113.887848,22.408823,74.6,4,498.4,"413907368 YIHANG618 498 m (L 50 m, gate 1079 m); 413243010 DA WAN QU YI HAO 809 m (L 72 m, gate 1259 m); 413490210 PENG XING 21 946 m (L 40 m, gate 2000 m); 538006520 TOMINI DESTINY 980 m (L 199 m, gate 506 m)",5,138.4,S1D_20261010T103247_10882 high 24 m unmatched 138 m; S1D_20261010T103247_10881 high 140 m unmatched 383 m; S1D_20261010T103247_11084 medium 53 m unmatched 658 m; S1D_20261010T103247_10886 high 82 m unmatched 918 m; S1D_20261010T103247_10888 high 54 m matched 413490210 987 m,,False,consistent,live AIS relayed by aisstream.io; terms UNVERIFIED,"'Dark' means only that no AIS position was matched to this radar detection. It does not mean illegal. Many vessels are not required to carry AIS, AIS can be off for lawful reasons, and satellite AIS misses messages in busy coastal waters. Treat every unmatched detection as a lead for review, not as evidence of wrongdoing.",all_matched,confirmed,the track passes through a bright return 75 m from the expected position; the 24 m return 138 m away is too short to be a 211 m ship (held back as ambiguous before the length rule),2026-10-10
S1D_20261010T103247_10884,S1D_IW_GRDH_1SDV_20261010T103247_20261010T103316_004952_009571_44B5,412206790,,,China (People's Republic of),cargo,A,"aisstream static message (ITU-R M.1371 msg 5 or 24) for name, call sign, IMO, type, length; flag from the MMSI MID (ITU table)",113.89432,22.41892,17046.433340817253,18877.271864784743,2026-10-10T10:33:13.171066Z,high,0.9774,369.8,84.0,4.4,73.4,48.4,-43.2,11.854454,low,872.9719122653007,5.800000190734863,sog_cog,interp,15,-23.5,79.6,5.800000190734863,159.3000030517578,1,256.2,791.7,6.0,157.89999389648438,1,113.893979,22.418336,113.893905,22.418719,73.6,1,796.2,"413490210 PENG XING 21 796 m (L 40 m, gate 2000 m)",2,740.4,S1D_20261010T103247_10888 high 54 m matched 413490210 740 m; S1D_20261010T103247_10892 high 170 m unmatched 943 m,,False,length ratio 4.40,live AIS relayed by aisstream.io; terms UNVERIFIED,"'Dark' means only that no AIS position was matched to this radar detection. It does not mean illegal. Many vessels are not required to carry AIS, AIS can be off for lawful reasons, and satellite AIS misses messages in busy coastal waters. Treat every unmatched detection as a lead for review, not as evidence of wrongdoing.",all_matched,plausible,the track passes through a bright return 73 m from the expected position; the radar extent 370 m against 84 m is sidelobe spread; no name heard,2026-10-10
S1D_20261010T103247_10888,S1D_IW_GRDH_1SDV_20261010T103247_20261010T103316_004952_009571_44B5,413490210,PENG XING 21,BRYG,China (People's Republic of),high speed craft,A,"aisstream static message (ITU-R M.1371 msg 5 or 24) for name, call sign, IMO, type, length; flag from the MMSI MID (ITU table)",113.88683,22.41766,17046.673797935247,18799.30173200369,2026-10-10T10:33:13.171424Z,high,0.9721,54.5,40.0,1.36,99.4,833.0,-932.1,97.982477,medium,2000.0,27.899999618530273,sog_cog,interp,4,-481.7,6323.0,27.899999618530273,53.400001525878906,0,86.3,1890.8,27.899999618530273,42.599998474121094,0,113.886949,22.416769,113.885335,22.425046,99.5,4,323.0,"413243010 DA WAN QU YI HAO 323 m (L 72 m, gate 1259 m); 412206790 ? 740 m (L 84 m, gate 873 m); 563131800 WAN HAI 523 836 m (L 269 m, gate 757 m); 563053700 INTERASIA PROGRESS 987 m (L 211 m, gate 796 m)",6,315.3,S1D_20261010T103247_10886 high 82 m unmatched 315 m; S1D_20261010T103247_11084 medium 53 m unmatched 421 m; S1D_20261010T103247_10882 high 24 m unmatched 769 m; S1D_20261010T103247_10884 high 370 m matched 412206790 796 m; S1D_20261010T103247_10880 high 380 m matched 563053700 947 m; S1D_20261010T103247_10881 high 140 m unmatched 996 m,,False,consistent,live AIS relayed by aisstream.io; terms UNVERIFIED,"'Dark' means only that no AIS position was matched to this radar detection. It does not mean illegal. Many vessels are not required to carry AIS, AIS can be off for lawful reasons, and satellite AIS misses messages in busy coastal waters. Treat every unmatched detection as a lead for review, not as evidence of wrongdoing.",all_matched,plausible,"a 28 kn craft: the 932 m shift brings the expected position to 99 m from the return, but a 30 % error in that shift would reach other returns 315 m away",2026-10-10
S1D_20261010T103247_10980,S1D_IW_GRDH_1SDV_20261010T103247_20261010T103316_004952_009571_44B5,413575950,ZHONG ZHENG 009,,China (People's Republic of),dredging or underwater ops,A,"aisstream static message (ITU-R M.1371 msg 5 or 24) for name, call sign, IMO, type, length; flag from the MMSI MID (ITU table)",113.85905,22.46317,17585.871018126607,18609.685084223747,2026-10-10T10:33:13.977344Z,fixed,0.9496,141.4,77.0,1.84,53.0,53.0,0.0,485.866298,high,500.0,0.0,sog_cog,extrap,7,-498.3,52.7,0.0,240.60000610351562,0,,,,,,113.858707,22.462818,113.858707,22.462818,52.6,1,160.3,"413575960 ZHONG ZHENG 007 160 m (L 77 m, gate 500 m)",18,193.8,S1D_20261010T103247_10983 fixed 50 m unmatched 194 m; S1D_20261010T103247_11417 fixed 113 m matched 413575960 249 m; S1D_20261010T103247_11372 medium 139 m unmatched 452 m; S1D_20261010T103247_11369 medium 140 m unmatched 473 m; S1D_20261010T103247_10987 fixed 175 m unmatched 473 m; S1D_20261010T103247_10981 high 94 m unmatched 599 m,,False,no report after,live AIS relayed by aisstream.io; terms UNVERIFIED,"'Dark' means only that no AIS position was matched to this radar detection. It does not mean illegal. Many vessels are not required to carry AIS, AIS can be off for lawful reasons, and satellite AIS misses messages in busy coastal waters. Treat every unmatched detection as a lead for review, not as evidence of wrongdoing.",all_matched,plausible,"dredger at rest on a fixed return inside a cluster of dredging returns (18 within 1 km); 53 m, and its sister ZHONG ZHENG 007's AIS position 160 m away",2026-10-10
S1D_20261010T103247_11061,S1D_IW_GRDH_1SDV_20261010T103247_20261010T103316_004952_009571_44B5,636024437,JASPER COSMOPOLITAN,5LSP5,Liberia (Republic of),pilot vessel,A,"aisstream static message (ITU-R M.1371 msg 5 or 24) for name, call sign, IMO, type, length; flag from the MMSI MID (ITU table)",113.84255,22.48623,17863.41874412974,18489.503573337242,2026-10-10T10:33:14.392185Z,fixed,0.8749,245.1,105.0,2.33,37.9,37.9,0.0,0.329324,high,500.0,0.0,sog_cog,interp,10,-13.2,37.4,0.0,236.39999389648438,5,167.6,42.4,0.0,244.3000030517578,5,113.842203,22.486333,113.842203,22.486333,37.5,0,,,6,431.6,S1D_20261010T103247_11062 high 43 m unmatched 432 m; S1D_20261010T103247_11066 high 44 m unmatched 589 m; S1D_20261010T103247_11063 high 90 m unmatched 738 m; S1D_20261010T103247_11056 fixed 82 m unmatched 837 m; S1D_20261010T103247_11037 high 110 m unmatched 879 m; S1D_20261010T103247_11030 high 80 m unmatched 959 m,,False,consistent,live AIS relayed by aisstream.io; terms UNVERIFIED,"'Dark' means only that no AIS position was matched to this radar detection. It does not mean illegal. Many vessels are not required to carry AIS, AIS can be off for lawful reasons, and satellite AIS misses messages in busy coastal waters. Treat every unmatched detection as a lead for review, not as evidence of wrongdoing.",all_matched,plausible,"at rest on an isolated bright return, reports 13 s before and 2.8 min after within 42 m; no other AIS vessel within 1 km; but the return is fixed (bright here on the two earlier passes) and those passes cannot be tied to this vessel without AIS from those dates, so a structure cannot be ruled out (a match on a fixed return is at most plausible)",2026-10-10
S1D_20261010T103247_11417,S1D_IW_GRDH_1SDV_20261010T103247_20261010T103316_004952_009571_44B5,413575960,ZHONG ZHENG 007,,China (People's Republic of),dredging or underwater ops,A,"aisstream static message (ITU-R M.1371 msg 5 or 24) for name, call sign, IMO, type, length; flag from the MMSI MID (ITU table)",113.86022,22.46457,17598.669545231387,18624.22619906999,2026-10-10T10:33:13.996474Z,fixed,0.8754,112.7,77.0,1.46,54.0,54.0,0.0,169.955934,high,500.0,0.0,sog_cog,extrap,15,-182.5,53.7,0.0,263.3999938964844,8,,,,,,113.859707,22.464482,113.859707,22.464482,53.8,1,248.9,"413575950 ZHONG ZHENG 009 249 m (L 77 m, gate 500 m)",19,160.3,S1D_20261010T103247_10980 fixed 141 m matched 413575950 160 m; S1D_20261010T103247_10983 fixed 50 m unmatched 201 m; S1D_20261010T103247_10987 fixed 175 m unmatched 262 m; S1D_20261010T103247_10989 fixed 130 m unmatched 447 m; S1D_20261010T103247_10981 high 94 m unmatched 453 m; S1D_20261010T103247_10984 high 30 m unmatched 454 m,,False,no report after,live AIS relayed by aisstream.io; terms UNVERIFIED,"'Dark' means only that no AIS position was matched to this radar detection. It does not mean illegal. Many vessels are not required to carry AIS, AIS can be off for lawful reasons, and satellite AIS misses messages in busy coastal waters. Treat every unmatched detection as a lead for review, not as evidence of wrongdoing.",all_matched,plausible,"dredger at rest on a fixed return inside the dredging cluster; 54 m, the next AIS vessel 249 m away",2026-10-10
